name,address,city_and_postal_code,LHIN,licensee,home_type,beds,short_stay,residents_council,family_council,accreditation,postal_code,number_of_beds,first_inspection_date,total_inspections,5y_inspections,2y_inspections,total_complaints,5y_complaints,2y_complaints,total_critical,5y_critical,2y_critical,total_withOrders,5y_withOrders,2y_withOrders,Report_Data_Extracted,Beds,Total_LTC_Resident_Deaths,outbreak_status,Total_LTC_Resident_Cases,Total_LTC_HCW_Cases
AFTON PARK PLACE LONG TERM CARE COMMUNITY,1200 Afton Drive,"Sarnia, N7S6L6",Erie St. Clair,S & R Nursing Homes Ltd.,For-Profit,Home with approximately 128 beds,No,Yes,Yes,Yes, N7S6L6,128,2010-09-16,68,35,10,30.0,16.0,4.0,28.0,13.0,5.0,5.0,2.0,,2020-06-22,128.0,0,active,0.0,<5
"ALBRIGHT GARDENS HOMES, INCORPORATED",5050 Hillside Drive,"Beamsville, L0R1B2",Hamilton Niagara Haldimand Brant (Hnhb),"Albright Gardens Homes, Incorporated",Non-Profit,Home with approximately 231 beds,No,Yes,Yes,No, L0R1B2,231,2010-11-03,40,26,16,18.0,10.0,6.0,13.0,8.0,7.0,7.0,7.0,3.0,2020-04-24,231.0,0,active,<5,<5
ALEXANDER PLACE,329 Parkside Drive P. O.  Box 50,"Waterdown, L0R2H0",Hamilton Niagara Haldimand Brant (Hnhb),Waterdown Long Term Care Centre Inc.,For-Profit,Home with approximately 128 beds,Yes,Yes,Yes,Yes, L0R2H0,128,2010-08-17,28,17,8,11.0,6.0,3.0,8.0,5.0,2.0,4.0,4.0,2.0,2020-05-19,128.0,0,active,<5,0.0
ALLENDALE,185 Ontario Street South,"Milton, L9T2M4",Mississauga Halton,The Regional Municipality Of Halton,Municipal,Home with approximately 200 beds,No,Yes,Yes,Yes, L9T2M4,200,2010-09-14,39,21,16,16.0,9.0,6.0,14.0,6.0,6.0,11.0,7.0,6.0,2020-04-24,200.0,0,inactive,,
ALMONTE COUNTRY HAVEN,333 Country Street P.O. Box 250,"Almonte, K0A1A0",Champlain,0760444 B.C. Ltd. As General Partner On Behalf Of Omni Health Care Limited Partnership,For-Profit,Home with approximately 82 beds,No,Yes,Yes,Yes, K0A1A0,82,2010-11-09,50,28,11,22.0,12.0,4.0,20.0,12.0,6.0,3.0,2.0,1.0,2020-04-24,82.0,25,active,44.0,17.0
ALTAMONT CARE COMMUNITY,92 Island Road,"Scarborough, M1C2P5",Central East,Vigour Limited Partnership On Behalf Of Vigour General Partner Inc.,For-Profit,Home with approximately 159 beds,Yes,Yes,Yes,Yes, M1C2P5,159,2010-09-16,36,22,15,13.0,6.0,6.0,14.0,9.0,5.0,10.0,10.0,6.0,2020-04-24,159.0,32,active,125.0,45.0
ANSON PLACE CARE CENTRE,85 Main Street North,"Hagersville, N0A1H0",Hamilton Niagara Haldimand Brant (Hnhb),Rykka Care Centres Lp,For-Profit,Home with approximately 61 beds,Yes,Yes,No,Yes, N0A1H0,61,2011-10-19,22,12,6,11.0,5.0,3.0,6.0,4.0,3.0,1.0,,,2020-04-24,61.0,23,active,28.0,33.0
ARBOUR CREEK LONG-TERM CARE CENTRE,2717 King Street East,"Hamilton, L8G1J3",Hamilton Niagara Haldimand Brant (Hnhb),Rykka Care Centres Gp Inc.,For-Profit,Home with approximately 129 beds,No,Yes,No,No, L8G1J3,129,2010-08-17,60,20,14,29.0,8.0,7.0,14.0,3.0,3.0,16.0,6.0,3.0,2020-05-11,129.0,0,active,0.0,<5
AVALON RETIREMENT CENTRE,355 Broadway Avenue,"Orangeville, L9W3Y3",Central West,488491 Ontario Inc.,For-Profit,Home with approximately 137 beds,Yes,Yes,Yes,Yes, L9W3Y3,137,2011-11-08,31,17,11,15.0,8.0,5.0,9.0,4.0,4.0,7.0,5.0,3.0,2020-05-07,137.0,0,active,0.0,<5
BANWELL GARDENS CARE CENTRE,3000 Banwell Road,"Tecumseh, N8N2M4",Erie St. Clair,Rykka Care Centres Lp,For-Profit,Home with approximately 142 beds,Yes,Yes,Yes,Yes, N8N2M4,142,2010-10-07,74,36,16,34.0,23.0,11.0,31.0,8.0,3.0,3.0,3.0,,2020-05-13,142.0,0,active,0.0,<5
BAY RIDGES,900 Sandy Beach Road,"Pickering, L1W1Z4",Central East,Axr Operating (National) Lp,For-Profit,Home with approximately 124 beds,No,Yes,Yes,Yes, L1W1Z4,124,2010-09-10,54,27,13,28.0,13.0,8.0,18.0,7.0,3.0,5.0,5.0,,2020-04-24,124.0,0,active,0.0,<5
BELMONT HOUSE,55 Belmont Street,"Toronto, M5R1R1",Toronto Central,Toronto Aged Men's And Women's Homes,Non-Profit,Home with approximately 140 beds,No,Yes,Yes,Yes, M5R1R1,140,2011-09-06,13,8,6,2.0,,,4.0,3.0,3.0,2.0,2.0,2.0,2020-04-24,140.0,0,active,0.0,<5
BELMONT LONG TERM CARE FACILITY,250 Bridge Street West,"Belleville, K8P5N3",South East,Belcrest Nursing Homes Limited,For-Profit,Home with approximately 128 beds,No,Yes,No,Yes, K8P5N3,128,2010-08-10,37,22,10,11.0,3.0,1.0,17.0,13.0,7.0,3.0,1.0,,2020-04-29,128.0,0,active,12.0,0.0
BELVEDERE HEIGHTS,21 Belvedere Avenue,"Parry Sound, P2A2A2",North East,Board Of Management Of The District Of Parry Sound West,Municipal,Home with approximately 101 beds,No,Yes,Yes,Yes, P2A2A2,101,2010-12-07,44,27,17,16.0,7.0,5.0,12.0,9.0,7.0,17.0,11.0,4.0,2020-07-03,101.0,0,active,0.0,<5
BENDALE ACRES,2920 Lawrence Avenue East,"Scarborough, M1P2T8",Central East,Toronto Long-term Care Homes And Services,Municipal,Home with approximately 302 beds,Yes,Yes,Yes,Yes, M1P2T8,302,2010-07-23,37,19,12,17.0,8.0,6.0,13.0,6.0,5.0,6.0,4.0,2.0,2020-04-24,302.0,0,active,0.0,<5
BENNETT HEALTH CARE CENTRE,1 Princess Anne Drive,"Georgetown, L7G2B8",Mississauga Halton,Bennett Centre Long Term Care At Bennett Village,Non-Profit,Home with approximately 66 beds,No,Yes,Yes,Yes, L7G2B8,66,2011-02-09,26,16,8,9.0,4.0,3.0,9.0,5.0,4.0,6.0,6.0,3.0,2020-05-17,66.0,0,active,<5,0.0
BERKSHIRE CARE CENTRE,350 Dougall Avenue,"Windsor, N9A4P4",Erie St. Clair,Rykka Care Centres Lp,For-Profit,Home with approximately 231 beds,No,Yes,Yes,Yes, N9A4P4,231,2010-09-09,174,74,27,94.0,34.0,9.0,60.0,27.0,13.0,12.0,8.0,4.0,2020-05-06,231.0,0,active,0.0,<5
BETHANY LODGE,23 Second Street,"Markham, L3R2C2",Central,Bethany Lodge,Non-Profit,Home with approximately 128 beds,No,Yes,Yes,No, L3R2C2,128,2011-03-28,18,14,6,2.0,1.0,1.0,6.0,6.0,3.0,4.0,4.0,1.0,2020-04-24,128.0,<5,active,<5,<5
BILLINGS COURT MANOR,3700 Billings Court,"Burlington, L7N3N6",Hamilton Niagara Haldimand Brant (Hnhb),Maryban Holdings Ltd.,For-Profit,Home with approximately 160 beds,No,Yes,Yes,Yes, L7N3N6,160,2010-08-10,26,18,10,8.0,5.0,4.0,6.0,5.0,4.0,8.0,7.0,4.0,2020-06-19,160.0,0,active,<5,0.0
BLACKADAR CONTINUING CARE CENTRE,101 Creighton Road,"Dundas, L9H3B7",Hamilton Niagara Haldimand Brant (Hnhb),Blackadar Continuing Care Centre Inc.,For-Profit,Home with approximately 80 beds,No,Yes,No,No, L9H3B7,80,2010-08-24,32,20,10,10.0,3.0,1.0,5.0,4.0,3.0,11.0,9.0,6.0,2020-05-11,80.0,0,active,<5,0.0
BLUE WATER REST HOME,37792 Zurich-Hensall RD,"Zurich, N0M2T0",South West,Blue Water Rest Home,Non-Profit,Home with approximately 65 beds,No,Yes,No,No, N0M2T0,65,2010-10-27,22,14,5,6.0,3.0,,9.0,6.0,4.0,1.0,1.0,,2020-04-27,65.0,0,active,<5,0.0
BONNECHERE MANOR,470 Albert Street,"Renfrew, K7V4L5",Champlain,County Of Renfrew,Municipal,Home with approximately 180 beds,Yes,Yes,Yes,Yes, K7V4L5,180,2010-09-23,45,20,13,15.0,6.0,5.0,22.0,9.0,6.0,3.0,1.0,1.0,2020-05-11,180.0,0,active,0.0,<5
BRADFORD VALLEY CARE COMMUNITY,2656 6th Line,"Bradford, L3Z3H5",Central,Specialty Care - Bradford Inc.,For-Profit,Home with approximately 246 beds,No,Yes,Yes,Yes, L3Z3H5,246,2011-01-10,40,19,8,20.0,8.0,3.0,14.0,7.0,4.0,10.0,7.0,2.0,2020-04-24,246.0,7,active,20.0,10.0
BRAEMAR RETIREMENT CENTRE,"719 Josephine Street North,  R.R. #1 P.O. Box 1060","Wingham, N0G2W0",South West,Macgowan Nursing Homes Ltd.,For-Profit,Home with approximately 69 beds,No,Yes,No,Yes, N0G2W0,69,2010-08-24,39,14,6,18.0,7.0,2.0,10.0,3.0,3.0,13.0,6.0,1.0,2020-05-01,69.0,0,active,0.0,<5
BRIERWOOD GARDENS,425 Park Road North,"Brantford, N3R7G5",Hamilton Niagara Haldimand Brant (Hnhb),Revera Long Term Care Inc.,For-Profit,Home with approximately 79 beds,No,Yes,Yes,Yes, N3R7G5,79,2010-11-08,55,15,9,20.0,3.0,1.0,13.0,5.0,4.0,26.0,7.0,4.0,2020-07-13,79.0,0,active,0.0,<5
BRUCELEA HAVEN LONG TERM CARE HOME - CORPORATION OF THE COUNTY OF BRUCE,41 McGivern Street West P.O. Box 1600,"Walkerton, N0G2V0",South West,Corporation Of The County Of Bruce,Municipal,Home with approximately 144 beds,No,Yes,No,No, N0G2V0,144,2010-09-08,79,28,17,33.0,6.0,2.0,22.0,6.0,2.0,14.0,11.0,9.0,2020-04-28,144.0,0,active,0.0,<5
BURTON MANOR,5 Sterritt Drive,"Brampton, L6Y5P3",Central West,1245556 Ontario Inc.,For-Profit,Home with approximately 128 beds,No,Yes,Yes,Yes, L6Y5P3,128,2010-09-22,27,9,6,11.0,2.0,1.0,8.0,3.0,3.0,6.0,3.0,2.0,2020-04-24,128.0,0,active,22.0,8.0
CAMA WOODLANDS NURSING HOME,159 Panin Road,"Burlington, L7P5A6",Hamilton Niagara Haldimand Brant (Hnhb),The Central Canadian District Of The Christian And Missionary Alliance In Canada,Non-Profit,Home with approximately 134 beds,No,Yes,Yes,No, L7P5A6,134,2010-12-08,17,11,3,1.0,1.0,,5.0,4.0,2.0,6.0,5.0,2.0,2020-06-10,134.0,0,active,0.0,<5
CAMILLA CARE COMMUNITY,2250 Hurontario Street,"Mississauga, L5B1M8",Mississauga Halton,Vigour Limited Partnership On Behalf Of Vigour General Partner Inc.,For-Profit,Home with approximately 237 beds,Yes,Yes,Yes,Yes, L5B1M8,237,2010-08-17,57,29,15,27.0,13.0,7.0,17.0,6.0,3.0,9.0,7.0,4.0,2020-04-24,236.0,7,active,114.0,29.0
CAREFREE LODGE,306 Finch Avenue East,"North York, M2N4S5",Central,Toronto Long-term Care Homes And Services,Municipal,Home with approximately 127 beds,No,Yes,Yes,Yes, M2N4S5,127,2011-11-21,20,14,9,8.0,4.0,3.0,3.0,3.0,3.0,5.0,3.0,2.0,2020-05-01,127.0,0,active,<5,0.0
CARESSANT CARE COURTLAND,4850 Hwy #59 P.O. Box 279,"Courtland, N0J1E0",South West,Caressant-care Nursing And Retirement Homes Limited,For-Profit,Home with approximately 55 beds,No,Yes,No,Yes, N0J1E0,55,2010-11-30,34,13,9,11.0,4.0,4.0,16.0,5.0,4.0,3.0,1.0,,2020-04-26,55.0,0,active,0.0,<5
CARESSANT CARE FERGUS NURSING HOME,450 Queen Street East,"Fergus, N1M2Y7",Waterloo Wellington,Caressant-care Nursing And Retirement Homes Limited,For-Profit,Home with approximately 87 beds,No,Yes,Yes,Yes, N1M2Y7,87,2010-10-04,71,48,29,26.0,12.0,7.0,16.0,11.0,6.0,27.0,23.0,14.0,2020-04-24,87.0,0,active,<5,0.0
CARESSANT CARE LINDSAY NURSING HOME,240 Mary Street West,"Lindsay, K9V5K5",Central East,Caressant-care Nursing And Retirement Homes Limited,For-Profit,Home with approximately 124 beds,No,Yes,No,Yes, K9V5K5,124,2010-08-12,51,27,14,23.0,9.0,5.0,17.0,11.0,6.0,6.0,4.0,3.0,2020-05-07,124.0,0,active,<5,<5
CARESSANT CARE ON BONNIE PLACE,15 Bonnie Place,"St Thomas, N5R5T8",South West,Caressant-care Nursing And Retirement Homes Limited,For-Profit,Home with approximately 116 beds,No,Yes,No,Yes, N5R5T8,116,2010-07-08,90,37,18,33.0,17.0,5.0,45.0,13.0,10.0,12.0,9.0,6.0,2020-04-24,116.0,0,active,0.0,<5
CARLETON LODGE,55 Lodge Road R. R. #2,"Nepean, K2C3H1",Champlain,City Of Ottawa,Municipal,Home with approximately 161 beds,No,Yes,Yes,Yes, K2C3H1,161,2011-09-01,29,23,10,6.0,4.0,2.0,16.0,14.0,6.0,2.0,1.0,,2020-07-27,161.0,0,active,0.0,<5
CARLINGVIEW MANOR,2330 Carling Avenue,"Ottawa, K2B7H1",Champlain,Carlingview Manor Operating Inc.,For-Profit,Home with approximately 303 beds,No,Yes,Yes,Yes, K2B7H1,303,2010-08-25,107,59,33,52.0,30.0,16.0,40.0,19.0,11.0,14.0,7.0,6.0,2020-04-24,303.0,<5,active,32.0,5.0
CASE MANOR CARE COMMUNITY,28 Boyd Street P.O. Box 670,"Bobcaygeon, K0M1A0",Central East,Specialty Care Case Manor Inc.,For-Profit,Home with approximately 96 beds,No,Yes,Yes,Yes, K0M1A0,96,2011-09-19,24,17,9,7.0,4.0,1.0,11.0,8.0,6.0,2.0,2.0,1.0,2020-04-27,96.0,0,active,6.0,6.0
CASSELLHOLME,400 Olive Street,"North Bay, P1B6J4",North East,Board Of Management Of The District Of Nipissing East,Municipal,Home with approximately 240 beds,Yes,Yes,Yes,Yes, P1B6J4,240,2011-04-12,49,27,18,20.0,9.0,7.0,18.0,9.0,8.0,10.0,8.0,3.0,2020-05-04,240.0,0,active,<5,0.0
CASTLEVIEW WYCHWOOD TOWERS,351 Christie Street,"Toronto, M6G3C3",Toronto Central,Toronto Long-term Care Homes And Services,Municipal,Home with approximately 456 beds,Yes,Yes,Yes,Yes, M6G3C3,456,2010-10-05,80,29,14,37.0,13.0,6.0,21.0,9.0,6.0,21.0,6.0,1.0,2020-04-24,456.0,0,active,0.0,<5
CAWTHRA GARDENS,590 Lolita Gardens,"Mississauga, L5A4N8",Mississauga Halton,Delcare Ltc Inc.,For-Profit,Home with approximately 192 beds,No,Yes,Yes,Yes, L5A4N8,192,2010-11-17,27,17,7,11.0,6.0,2.0,10.0,6.0,4.0,5.0,5.0,1.0,2020-05-13,192.0,0,active,0.0,<5
CEDARVALE TERRACE,429 Walmer Road,"Toronto, M5P2X9",Toronto Central,Cedarvale Terrace Ltc Inc. As General Partner Of Cedarvale Terrace Ltc Limited Partnership,For-Profit,Home with approximately 218 beds,Yes,Yes,Yes,Yes, M5P2X9,218,2010-09-02,65,25,16,40.0,14.0,10.0,11.0,6.0,5.0,16.0,7.0,6.0,2020-04-24,218.0,0,active,0.0,<5
CEDARWOOD VILLAGE,500 Queensway West,"Simcoe, N3Y4R4",Hamilton Niagara Haldimand Brant (Hnhb),Maplewood Nursing Home Limited,For-Profit,Home with approximately 91 beds,Yes,Yes,Yes,Yes, N3Y4R4,91,2010-11-08,36,27,15,14.0,8.0,5.0,7.0,7.0,4.0,15.0,13.0,7.0,2020-05-22,90.0,0,active,0.0,<5
CENTRE D'ACCUEIL CHAMPLAIN,275 Perrier Street,"Vanier, K1L5C6",Champlain,City Of Ottawa,Municipal,Home with approximately 160 beds,No,Yes,Yes,Yes, K1L5C6,160,2010-09-09,128,92,50,34.0,20.0,6.0,64.0,42.0,28.0,22.0,22.0,12.0,2020-05-03,160.0,0,active,0.0,<5
CENTRE D'ACCUEIL ROGER SEGUIN,435 Lemay Street,"Clarence Creek, K0A1N0",Champlain,Centre D'accueil Roger Seguin,Non-Profit,Home with approximately 110 beds,Yes,Yes,Yes,No, K0A1N0,110,2011-11-01,51,30,20,8.0,2.0,,19.0,14.0,14.0,16.0,8.0,4.0,2020-04-24,113.0,0,active,0.0,<5
CHARTWELL AURORA LONG TERM CARE RESIDENCE,32 Mill Street,"Aurora, L4G2R9",Central,Chartwell Master Care Lp,For-Profit,Home with approximately 235 beds,Yes,Yes,Yes,Yes, L4G2R9,235,2010-08-18,30,15,10,16.0,7.0,6.0,7.0,3.0,3.0,1.0,,,2020-04-24,235.0,<5,active,25.0,<5
CHARTWELL BALLYCLIFFE LONG TERM CARE RESIDENCE,70 Station Street,"Ajax, L1S1R9",Central East,Chartwell Master Care Lp,For-Profit,Home with approximately 100 beds,No,Yes,Yes,Yes, L1S1R9,100,2010-09-10,66,44,8,28.0,21.0,4.0,19.0,13.0,3.0,12.0,5.0,,2020-04-24,100.0,18,active,53.0,28.0
CHARTWELL BRANT CENTRE LONG TERM CARE RESIDENCE,1182 Northshore Blvd. East,"Burlington, L7S1C5",Hamilton Niagara Haldimand Brant (Hnhb),Regency Ltc Operating Limited Partnership On Behalf Of Regency Operator Gp Inc. As General Partner,For-Profit,Home with approximately 175 beds,No,Yes,Yes,Yes, L7S1C5,175,2010-10-05,43,14,7,21.0,7.0,4.0,16.0,3.0,3.0,2.0,1.0,,2020-05-16,175.0,0,active,<5,0.0
CHARTWELL ELMIRA LONG TERM CARE RESIDENCE,11 Herbert Street,"Elmira, N3B2B8",Waterloo Wellington,Chartwell Master Care Lp,For-Profit,Home with approximately 48 beds,No,Yes,No,Yes, N3B2B8,48,2011-10-13,18,10,5,1.0,1.0,1.0,10.0,5.0,3.0,2.0,1.0,1.0,2020-04-28,48.0,0,active,<5,0.0
CHARTWELL GIBSON LONG TERM CARE RESIDENCE,1925 Steeles Avenue East,"North York, M2H2H3",Central,Chartwell Master Care Lp,For-Profit,Home with approximately 202 beds,No,Yes,No,Yes, M2H2H3,202,2010-12-13,58,11,6,20.0,2.0,1.0,21.0,4.0,4.0,9.0,1.0,,2020-04-24,202.0,8,active,30.0,6.0
CHARTWELL PINE GROVE LONG TERM CARE RESIDENCE,8403 Islington Avenue North,"Woodbridge, L4L1X3",Central West,Chartwell Master Care Lp,For-Profit,Home with approximately 101 beds,Yes,Yes,Yes,Yes, L4L1X3,101,2011-07-25,16,11,6,6.0,1.0,1.0,4.0,4.0,3.0,1.0,1.0,1.0,2020-04-24,96.0,0,active,0.0,<5
CHARTWELL ROYAL OAK LONG TERM CARE RESIDENCE,1750 Division Road North,"Kingsville, N9Y4G7",Erie St. Clair,Chartwell Master Care Lp,For-Profit,Home with approximately 160 beds,No,Yes,Yes,Yes, N9Y4G7,160,2010-08-23,76,44,18,37.0,19.0,7.0,31.0,18.0,9.0,4.0,4.0,2.0,2020-05-24,160.0,0,active,<5,0.0
CHARTWELL TRILOGY LONG TERM CARE RESIDENCE,340 McCowan Road,"Scarborough, M1J3P4",Central East,Trilogy Ltc Inc.,For-Profit,Home with approximately 197 beds,Yes,Yes,Yes,Yes, M1J3P4,197,2011-06-15,33,21,11,12.0,7.0,5.0,15.0,9.0,4.0,4.0,4.0,2.0,2020-05-13,197.0,0,active,0.0,<5
CHARTWELL WATERFORD LONG TERM CARE RESIDENCE,2140 Baronwood Drive,"Oakville, L6M4V6",Mississauga Halton,Regency Ltc Operating Limited Partnership On Behalf Of Regency Operator Gp Inc. As General Partner,For-Profit,Home with approximately 168 beds,No,Yes,Yes,Yes, L6M4V6,168,2010-08-24,42,21,11,18.0,9.0,5.0,12.0,5.0,4.0,9.0,5.0,1.0,2020-04-24,168.0,0,active,0.0,<5
CHARTWELL WENLEIGH LONG TERM CARE RESIDENCE,2065 Leanne Boulevard,"Mississauga, L5K2L6",Mississauga Halton,Regency Ltc Operating Limited Partnership On Behalf Of Regency Operator Gp Inc. As General Partner,For-Profit,Home with approximately 161 beds,No,Yes,Yes,Yes, L5K2L6,161,2010-11-16,27,13,7,13.0,5.0,3.0,8.0,4.0,3.0,2.0,2.0,,2020-05-21,161.0,0,active,0.0,<5
CHARTWELL WESTBURY LONG TERM CARE RESIDENCE,495 The West Mall,"Etobicoke, M9C5S3",Mississauga Halton,Regency Ltc Operating Limited Partnership On Behalf Of Regency Operator Gp Inc. As General Partner,For-Profit,Home with approximately 187 beds,No,Yes,Yes,Yes, M9C5S3,187,2010-10-28,21,13,4,10.0,6.0,1.0,4.0,3.0,3.0,2.0,,,2020-04-24,187.0,12,active,48.0,19.0
CHARTWELL WESTMOUNT LONG TERM CARE RESIDENCE,200 David Bergey Drive,"Kitchener, N2E3Y4",Waterloo Wellington,Regency Ltc Operating Limited Partnership On Behalf Of Regency Operator Gp Inc. As General Partner,For-Profit,Home with approximately 161 beds,No,Yes,Yes,Yes, N2E3Y4,161,2010-08-23,45,20,10,18.0,9.0,4.0,21.0,6.0,4.0,3.0,3.0,2.0,2020-05-10,160.0,0,active,<5,0.0
CHARTWELL WHITE EAGLE LONG TERM CARE RESIDENCE,138 Dowling Avenue,"Toronto, M6K3A6",Toronto Central,Chartwell Master Care Lp,For-Profit,Home with approximately 57 beds,Yes,Yes,Yes,Yes, M6K3A6,57,2011-10-18,14,10,4,2.0,,,4.0,3.0,3.0,2.0,2.0,,2020-04-24,56.0,<5,active,8.0,<5
CHARTWELL WOODHAVEN LONG TERM CARE RESIDENCE,380 Church Street,"Markham, L6B1E1",Central,Regency Ltc Operating Limited Partnership On Behalf Of Regency Operator Gp Inc. As General Partner,For-Profit,Home with approximately 192 beds,Yes,No,Yes,Yes, L6B1E1,192,2010-08-17,32,20,11,14.0,8.0,6.0,11.0,8.0,3.0,12.0,10.0,6.0,2020-04-24,192.0,0,active,0.0,0.0
CHARTWELL WYNFIELD LONG TERM CARE RESIDENCE,451 Woodmount Drive,"Oshawa, L1G8E3",Central East,Regency Ltc Operating Limited Partnership On Behalf Of Regency Operator Gp Inc. As General Partner,For-Profit,Home with approximately 172 beds,No,Yes,Yes,Yes, L1G8E3,172,2011-01-20,27,18,10,12.0,7.0,6.0,10.0,7.0,4.0,2.0,1.0,,2020-05-14,172.0,0,active,0.0,<5
CHELSEY PARK,310 Oxford Street West,"London, N6H4N6",South West,"Cvh (No. 3) Lp By Its General Partners, Southbridge Health Care Gp Inc. And Southbridge Care Homes (A Limited Partnership, By Its General Partner, Southbridge Care Homes Inc.)",For-Profit,Home with approximately 247 beds,Yes,Yes,Yes,Yes, N6H4N6,247,2010-11-02,75,38,18,25.0,13.0,4.0,39.0,20.0,12.0,5.0,2.0,1.0,2020-05-25,247.0,0,active,0.0,0.0
CHESTER VILLAGE,3555 Danforth Avenue,"Toronto, M1L1E3",Toronto Central,Broadview Foundation,Non-Profit,Home with approximately 203 beds,No,Yes,Yes,Yes, M1L1E3,203,2010-10-19,24,8,5,10.0,1.0,1.0,7.0,4.0,4.0,5.0,2.0,2.0,2020-06-16,203.0,0,active,<5,<5
CLARION NURSING HOME,337 Highway #8,"Stoney Creek, L8G1E7",Hamilton Niagara Haldimand Brant (Hnhb),Clarion Nursing Homes Limited,For-Profit,Home with approximately 100 beds,No,Yes,Yes,Yes, L8G1E7,100,2011-01-10,22,14,7,5.0,2.0,2.0,5.0,3.0,3.0,8.0,5.0,1.0,2020-04-24,100.0,0,inactive,,
COLLINGWOOD NURSING HOME,250 Campbell Street,"Collingwood, L9Y4J9",North Simcoe Muskoka,Collingwood Nursing Home Limited,For-Profit,Home with approximately 60 beds,No,Yes,Yes,No, L9Y4J9,60,2011-03-17,24,16,14,8.0,3.0,3.0,6.0,5.0,5.0,7.0,6.0,6.0,2020-05-14,64.0,0,active,<5,0.0
COLUMBIA FOREST,650 Mountain Maple Avenue,"Waterloo, N2V2P7",Waterloo Wellington,Revera Long Term Care Inc.,For-Profit,Home with approximately 156 beds,No,Yes,Yes,Yes, N2V2P7,156,2010-08-06,47,15,8,15.0,4.0,2.0,23.0,6.0,5.0,7.0,5.0,1.0,2020-05-14,156.0,0,active,0.0,<5
COOKSVILLE CARE CENTRE,55 The Queensway West,"Mississauga, L5B1B5",Mississauga Halton,Rykka Care Centres Lp,For-Profit,Home with approximately 192 beds,Yes,Yes,Yes,Yes, L5B1B5,192,2010-08-11,70,29,16,38.0,11.0,7.0,18.0,8.0,7.0,13.0,6.0,1.0,2020-04-24,192.0,0,active,16.0,5.0
COPERNICUS LODGE,66 Roncesvalles Avenue,"Toronto, M6R3A7",Toronto Central,Copernicus Lodge,Non-Profit,Home with approximately 228 beds,Yes,Yes,Yes,No, M6R3A7,228,2011-04-27,24,18,9,12.0,10.0,6.0,4.0,3.0,2.0,5.0,4.0,1.0,2020-04-24,228.0,0,active,0.0,<5
COUNTRY TERRACE,10072 Oxbow Drive R.R. #3,"Komoka, N0L1R0",South West,Omni Healthcare (Ct) Gpco Ltd. As General Partner Of Omni Healthcare (Country Terrace) Limited Partnershippartner,For-Profit,Home with approximately 120 beds,Yes,Yes,No,Yes, N0L1R0,120,2010-07-22,86,33,14,32.0,14.0,5.0,42.0,11.0,6.0,5.0,4.0,2.0,2020-05-16,120.0,0,active,0.0,<5
COUNTRY VILLAGE HOMES - WOODSLEE,440 County Road 8 R. R. #2,"Woodslee, N0R1V0",Erie St. Clair,"Cvh (No. 5) Lp By Its General Partners, Southbridge Health Care Gp Inc. And Southbridge Care Homes (A Limited Partnership, By Its General Partner, Southbridge Care Homes Inc.)",For-Profit,Home with approximately 104 beds,No,Yes,Yes,Yes, N0R1V0,104,2010-10-12,63,26,10,34.0,13.0,5.0,17.0,9.0,3.0,6.0,2.0,1.0,2020-04-24,104.0,16,active,28.0,11.0
CRAIGLEE NURSING HOME,102 Craiglee Drive,"Scarborough, M1N2M7",Central East,Craiglee Nursing Home Limited,For-Profit,Home with approximately 169 beds,No,Yes,Yes,Yes, M1N2M7,169,2010-07-28,67,28,19,36.0,16.0,12.0,19.0,5.0,5.0,13.0,9.0,7.0,2020-04-24,169.0,0,active,<5,<5
CREEDAN VALLEY CARE COMMUNITY,143 Mary Street,"Creemore, L0M1G0",North Simcoe Muskoka,2063412 Ontario Limited As General Partner Of 2063412 Investment Lp,For-Profit,Home with approximately 95 beds,No,Yes,Yes,Yes, L0M1G0,95,2010-09-28,30,20,15,8.0,3.0,3.0,6.0,3.0,3.0,13.0,12.0,10.0,2020-06-09,95.0,0,active,0.0,<5
CREEK WAY VILLAGE,5200 Corporate Drive,"Burlington, L7L7G7",Hamilton Niagara Haldimand Brant (Hnhb),The Regional Municipality Of Halton,Municipal,Home with approximately 144 beds,No,Yes,Yes,Yes, L7L7G7,144,2010-09-24,31,16,8,13.0,5.0,3.0,12.0,6.0,4.0,8.0,6.0,3.0,2020-05-18,144.0,0,active,<5,<5
CRESCENT PARK LODGE,4 Hagey Avenue,"Fort Erie, L2A5M5",Hamilton Niagara Haldimand Brant (Hnhb),955464 Ontario Limited,For-Profit,Home with approximately 68 beds,Yes,Yes,Yes,Yes, L2A5M5,68,2011-04-05,26,17,8,10.0,6.0,3.0,7.0,5.0,4.0,5.0,3.0,,2020-05-13,68.0,0,active,<5,0.0
CUMMER LODGE,205 Cummer Avenue,"North York, M2M2E8",Central,Toronto Long-term Care Homes And Services,Municipal,Home with approximately 391 beds,Yes,Yes,Yes,Yes, M2M2E8,391,2010-09-21,50,27,13,25.0,12.0,6.0,16.0,9.0,6.0,8.0,5.0,3.0,2020-04-30,391.0,<5,active,<5,0.0
DEERWOOD CREEK CARE COMMUNITY,70 Humberline Drive,"Etobicoke, M9W7H3",Central West,2063414 Ontario Limited As General Partner Of 2063414 Investment Lp,For-Profit,Home with approximately 160 beds,No,Yes,Yes,Yes, M9W7H3,160,2010-12-10,35,21,13,18.0,10.0,6.0,9.0,5.0,5.0,6.0,3.0,2.0,2020-05-30,160.0,0,active,0.0,<5
DELHI LONG TERM CARE CENTRE,750 Gibraltar Street,"Delhi, N4B3B3",Hamilton Niagara Haldimand Brant (Hnhb),Delhi Nursing Home Ltd.,For-Profit,Home with approximately 60 beds,No,Yes,No,Yes, N4B3B3,60,2010-11-23,27,13,3,5.0,3.0,,8.0,4.0,1.0,11.0,6.0,1.0,2020-06-04,60.0,0,active,0.0,<5
DOM LIPA,52 Neilson Drive,"Etobicoke, M9C1V7",Mississauga Halton,Slovenian Linden Foundation,Non-Profit,Home with approximately 66 beds,No,Yes,No,No, M9C1V7,66,2011-11-14,12,8,4,1.0,,,4.0,4.0,4.0,2.0,2.0,1.0,2020-04-24,66.0,0,active,<5,0.0
DOUGLAS H. RAPELJE LODGE,277 Plymouth Road,"Welland, L3B6E3",Hamilton Niagara Haldimand Brant (Hnhb),The Regional Municipality Of Niagara,Municipal,Home with approximately 120 beds,Yes,Yes,Yes,Yes, L3B6E3,120,2010-08-17,33,11,8,15.0,5.0,5.0,12.0,3.0,2.0,4.0,1.0,,2020-04-24,120.0,0,inactive,,
DOWNSVIEW LONG TERM CARE CENTRE,3595 Keele Street,"North York, M3J1M7",Central,Gem Health Care Group Limited,For-Profit,Home with approximately 252 beds,Yes,Yes,Yes,Yes, M3J1M7,252,2011-06-10,72,31,15,43.0,15.0,10.0,9.0,4.0,3.0,19.0,10.0,3.0,2020-04-24,252.0,0,active,9.0,0.0
DUFFERIN OAKS,151 Centre Street,"Shelburne, L0N1S4",Central West,Corporation Of The County Of Dufferin,Municipal,Home with approximately 160 beds,No,Yes,Yes,No, L0N1S4,160,2010-09-28,24,14,6,8.0,6.0,3.0,8.0,4.0,3.0,2.0,2.0,,2020-04-24,160.0,<5,active,<5,5.0
DUNDURN PLACE CARE CENTRE,39 Mary Street,"Hamilton, L8R3L8",Hamilton Niagara Haldimand Brant (Hnhb),Rykka Care Centres Lp,For-Profit,Home with approximately 201 beds,Yes,Yes,Yes,Yes, L8R3L8,201,2010-08-19,53,22,9,24.0,7.0,2.0,15.0,8.0,6.0,12.0,5.0,1.0,2020-04-24,201.0,0,active,<5,0.0
EAGLE TERRACE,329 Eagle Street,"Newmarket, L3Y1K3",Central,Revera Long Term Care Inc.,For-Profit,Home with approximately 70 beds,No,Yes,Yes,Yes, L3Y1K3,70,2011-07-07,13,6,2,4.0,,,3.0,2.0,2.0,,,,2020-04-24,70.0,<5,active,<5,0.0
EARLS COURT VILLAGE,"1390 Highbury Avenue, North","London, N5Y0B6",South West,Sharon Farms & Enterprises Limited,For-Profit,Home with approximately 128 beds,No,Yes,Yes,Yes, N5Y0B6,128,2014-10-21,94,87,25,53.0,47.0,10.0,18.0,18.0,7.0,31.0,30.0,12.0,2020-04-24,128.0,<5,active,<5,7.0
EASTHOLME HOME FOR THE AGED,62 Big Bend Avenue P.O. Box 400,"Powassan, P0H1Z0",North East,East District Of Parry Sound Home For The Aged,Municipal,Home with approximately 128 beds,No,Yes,Yes,No, P0H1Z0,128,2011-09-12,20,14,6,4.0,2.0,,10.0,7.0,4.0,3.0,3.0,3.0,2020-05-19,128.0,0,active,0.0,<5
EATONVILLE CARE CENTRE,420 The East Mall,"Etobicoke, M9B3Z9",Mississauga Halton,Rykka Care Centres Lp,For-Profit,Home with approximately 247 beds,No,Yes,Yes,Yes, M9B3Z9,247,2009-12-13,45,23,14,24.0,9.0,6.0,13.0,8.0,7.0,4.0,3.0,1.0,2020-04-24,247.0,37,active,143.0,66.0
EHATARE NURSING HOME,40 Old Kingston Road,"Scarborough, M1E3J5",Central East,Estonian Relief Committee In Canada,Non-Profit,Home with approximately 32 beds,No,Yes,Yes,No, M1E3J5,32,2011-09-21,9,5,2,1.0,,,1.0,1.0,1.0,1.0,,,2020-04-24,32.0,0,inactive,,
ELGIN ABBEY NURSING HOME,380 First Avenue North P.O. Box 7,"Chesley, N0G1L0",South West,Capricorn Investments Corporation Limited,For-Profit,Home with approximately 27 beds,No,Yes,No,Yes, N0G1L0,27,2010-09-09,34,21,8,8.0,4.0,2.0,5.0,3.0,2.0,19.0,11.0,6.0,2020-06-22,27.0,0,active,0.0,<5
ÉLISABETH-BRUYÈRE RESIDENCE,75 Bruyere Street,"Ottawa, K1N5C8",Champlain,Bruyère Continuing Care Inc.,Non-Profit,Home with approximately 71 beds,No,Yes,Yes,Yes, K1N5C8,71,2010-08-09,66,52,24,20.0,13.0,4.0,20.0,15.0,10.0,14.0,12.0,6.0,2020-04-24,71.0,0,active,0.0,<5
ELIZABETH CENTRE,2100 Main Street,"Val Caron, P3N1S7",North East,Valley East Long Term Care Centre Inc.,For-Profit,Home with approximately 128 beds,Yes,Yes,Yes,Yes, P3N1S7,128,2010-07-05,54,32,20,21.0,10.0,5.0,17.0,9.0,6.0,15.0,12.0,8.0,2020-05-15,128.0,0,active,<5,<5
ELM GROVE LIVING CENTRE,35 Elm Grove Avenue,"Toronto, M6K2J2",Toronto Central,Elm Grove Living Centre Inc.,For-Profit,Home with approximately 126 beds,No,Yes,No,Yes, M6K2J2,126,2011-06-27,15,10,5,7.0,2.0,2.0,3.0,3.0,2.0,1.0,1.0,1.0,2020-04-24,126.0,12,active,29.0,44.0
ELMWOOD PLACE,46 Elmwood Place West,"London, N6J1J2",South West,Revera Long Term Care Inc.,For-Profit,Home with approximately 78 beds,No,Yes,Yes,Yes, N6J1J2,78,2010-04-04,50,20,11,18.0,8.0,3.0,20.0,6.0,5.0,5.0,3.0,2.0,2020-04-26,90.0,0,active,<5,0.0
ERIN MILLS LODGE NURSING HOME,2132 Dundas Street West,"Mississauga, L5K2K7",Mississauga Halton,Schlegel Villages Inc.,For-Profit,Home with approximately 86 beds,No,Yes,Yes,Yes, L5K2K7,86,2010-10-06,35,21,6,13.0,6.0,1.0,6.0,4.0,2.0,7.0,6.0,1.0,2020-04-24,86.0,<5,active,<5,6.0
EXETER VILLA,155 John Street East,"Exeter, N0M1S1",South West,Atk Care Inc.,For-Profit,Home with approximately 47 beds,Yes,Yes,No,Yes, N0M1S1,47,2011-02-15,20,13,9,6.0,4.0,4.0,8.0,5.0,4.0,1.0,1.0,1.0,2020-05-12,47.0,0,active,0.0,<5
EXTENDICARE BAYVIEW,550 Cummer Avenue,"North York, M2K2M2",Central,Extendicare (Canada) Inc.,For-Profit,Home with approximately 205 beds,Yes,Yes,Yes,Yes, M2K2M2,205,2010-09-08,34,11,4,13.0,3.0,1.0,11.0,2.0,2.0,5.0,2.0,,2020-04-24,205.0,6,active,66.0,13.0
EXTENDICARE BRAMPTON,7891 Mclaughlin Road,"Brampton, L6Y5H8",Central West,Extendicare (Canada) Inc.,For-Profit,Home with approximately 150 beds,No,Yes,Yes,Yes, L6Y5H8,150,2010-09-01,26,17,10,13.0,6.0,4.0,3.0,3.0,3.0,8.0,7.0,4.0,2020-04-24,150.0,0,active,<5,<5
EXTENDICARE FALCONBRIDGE,281 Falconbridge Road,"Sudbury, P3A5K4",North East,Extendicare (Canada) Inc.,For-Profit,Home with approximately 234 beds,Yes,Yes,Yes,Yes, P3A5K4,234,2010-10-05,70,43,22,25.0,16.0,8.0,23.0,14.0,8.0,18.0,13.0,6.0,2020-07-26,234.0,0,active,0.0,<5
EXTENDICARE GUILDWOOD,60 Guildwood Parkway,"Scarborough, M1E1N9",Central East,Extendicare (Canada) Inc.,For-Profit,Home with approximately 169 beds,Yes,Yes,Yes,Yes, M1E1N9,169,2010-07-19,42,21,13,18.0,4.0,4.0,13.0,7.0,4.0,14.0,12.0,7.0,2020-04-24,169.0,0,active,<5,0.0
EXTENDICARE HALTON HILLS,9 Lindsay Court,"Georgetown, L7G6G9",Mississauga Halton,Extendicare (Canada) Inc.,For-Profit,Home with approximately 130 beds,No,Yes,Yes,Yes, L7G6G9,130,2010-11-19,48,26,12,28.0,13.0,5.0,9.0,4.0,3.0,14.0,12.0,8.0,2020-05-23,130.0,0,active,0.0,<5
EXTENDICARE HAMILTON,90 Chedmac Drive,"Hamilton, L9C7S6",Hamilton Niagara Haldimand Brant (Hnhb),Extendicare (Canada) Inc.,For-Profit,Home with approximately 160 beds,No,Yes,Yes,Yes, L9C7S6,160,2010-09-30,42,20,8,20.0,7.0,2.0,10.0,4.0,4.0,9.0,6.0,1.0,2020-05-13,160.0,0,active,0.0,<5
EXTENDICARE LAKEFIELD,19 Fraser Street,"Lakefield, K0L2H0",Central East,Extendicare (Canada) Inc.,For-Profit,Home with approximately 100 beds,Yes,Yes,Yes,Yes, K0L2H0,100,2010-11-25,19,13,4,6.0,5.0,2.0,5.0,2.0,1.0,5.0,2.0,,2020-04-27,100.0,0,active,0.0,<5
EXTENDICARE LAURIER MANOR,1715 Montreal Road,"Gloucester, K1J6N4",Champlain,New Orchard Lodge Limited [a Subsidiary Of Extendicare (Canada) Inc.],For-Profit,Home with approximately 242 beds,No,Yes,Yes,Yes, K1J6N4,242,2010-09-10,87,54,17,43.0,26.0,8.0,34.0,20.0,8.0,7.0,7.0,2.0,2020-04-24,242.0,0,active,37.0,16.0
EXTENDICARE MAPLE VIEW OF SAULT STE. MARIE,650 Northern Avenue,"Sault Ste. Marie, P6B4J3",North East,Extendicare (Canada) Inc.,For-Profit,Home with approximately 256 beds,No,Yes,Yes,Yes, P6B4J3,256,2013-12-17,48,41,26,17.0,15.0,11.0,16.0,12.0,7.0,17.0,15.0,7.0,2020-05-07,256.0,0,active,<5,0.0
EXTENDICARE MEDEX,1865 Baseline Road,"Ottawa, K2C3K6",Champlain,Extendicare Northeastern Ontario Inc. [a Subsidiary Of Extendicare (Canada) Inc.],For-Profit,Home with approximately 193 beds,No,Yes,No,Yes, K2C3K6,193,2010-08-13,64,38,20,24.0,14.0,8.0,28.0,19.0,9.0,6.0,4.0,2.0,2020-07-10,193.0,0,active,0.0,<5
EXTENDICARE OSHAWA,82 Park Road North,"Oshawa, L1J4L1",Central East,Extendicare Central Ontario Inc. [a Subsidiary Of Extendicare (Canada) Inc.],For-Profit,Home with approximately 175 beds,Yes,Yes,Yes,Yes, L1J4L1,175,2011-03-02,41,28,8,13.0,9.0,4.0,18.0,11.0,3.0,5.0,2.0,,2020-05-01,175.0,0,active,<5,0.0
EXTENDICARE ROUGE VALLEY,551 Conlins Road,"Toronto, M1B5S1",Central East,Extendicare (Canada) Inc.,For-Profit,Home with approximately 192 beds,Yes,Yes,Yes,Yes, M1B5S1,192,2010-09-14,36,24,12,15.0,10.0,4.0,9.0,6.0,4.0,7.0,5.0,2.0,2020-04-24,192.0,0,active,0.0,<5
EXTENDICARE SCARBOROUGH,3830 Lawrence Avenue East,"Scarborough, M1G1R6",Central East,Extendicare Toronto Inc. [a Subsidiary Of Extendicare (Canada) Inc.],For-Profit,Home with approximately 154 beds,Yes,Yes,Yes,Yes, M1G1R6,154,2011-03-24,35,19,10,17.0,8.0,5.0,10.0,4.0,3.0,5.0,4.0,1.0,2020-04-24,154.0,0,active,0.0,<5
EXTENDICARE SOUTHWOOD LAKES,1255 North Talbot Road,"Windsor, N9G3A4",Erie St. Clair,Extendicare (Canada) Inc.,For-Profit,Home with approximately 150 beds,No,Yes,Yes,Yes, N9G3A4,150,2010-07-27,100,30,14,71.0,19.0,9.0,19.0,5.0,4.0,3.0,2.0,1.0,2020-04-28,150.0,0,active,0.0,<5
EXTENDICARE STARWOOD,114 Starwood Road,"Nepean, K2G3N5",Champlain,Extendicare Northeastern Ontario Inc. [a Subsidiary Of Extendicare (Canada) Inc.],For-Profit,Home with approximately 192 beds,No,Yes,Yes,Yes, K2G3N5,192,2010-09-08,54,26,14,25.0,12.0,6.0,21.0,10.0,7.0,5.0,1.0,1.0,2020-04-24,192.0,0,active,0.0,<5
EXTENDICARE TECUMSEH,2475 St. Alphonse Street,"Tecumseh, N8N2X2",Erie St. Clair,Extendicare (Canada) Inc.,For-Profit,Home with approximately 128 beds,No,Yes,Yes,Yes, N8N2X2,128,2010-08-04,73,34,21,48.0,16.0,9.0,18.0,13.0,10.0,4.0,3.0,3.0,2020-05-14,128.0,0,active,0.0,<5
EXTENDICARE TIMMINS,62 St-Jean Avenue,"Timmins, P4R0A6",North East,Extendicare Northwestern Ontario Inc. [a Subsidiary Of Extendicare (Canada) Inc.],For-Profit,Home with approximately 121 beds,No,Yes,Yes,Yes, P4R0A6,121,2011-05-31,39,25,9,14.0,8.0,3.0,13.0,7.0,4.0,11.0,9.0,1.0,2020-05-11,180.0,0,active,<5,0.0
EXTENDICARE WEST END VILLA,2179 Elmira Drive,"Ottawa, K2C3S1",Champlain,New Orchard Lodge Limited [a Subsidiary Of Extendicare (Canada) Inc.],For-Profit,Home with approximately 242 beds,No,Yes,Yes,Yes, K2C3S1,242,2010-11-18,106,59,22,57.0,33.0,11.0,42.0,22.0,10.0,5.0,1.0,1.0,2020-05-05,242.0,0,active,0.0,<5
EXTENDICARE YORK,333 York Street,"Sudbury, P3E5J3",North East,Extendicare Northwestern Ontario Inc. [a Subsidiary Of Extendicare (Canada) Inc.],For-Profit,Home with approximately 288 beds,Yes,Yes,Yes,Yes, P3E5J3,288,2010-09-21,63,34,14,24.0,11.0,5.0,23.0,12.0,6.0,16.0,10.0,2.0,2020-04-29,288.0,0,active,0.0,<5
FAIRVIEW LODGE,632 Dundas Street West P.O. Box 300,"Whitby, L1N5S3",Central East,Regional Municipality Of Durham,Municipal,Home with approximately 198 beds,No,Yes,Yes,Yes, L1N5S3,198,2010-08-25,46,27,11,18.0,11.0,7.0,19.0,8.0,3.0,2.0,2.0,,2020-04-24,198.0,0,active,0.0,0.0
FAIRVIEW NURSING HOME,14 Cross Street,"Toronto, M6J1S8",Toronto Central,Fairview Nursing Home Limited,For-Profit,Home with approximately 108 beds,No,Yes,Yes,Yes, M6J1S8,108,2010-07-15,33,9,6,12.0,2.0,2.0,11.0,3.0,3.0,8.0,1.0,1.0,2020-06-19,108.0,0,active,0.0,<5
FAITH MANOR NURSING HOME,7900 Mclaughlin Road South,"Brampton, L6Y5A7",Central West,Holland Christian Homes Inc.,Non-Profit,Home with approximately 120 beds,No,Yes,Yes,Yes, L6Y5A7,120,2010-10-06,39,18,6,15.0,4.0,2.0,11.0,4.0,2.0,12.0,8.0,3.0,2020-04-27,120.0,0,active,<5,0.0
FENELON COURT,44 Wychwood Crescent,"Fenelon Falls, K0M1N0",Central East,Axr Operating (National) Lp,For-Profit,Home with approximately 67 beds,No,Yes,Yes,Yes, K0M1N0,67,2011-10-11,19,12,5,6.0,3.0,1.0,8.0,5.0,3.0,,,,2020-05-21,67.0,0,active,0.0,<5
FIELDSTONE COMMONS CARE COMMUNITY,1000 Ellesmere Road,"Scarborough, M1P5G2",Central East,2063414 Ontario Limited As General Partner Of 2063414 Investment Lp,For-Profit,Home with approximately 224 beds,Yes,Yes,Yes,Yes, M1P5G2,224,2011-03-16,43,19,6,17.0,7.0,3.0,18.0,8.0,2.0,8.0,5.0,2.0,2020-05-28,224.0,0,active,<5,<5
FINLANDIA HOIVAKOTI NURSING HOME,233 Fourth Avenue,"Sudbury, P3B4C3",North East,Finlandia Nursing Home Limited,For-Profit,Home with approximately 112 beds,Yes,Yes,Yes,Yes, P3B4C3,112,2010-11-29,44,20,9,16.0,4.0,2.0,15.0,9.0,4.0,7.0,5.0,1.0,2020-05-11,112.0,0,active,0.0,<5
FOREST HEIGHTS,60 Westheights Drive,"Kitchener, N2N2A8",Waterloo Wellington,Revera Long Term Care Inc.,For-Profit,Home with approximately 240 beds,Yes,Yes,Yes,Yes, N2N2A8,240,2010-08-30,104,42,15,47.0,14.0,7.0,41.0,17.0,4.0,12.0,7.0,4.0,2020-04-24,240.0,20,active,119.0,47.0
FOUNTAIN VIEW CARE COMMUNITY,1800 O'Connor Drive,"East York, M4A1W7",Toronto Central,2063414 Ontario Limited As General Partner Of 2063414 Investment Lp,For-Profit,Home with approximately 158 beds,No,Yes,Yes,Yes, M4A1W7,158,2010-10-05,45,18,13,22.0,5.0,4.0,15.0,9.0,7.0,7.0,4.0,3.0,2020-04-28,158.0,0,active,0.0,<5
FOYER ST-VIATEUR NURSING HOME,1003 Limoges Road South,"Limoges, K0A2M0",Champlain,Genesis Gardens Inc.,For-Profit,Home with approximately 57 beds,No,Yes,Yes,Yes, K0A2M0,57,2010-09-21,68,32,12,24.0,4.0,,15.0,10.0,8.0,23.0,14.0,2.0,2020-06-02,57.0,0,active,0.0,<5
FRANKLIN GARDENS LONG TERM CARE HOME,24 Franklin Road,"Leamington, N8H4B7",Erie St. Clair,"Dtoc Long Term Care Lp, By Its General Partner, Dtoc Long Term Care Mgp (A General Partnership) By Its Partners, Dtoc Long Term Care Gp Inc. And Arch Venture Holdings Inc.",For-Profit,Home with approximately 120 beds,No,Yes,Yes,Yes, N8H4B7,120,2010-08-18,57,25,10,21.0,9.0,3.0,28.0,10.0,5.0,4.0,3.0,2.0,2020-04-24,120.0,0,active,<5,<5
FUDGER HOUSE,439 Sherbourne Street,"Toronto, M4X1K6",Toronto Central,Toronto Long-term Care Homes And Services,Municipal,Home with approximately 250 beds,Yes,Yes,Yes,Yes, M4X1K6,250,2010-11-03,23,14,8,11.0,4.0,3.0,6.0,4.0,4.0,2.0,2.0,2.0,2020-05-08,250.0,0,active,<5,0.0
GARDEN CITY MANOR,168 Scott Street,"St. Catharines, L2N1H2",Hamilton Niagara Haldimand Brant (Hnhb),Revera Long Term Care Inc.,For-Profit,Home with approximately 200 beds,No,Yes,Yes,Yes, L2N1H2,200,2010-07-06,59,25,13,29.0,9.0,4.0,16.0,9.0,6.0,11.0,5.0,2.0,2020-05-12,200.0,0,active,<5,0.0
GARDEN COURT NURSING HOME,1 Sand Beach Road,"Etobicoke, M8V2W2",Toronto Central,Shaparrall Limited,For-Profit,Home with approximately 45 beds,No,Yes,Yes,No, M8V2W2,45,2010-12-09,14,9,5,3.0,1.0,1.0,3.0,3.0,1.0,5.0,3.0,3.0,2020-05-30,45.0,0,active,0.0,<5
GARDEN TERRACE,100 Aird Place,"Kanata, K2L4H8",Champlain,0760444 B.C. Ltd. As General Partner On Behalf Of Omni Health Care Limited Partnership,For-Profit,Home with approximately 160 beds,Yes,Yes,Yes,Yes, K2L4H8,160,2011-10-24,56,43,22,21.0,13.0,9.0,25.0,21.0,11.0,5.0,5.0,1.0,2020-04-27,160.0,0,active,0.0,<5
GARDENVIEW LONG TERM CARE HOME,72 Town Centre Drive,"Townsend, N0A1S0",Hamilton Niagara Haldimand Brant (Hnhb),Parkview Meadows Christian Retirement Village,Non-Profit,Home with approximately 64 beds,No,Yes,Yes,No, N0A1S0,64,2011-10-20,18,14,2,8.0,6.0,2.0,1.0,,,5.0,5.0,,2020-04-27,64.0,0,active,0.0,<5
GARRY J. ARMSTRONG HOME,200 Island Lodge Road,"Ottawa, K1N5M2",Champlain,City Of Ottawa,Municipal,Home with approximately 180 beds,No,Yes,Yes,Yes, K1N5M2,180,2011-09-22,73,56,25,32.0,27.0,14.0,25.0,19.0,6.0,14.0,9.0,3.0,2020-04-24,180.0,0,active,0.0,<5
GATEWAY HAVEN LONG TERM CARE HOME,671 Frank Street P.O. Box 10,"Wiarton, N0H2T0",South West,Corporation Of The County Of Bruce,Municipal,Home with approximately 100 beds,No,Yes,Yes,No, N0H2T0,100,2010-08-25,20,11,6,5.0,2.0,1.0,8.0,3.0,3.0,6.0,5.0,3.0,2020-04-24,100.0,0,active,0.0,<5
GLEBE CENTRE,950 Bank Street,"Ottawa, K1S5G6",Champlain,The Glebe Centre Incorporated,Non-Profit,Home with approximately 254 beds,No,Yes,Yes,Yes, K1S5G6,254,2010-08-25,45,30,21,21.0,13.0,12.0,16.0,10.0,6.0,5.0,5.0,4.0,2020-06-16,254.0,0,active,0.0,0.0
GLEN HILL STRATHAVEN,264 King Street East,"Bowmanville, L1C1P9",Central East,Glen Hill Terrace Christian Homes Inc.,Non-Profit,Home with approximately 199 beds,Yes,Yes,No,Yes, L1C1P9,199,2011-05-18,58,29,12,16.0,7.0,3.0,15.0,12.0,6.0,23.0,9.0,3.0,2020-05-12,210.0,0,active,<5,0.0
GOLDEN DAWN NURSING HOME,80 Main Street P. O. Box 129,"Lion's Head, N0H1W0",South West,Golden Dawn Senior Citizen Home,Non-Profit,Home with approximately 45 beds,No,Yes,Yes,No, N0H1W0,45,2010-07-15,19,12,7,6.0,4.0,3.0,3.0,2.0,2.0,10.0,8.0,5.0,2020-05-12,45.0,0,active,<5,0.0
GOLDEN MANOR,481 Melrose Boulevard,"Timmins, P4N5H3",North East,Corporation Of The City Of Timmins,Municipal,Home with approximately 177 beds,Yes,Yes,Yes,Yes, P4N5H3,177,2011-08-16,22,14,6,7.0,4.0,2.0,9.0,5.0,4.0,6.0,4.0,,2020-05-06,177.0,0,active,<5,0.0
GOLDEN YEARS NURSING HOME,704 Eagle Street North P.O. Box 3277,"Cambridge, N3H4T3",Waterloo Wellington,Golden Years Nursing Homes (Cambridge) Inc.,For-Profit,Home with approximately 90 beds,No,Yes,Yes,No, N3H4T3,90,2010-07-21,57,27,13,23.0,10.0,4.0,12.0,7.0,5.0,14.0,9.0,5.0,2020-05-03,88.0,0,active,0.0,<5
GRACE MANOR,45 Kingknoll Drive,"Brampton, L6Y5P2",Central West,Holland Christian Homes Inc.,Non-Profit,Home with approximately 120 beds,No,Yes,Yes,Yes, L6Y5P2,120,2010-08-05,39,22,15,20.0,10.0,8.0,11.0,5.0,5.0,11.0,8.0,4.0,2020-04-24,120.0,<5,active,49.0,21.0
GRACE VILLA NURSING HOME,45 Lockton Crescent,"Hamilton, L8V4V5",Hamilton Niagara Haldimand Brant (Hnhb),Grace Villa Limited,For-Profit,Home with approximately 184 beds,No,Yes,No,Yes, L8V4V5,184,2010-07-08,81,26,12,37.0,10.0,5.0,13.0,6.0,5.0,31.0,13.0,4.0,2020-04-28,184.0,0,active,0.0,<5
GREENWOOD COURT,90 Greenwood Drive,"Stratford, N5A7W5",South West,Tri-county Mennonite Homes,Non-Profit,Home with approximately 45 beds,No,Yes,No,No, N5A7W5,45,2010-09-27,22,14,5,6.0,5.0,1.0,4.0,4.0,3.0,4.0,1.0,,2020-04-24,45.0,<5,active,<5,7.0
HALLOWELL HOUSE,13628 Loyalist Parkway,"Picton, K0K2T0",South East,Revera Long Term Care Inc.,For-Profit,Home with approximately 97 beds,No,Yes,Yes,Yes, K0K2T0,97,2010-09-09,43,20,10,17.0,8.0,5.0,18.0,6.0,4.0,5.0,5.0,2.0,2020-04-24,97.0,0,inactive,,
HAMPTON TERRACE CARE CENTRE,75 Plains Road West,"Burlington, L7T1E8",Hamilton Niagara Haldimand Brant (Hnhb),Unger Nursing Homes Limited,For-Profit,Home with approximately 101 beds,No,Yes,Yes,Yes, L7T1E8,101,2011-09-21,32,15,6,15.0,6.0,3.0,4.0,3.0,1.0,11.0,5.0,1.0,2020-04-24,101.0,0,active,0.0,<5
HARMONY HILLS CARE COMMUNITY,1800 O'Connor Drive,"Toronto, M4A1W7",Toronto Central,2063414 Ontario Limited As General Partner Of 2063414 Investment Lp,For-Profit,Home with approximately 160 beds,No,Yes,Yes,Yes, M4A1W7,160,2010-12-14,19,9,6,6.0,3.0,3.0,7.0,3.0,3.0,1.0,,,2020-06-13,160.0,0,active,<5,<5
HAROLD AND GRACE BAKER CENTRE,1 Northwestern Avenue,"Toronto, M6M2J7",Central,Harold And Grace Baker Centre,Non-Profit,Home with approximately 120 beds,No,Yes,Yes,Yes, M6M2J7,120,2011-06-20,22,13,6,12.0,4.0,2.0,5.0,4.0,3.0,3.0,3.0,2.0,2020-04-24,120.0,10,active,40.0,19.0
HASTINGS MANOR HOME FOR THE AGED,476 Dundas Street West P.O. Box 458,"Belleville, K8N5B2",South East,The Corporation Of The County Of Hastings,Municipal,Home with approximately 253 beds,Yes,Yes,Yes,Yes, K8N5B2,253,2010-09-29,73,58,15,28.0,23.0,8.0,34.0,26.0,6.0,9.0,8.0,,2020-04-24,253.0,0,active,10.0,<5
HAWTHORN WOODS CARE COMMUNITY,9257 Goreway Drive,"Brampton, L6P0N5",Central West,2063414 Ontario Limited As General Partner Of 2063414 Investment Lp,For-Profit,Home with approximately 160 beds,No,Yes,Yes,Yes, L6P0N5,160,2010-09-16,60,28,16,26.0,7.0,4.0,24.0,14.0,9.0,8.0,7.0,4.0,2020-06-13,160.0,0,active,0.0,<5
HAWTHORNE PLACE CARE CENTRE,2045 Finch Avenue West,"North York, M3N1M9",Central,Rykka Care Centres Lp,For-Profit,Home with approximately 269 beds,Yes,Yes,Yes,Yes, M3N1M9,269,2010-11-04,92,35,17,44.0,16.0,9.0,29.0,12.0,5.0,26.0,13.0,9.0,2020-04-24,269.0,0,active,5.0,7.0
HEARTWOOD,201-11th Street East,"Cornwall, K6H2Y6",Champlain,Heartwood Operating Inc.,For-Profit,Home with approximately 118 beds,No,Yes,Yes,Yes, K6H2Y6,118,2010-10-14,40,25,14,20.0,14.0,7.0,15.0,7.0,5.0,2.0,2.0,2.0,2020-04-24,118.0,0,active,0.0,<5
HELLENIC CARE FOR SENIORS (TORONTO),215 Tyrrel Avenue,"Toronto, M6G4A9",Toronto Central,Hellenic Care For Seniors (Toronto) Inc.,Non-Profit,Home with approximately 81 beds,No,Yes,No,Yes, M6G4A9,81,2011-12-01,20,10,6,9.0,2.0,2.0,4.0,3.0,3.0,1.0,1.0,1.0,2020-05-16,81.0,0,active,0.0,<5
HELLENIC HOME - SCARBOROUGH,2411 Lawrence Avenue East,"Scarborough, M1P4X1",Central East,Hellenic Home For The Aged Inc.,Non-Profit,Home with approximately 128 beds,Yes,Yes,Yes,Yes, M1P4X1,128,2010-07-15,38,18,13,24.0,8.0,6.0,5.0,4.0,3.0,4.0,4.0,4.0,2020-04-24,128.0,6,active,26.0,15.0
HENLEY PLACE,1961 Cedarhollow Blvd,"London, N5X0K2",South West,Henley Place Limited,For-Profit,Home with approximately 192 beds,No,Yes,Yes,Yes, N5X0K2,192,2014-03-07,62,44,19,31.0,18.0,5.0,20.0,17.0,10.0,6.0,5.0,2.0,2020-04-24,192.0,0,active,<5,0.0
HERITAGE GREEN NURSING HOME,353 Isaac Brock Drive,"Stoney Creek, L8J2J3",Hamilton Niagara Haldimand Brant (Hnhb),Heritage Green Nursing Home,Non-Profit,Home with approximately 167 beds,No,Yes,Yes,Yes, L8J2J3,167,2010-08-06,61,27,16,23.0,10.0,7.0,11.0,4.0,3.0,28.0,11.0,3.0,2020-04-24,167.0,<5,active,9.0,<5
HERON TERRACE LONG TERM CARE COMMUNITY,11550 McNorton Street,"Windsor, N8P1T9",Erie St. Clair,S & R Nursing Homes Ltd.,For-Profit,Home with approximately 140 beds,No,Yes,No,Yes, N8P1T9,140,2010-12-07,90,38,12,55.0,22.0,7.0,27.0,12.0,4.0,5.0,1.0,1.0,2020-04-24,140.0,<5,active,39.0,15.0
HILLSDALE ESTATES,590 Oshawa Blvd. North,"Oshawa, L1G5T9",Central East,Regional Municipality Of Durham,Municipal,Home with approximately 300 beds,No,Yes,Yes,Yes, L1G5T9,300,2010-08-18,53,32,15,23.0,11.0,5.0,21.0,12.0,8.0,12.0,12.0,8.0,2020-05-13,300.0,0,active,0.0,<5
HILLSDALE TERRACES,600 Oshawa Blvd. North,"Oshawa, L1G5T9",Central East,Regional Municipality Of Durham,Municipal,Home with approximately 200 beds,No,Yes,Yes,Yes, L1G5T9,200,2010-08-16,57,26,9,30.0,14.0,6.0,20.0,8.0,3.0,5.0,3.0,1.0,2020-04-24,200.0,13,active,45.0,12.0
HILLSIDE MANOR,R. R. #5,"Stratford, N5A6S6",South West,Revera Long Term Care Inc.,For-Profit,Home with approximately 90 beds,No,Yes,Yes,Yes, N5A6S6,90,2010-08-26,29,17,9,8.0,5.0,3.0,15.0,8.0,6.0,1.0,1.0,,2020-04-24,90.0,0,inactive,,
HOGARTH RIVERVIEW MANOR,300 Lillie Street,"Thunder Bay, P7C4Y7",North West,St. Joseph's Care Group,Non-Profit,Home with approximately 543 beds,No,Yes,Yes,Yes, P7C4Y7,543,2010-09-21,89,67,38,33.0,25.0,14.0,26.0,20.0,15.0,44.0,37.0,17.0,2020-05-03,543.0,0,active,0.0,<5
HUMBER VALLEY TERRACE,95 Humber College Blvd.,"Rexdale, M9V5B5",Central West,Humber Valley Terrace Operating Inc.,For-Profit,Home with approximately 158 beds,No,Yes,Yes,Yes, M9V5B5,158,2010-11-30,35,17,4,18.0,5.0,2.0,8.0,5.0,1.0,8.0,7.0,2.0,2020-04-24,158.0,0,active,6.0,0.0
IDLEWYLD MANOR,449 Sanatorium Road,"Hamilton, L9C2A7",Hamilton Niagara Haldimand Brant (Hnhb),Idlewyld Manor,Non-Profit,Home with approximately 192 beds,No,Yes,Yes,Yes, L9C2A7,192,2010-08-17,61,22,14,27.0,6.0,4.0,20.0,6.0,5.0,15.0,11.0,7.0,2020-05-11,192.0,0,active,<5,0.0
INA GRAFTON GAGE HOME,40 Bell Estate Road,"Scarborough, M1L0E2",Central East,Ina Grafton Gage Home Of Toronto,Non-Profit,Home with approximately 128 beds,No,No,Yes,Yes, M1L0E2,128,2010-07-08,61,30,9,32.0,15.0,4.0,16.0,9.0,4.0,13.0,5.0,2.0,2020-04-24,128.0,6,active,26.0,19.0
IOOF SENIORS HOME,10 Brooks Street,"Barrie, L4N7X2",North Simcoe Muskoka,Ioof Seniors Homes Inc.,Non-Profit,Home with approximately 188 beds,Yes,Yes,Yes,No, L4N7X2,188,2011-02-09,30,18,8,11.0,4.0,,10.0,8.0,5.0,10.0,7.0,3.0,2020-04-24,182.0,0,active,0.0,<5
ISABEL AND ARTHUR MEIGHEN MANOR,155 Millwood Road,"Toronto, M4S1J6",Toronto Central,The Governing Council Of The Salvation Army In Canada,Non-Profit,Home with approximately 168 beds,No,Yes,Yes,Yes, M4S1J6,168,2011-01-06,37,19,10,21.0,6.0,4.0,8.0,6.0,4.0,6.0,5.0,3.0,2020-04-24,168.0,20,active,84.0,15.0
IVAN FRANKO HOME (ETOBICOKE),767 Royal York Road,"Toronto, M8Y2T3",Toronto Central,Ukrainian Home For The Aged,Non-Profit,Home with approximately 85 beds,No,Yes,Yes,Yes, M8Y2T3,85,2011-09-08,11,7,5,1.0,,,5.0,4.0,4.0,1.0,,,2020-05-12,85.0,0,active,0.0,<5
KENNEDY LODGE,1400 Kennedy Road,"Scarborough, M1P4V6",Central East,Revera Long Term Care Inc.,For-Profit,Home with approximately 289 beds,Yes,Yes,Yes,Yes, M1P4V6,289,2011-07-18,25,11,7,7.0,3.0,3.0,13.0,4.0,3.0,2.0,2.0,1.0,2020-05-18,289.0,0,active,<5,<5
KENSINGTON VILLAGE,1340 Huron Street,"London, N5V3R3",South West,Sharon Farms & Enterprises Limited,For-Profit,Home with approximately 126 beds,Yes,Yes,Yes,Yes, N5V3R3,126,2010-07-20,72,28,6,41.0,13.0,1.0,13.0,7.0,2.0,10.0,4.0,1.0,2020-04-24,78.0,<5,active,<5,<5
KILEAN LODGE,83 Main Street East,"Grimsby, L3M1N6",Hamilton Niagara Haldimand Brant (Hnhb),Revera Long Term Care Inc.,For-Profit,Home with approximately 50 beds,No,Yes,Yes,Yes, L3M1N6,50,2010-10-29,18,8,5,5.0,2.0,2.0,8.0,3.0,3.0,1.0,1.0,1.0,2020-05-17,50.0,0,active,<5,0.0
KING NURSING HOME,49 Sterne Street,"Bolton, L7E1B9",Central West,King Nursing Home Limited,For-Profit,Home with approximately 86 beds,Yes,Yes,Yes,Yes, L7E1B9,86,2010-08-17,56,23,13,13.0,4.0,2.0,16.0,7.0,5.0,23.0,9.0,5.0,2020-04-24,86.0,0,active,0.0,<5
KIPLING ACRES,2233 Kipling Avenue,"Etobicoke, M9W4L3",Central West,Toronto Long-term Care Homes And Services,Municipal,Home with approximately 337 beds,Yes,Yes,Yes,Yes, M9W4L3,337,2010-09-07,44,23,14,19.0,8.0,6.0,18.0,10.0,7.0,3.0,3.0,2.0,2020-04-24,337.0,11,active,36.0,6.0
KRISTUS DARZS LATVIAN HOME,11290 Pine Valley Drive,"Woodbridge, L4L1A6",Central,Kristus Darzs Latvian Home,Non-Profit,Home with approximately 100 beds,Yes,Yes,No,No, L4L1A6,100,2011-11-17,18,13,6,4.0,4.0,1.0,7.0,5.0,4.0,5.0,4.0,4.0,2020-04-24,100.0,<5,active,9.0,<5
LABDARA LITHUANIAN NURSING HOME,5 Resurrection Road,"Toronto, M9A5G1",Mississauga Halton,Labdara Foundation,Non-Profit,Home with approximately 90 beds,No,Yes,Yes,No, M9A5G1,90,2010-09-28,19,7,4,6.0,,,8.0,3.0,3.0,1.0,1.0,,2020-04-24,90.0,0,active,0.0,<5
LAKESHORE LODGE,3197 Lakeshore Blvd. West,"Etobicoke, M8V3X5",Toronto Central,Toronto Long-term Care Homes And Services,Municipal,Home with approximately 150 beds,No,Yes,Yes,Yes, M8V3X5,150,2011-01-11,17,10,6,10.0,3.0,2.0,4.0,4.0,4.0,,,,2020-04-24,150.0,9,active,39.0,17.0
LAMBTON MEADOWVIEW VILLA,3958 Petrolia Line R. R. #4,"Petrolia, N0N1R0",Erie St. Clair,The Corporation Of The County Of Lambton,Municipal,Home with approximately 125 beds,No,Yes,Yes,No, N0N1R0,125,2010-11-04,34,21,9,10.0,7.0,2.0,18.0,10.0,5.0,3.0,3.0,,2020-04-24,125.0,0,active,0.0,<5
LANARK HEIGHTS LONG TERM CARE CENTRE,46 Lanark Crescent,"Kitchener, N2N2Z8",Waterloo Wellington,Steeves & Rozema Enterprises Limited,For-Profit,Home with approximately 160 beds,No,Yes,Yes,Yes, N2N2Z8,160,2010-08-26,82,20,7,34.0,8.0,3.0,33.0,8.0,4.0,10.0,3.0,,2020-04-24,160.0,<5,active,8.0,5.0
LANARK LODGE,"115 Christie Lake Road, R. R. #4 Lot 27, Concession 2","Perth, K7H3C6",South East,The Corporation Of The County Of Lanark,Municipal,Home with approximately 163 beds,Yes,Yes,Yes,Yes, K7H3C6,163,2010-08-10,37,27,15,14.0,10.0,6.0,15.0,11.0,7.0,3.0,3.0,2.0,2020-05-15,163.0,0,active,0.0,<5
LEAMINGTON MENNONITE HOME LONG TERM CARE RESIDENCE,35 Pickwick Drive,"Leamington, N8H4T5",Erie St. Clair,The Leamington United Mennonite Home And Apartments,Non-Profit,Home with approximately 84 beds,No,Yes,Yes,No, N8H4T5,84,2010-11-17,20,13,6,6.0,3.0,1.0,5.0,5.0,3.0,1.0,1.0,,2020-05-10,84.0,0,active,0.0,<5
LINHAVEN,403 Ontario Street,"St. Catharines, L2N1L5",Hamilton Niagara Haldimand Brant (Hnhb),The Regional Municipality Of Niagara,Municipal,Home with approximately 248 beds,Yes,Yes,Yes,Yes, L2N1L5,248,2010-09-21,56,21,12,22.0,6.0,3.0,21.0,11.0,7.0,10.0,5.0,3.0,2020-07-12,248.0,0,active,0.0,<5
MACASSA  LODGE,701 Upper Sherman Avenue,"Hamilton, L8V3M7",Hamilton Niagara Haldimand Brant (Hnhb),City Of Hamilton,Municipal,Home with approximately 270 beds,No,Yes,Yes,Yes, L8V3M7,270,2010-09-22,31,18,11,10.0,3.0,3.0,10.0,7.0,5.0,6.0,4.0,2.0,2020-05-07,270.0,0,active,0.0,<5
MACKENZIE HEALTH LONG TERM CARE FACILITY,10 Trench Street,"Richmond Hill, L4C4Z3",Central,Mackenzie Health,Non-Profit,Home with approximately 168 beds,No,Yes,Yes,Yes, L4C4Z3,168,2011-10-19,25,16,8,11.0,6.0,4.0,8.0,5.0,3.0,5.0,3.0,2.0,2020-04-24,168.0,0,active,0.0,0.0
MACKENZIE PLACE,52 George Street,"Newmarket, L3Y4V3",Central,Revera Long Term Care Inc.,For-Profit,Home with approximately 93 beds,No,Yes,Yes,Yes, L3Y4V3,93,2011-02-07,27,21,10,14.0,11.0,5.0,7.0,6.0,5.0,2.0,2.0,1.0,2020-04-24,93.0,6,active,46.0,18.0
MADONNA CARE COMMUNITY,1541 St. Joseph Boulevard,"Orleans, K1C7L3",Champlain,The Royale Development Lp,For-Profit,Home with approximately 160 beds,No,Yes,Yes,Yes, K1C7L3,160,2011-05-17,111,68,40,43.0,24.0,14.0,48.0,32.0,20.0,11.0,6.0,4.0,2020-04-24,160.0,11,active,36.0,15.0
MAIN STREET TERRACE,77 Main Street,"Toronto, M4E2V6",Toronto Central,Revera Long Term Care Inc.,For-Profit,Home with approximately 150 beds,Yes,Yes,Yes,Yes, M4E2V6,150,2010-10-05,49,25,9,26.0,10.0,5.0,12.0,10.0,4.0,6.0,2.0,,2020-04-24,150.0,0,active,<5,0.0
MAITLAND MANOR,290 South Street,"Goderich, N7A4G6",South West,Grosvenor Health Care Partnership (No. 3),For-Profit,Home with approximately 91 beds,Yes,Yes,Yes,Yes, N7A4G6,91,2011-03-02,36,22,11,12.0,6.0,3.0,16.0,9.0,5.0,7.0,5.0,4.0,2020-05-20,91.0,0,active,<5,0.0
MALTON VILLAGE LONG TERM CARE CENTRE,7075 Rexwood Road,"Mississauga, L4T4M1",Central West,The Regional Municipality Of Peel,Municipal,Home with approximately 160 beds,No,Yes,Yes,Yes, L4T4M1,160,2010-07-22,62,21,14,29.0,6.0,5.0,18.0,7.0,5.0,6.0,4.0,2.0,2020-04-24,160.0,0,active,<5,<5
MANITOULIN LODGE,3 Main Street P. O. Box 648,"Gore Bay, P0P1H0",North East,584482 Ontario Inc.,For-Profit,Home with approximately 61 beds,Yes,Yes,Yes,Yes, P0P1H0,61,2010-07-23,28,12,8,10.0,3.0,3.0,11.0,4.0,4.0,5.0,3.0,,2020-05-15,62.0,0,active,0.0,<5
MANOIR MAROCHEL,949 Montreal Road,"Ottawa, K1K0S6",Champlain,"Cvh (No. 4) Lp By Its General Partners, Southbridge Health Care Gp Inc. And Southbridge Care Homes (A Limited Partnership, By Its General Partner, Southbridge Care Homes Inc.)",For-Profit,Home with approximately 64 beds,No,Yes,Yes,No, K1K0S6,64,2011-05-18,115,68,22,29.0,14.0,4.0,34.0,18.0,10.0,43.0,30.0,4.0,2020-04-24,64.0,<5,active,10.0,6.0
MAPLE GROVE CARE COMMUNITY,215 Sunny Meadow Blvd.,"Brampton, L6R3B5",Central West,2063415 Ontario Limited As General Partner Of 2063415 Investment Lp,For-Profit,Home with approximately 160 beds,No,Yes,Yes,Yes, L6R3B5,160,2010-07-20,39,24,15,18.0,11.0,7.0,12.0,5.0,4.0,11.0,11.0,7.0,2020-05-13,160.0,0,active,<5,<5
MAPLE VIEW,1029-4Th Avenue West,"Owen Sound, N4K4W1",South West,"Cvh (No. 3) Lp By Its General Partners, Southbridge Health Care Gp Inc. And Southbridge Care Homes (A Limited Partnership, By Its General Partner, Southbridge Care Homes Inc.)",For-Profit,Home with approximately 29 beds,No,Yes,Yes,Yes, N4K4W1,29,2010-07-21,19,9,3,3.0,1.0,,9.0,3.0,2.0,4.0,2.0,,2020-04-24,29.0,0,active,22.0,6.0
MAPLE VIEW LODGE,"746 County Road, 42 East P.O. Box 100","Athens, K0E1B0",South East,United Counties Of Leeds And Grenville,Municipal,Home with approximately 60 beds,No,Yes,Yes,No, K0E1B0,60,2011-06-08,33,14,4,7.0,3.0,1.0,15.0,4.0,1.0,5.0,3.0,1.0,2020-05-13,60.0,0,active,<5,<5
MAPLEWOOD,12 Maplewood Avenue Box 249,"Brighton, K0K1H0",South East,0760444 B.C. Ltd. As General Partner On Behalf Of Omni Health Care Limited Partnership,For-Profit,Home with approximately 49 beds,No,Yes,Yes,Yes, K0K1H0,49,2011-10-12,25,19,10,3.0,2.0,2.0,14.0,11.0,6.0,6.0,5.0,3.0,2020-05-06,49.0,0,active,<5,0.0
MARKHAVEN,54 Parkway Avenue,"Markham, L3P2G4",Central,"Markhaven, Inc.",Non-Profit,Home with approximately 96 beds,No,No,Yes,No, L3P2G4,96,2010-11-08,27,15,10,9.0,2.0,2.0,8.0,5.0,4.0,6.0,5.0,4.0,2020-04-24,96.0,14,active,10.0,19.0
MARSHALL GOWLAND MANOR,749 Devine Street,"Sarnia, N7T1X3",Erie St. Clair,The Corporation Of The County Of Lambton,Municipal,Home with approximately 126 beds,No,Yes,Yes,No, N7T1X3,126,2010-08-27,63,32,14,28.0,14.0,5.0,25.0,14.0,8.0,4.0,3.0,3.0,2020-05-05,126.0,0,active,0.0,<5
MAXVILLE MANOR,80 Mechanic Street West,"Maxville, K0C1T0",Champlain,Maxville Manor,Non-Profit,Home with approximately 122 beds,Yes,Yes,Yes,No, K0C1T0,122,2010-09-17,32,10,3,12.0,3.0,2.0,10.0,3.0,,7.0,1.0,1.0,2020-05-21,122.0,0,active,<5,0.0
MAYNARD NURSING HOME,28 Halton Street,"Toronto, M6J1R3",Toronto Central,Schlegel Villages Inc,For-Profit,Home with approximately 77 beds,No,Yes,Yes,Yes, M6J1R3,77,2011-08-25,21,11,4,8.0,1.0,,4.0,2.0,2.0,8.0,6.0,2.0,2020-04-24,77.0,0,active,<5,<5
MCCALL CENTRE LONG TERM CARE INTERIM UNIT,140 SHERWAY DRIVE,"ETOBICOKE, M9C1A4",Mississauga Halton,The Credit Valley Hospital & Trillium Health Cntr,Non-Profit,Home with approximately 21 beds,No,Yes,No,Yes, M9C1A4,21,2012-09-07,11,8,4,1.0,,,,,,2.0,2.0,2.0,2020-04-24,21.0,0,active,0.0,<5
MEADOW PARK (LONDON),1210 Southdale Road East,"London, N6E1B4",South West,Meadow Park (London) Inc.,For-Profit,Home with approximately 126 beds,Yes,Yes,Yes,Yes, N6E1B4,126,2010-08-11,91,51,14,48.0,26.0,8.0,26.0,16.0,4.0,12.0,9.0,2.0,2020-04-24,126.0,0,active,6.0,0.0
MENNONITE BRETHREN SENIOR CITIZENS HOME,1 Tabor Drive,"St Catharines, L2N1V9",Hamilton Niagara Haldimand Brant (Hnhb),Mennonite Brethren Senior Citizens Home,Non-Profit,Home with approximately 82 beds,Yes,Yes,Yes,No, L2N1V9,82,2010-10-08,28,13,6,5.0,1.0,,13.0,6.0,4.0,4.0,4.0,1.0,2020-07-08,128.0,0,active,0.0,<5
MIDLAND GARDENS CARE COMMUNITY,130 Midland Avenue,"Scarborough, M1N4B2",Central East,2063414 Ontario Limited As General Partner Of 2063414 Investment Lp,For-Profit,Home with approximately 299 beds,Yes,Yes,Yes,Yes, M1N4B2,299,2010-07-16,86,62,39,40.0,28.0,21.0,27.0,17.0,10.0,33.0,32.0,17.0,2020-04-24,299.0,<5,active,<5,<5
MIRAMICHI LODGE,725 Pembroke Street West,"Pembroke, K8A8S6",Champlain,County Of Renfrew,Municipal,Home with approximately 166 beds,Yes,Yes,Yes,Yes, K8A8S6,166,2010-10-22,30,18,10,11.0,8.0,5.0,15.0,7.0,5.0,1.0,1.0,1.0,2020-04-24,166.0,0,inactive,,
MOIRA PLACE LONG-TERM CARE HOME,415 River Street West P.O. Box 200,"Tweed, K0K3J0",South East,Aon Inc.,For-Profit,Home with approximately 128 beds,No,Yes,Yes,Yes, K0K3J0,128,2011-07-28,37,27,7,12.0,7.0,2.0,14.0,13.0,4.0,5.0,2.0,,2020-04-24,128.0,0,active,0.0,<5
MON SHEONG HOME FOR THE AGED,36 D'Arcy Street,"Toronto, M5T1J7",Toronto Central,Mon Sheong Foundation,Non-Profit,Home with approximately 105 beds,Yes,Yes,No,No, M5T1J7,105,2010-12-02,13,9,4,3.0,1.0,1.0,4.0,4.0,3.0,,,,2020-04-24,105.0,24,active,50.0,16.0
MON SHEONG SCARBOROUGH LONG TERM CARE CENTRE,2030 Mcnicoll Avenue,"Scarborough, M1V5P4",Central East,Mon Sheong Foundation,Non-Profit,Home with approximately 160 beds,Yes,Yes,Yes,No, M1V5P4,160,2011-11-26,18,13,6,5.0,4.0,2.0,8.0,6.0,3.0,2.0,1.0,,2020-05-13,160.0,0,active,<5,<5
MONTFORT,705 Montreal Road,"Ottawa, K1K0M9",Champlain,Revera Long Term Care Inc.,For-Profit,Home with approximately 128 beds,No,Yes,Yes,Yes, K1K0M9,128,2011-03-02,89,53,26,43.0,25.0,22.0,27.0,10.0,4.0,14.0,12.0,,2020-04-24,128.0,14,active,27.0,11.0
MOUNT HOPE CENTRE FOR LONG TERM CARE,21 Grosvenor Street P.O. Box 5777,"London, N6A1Y6",South West,"St. Joseph's Health Care, London",Non-Profit,Home with approximately 177 beds,Yes,Yes,Yes,Yes, N6A1Y6,177,2011-04-19,89,46,17,40.0,16.0,2.0,35.0,22.0,12.0,19.0,12.0,4.0,2020-04-24,394.0,0,inactive,,
NISBET LODGE,740 Pape Avenue,"Toronto, M4K3S7",Toronto Central,Nisbet Lodge,Non-Profit,Home with approximately 103 beds,No,Yes,Yes,Yes, M4K3S7,103,2011-07-07,17,14,10,8.0,6.0,6.0,3.0,3.0,3.0,2.0,2.0,2.0,2020-06-11,103.0,0,active,0.0,<5
NORTH PARK NURSING HOME,450 Rustic Road,"North York, M6L1W9",Central,North Park Nursing Home Limited,For-Profit,Home with approximately 75 beds,No,Yes,Yes,Yes, M6L1W9,75,2010-09-23,26,8,5,11.0,2.0,1.0,6.0,2.0,2.0,3.0,1.0,,2020-05-11,,0,active,0.0,<5
NORTHRIDGE,496 Postridge Drive,"Oakville, L6H7A2",Mississauga Halton,Axr Operating (National) Lp,For-Profit,Home with approximately 133 beds,No,Yes,Yes,Yes, L6H7A2,133,2010-11-09,35,13,5,15.0,2.0,1.0,11.0,6.0,3.0,8.0,4.0,1.0,2020-04-24,133.0,0,active,<5,0.0
NORTHVIEW NURSING HOME,77 River Road P.O. Box 1139,"Englehart, P0J1H0",North East,675412 Ontario Inc.,For-Profit,Home with approximately 48 beds,Yes,Yes,No,Yes, P0J1H0,48,2011-04-26,23,15,7,9.0,7.0,4.0,4.0,3.0,1.0,7.0,4.0,1.0,2020-04-30,48.0,0,active,<5,0.0
NORVIEW LODGE,44 Rob Blake Way,"Simcoe, N3Y0E3",Hamilton Niagara Haldimand Brant (Hnhb),The Corporation Of Norfolk County,Municipal,Home with approximately 180 beds,Yes,Yes,Yes,Yes, N3Y0E3,180,2011-02-08,24,14,5,6.0,1.0,,10.0,6.0,3.0,4.0,4.0,1.0,2020-05-22,179.0,0,active,0.0,<5
NORWOOD NURSING HOME,122 Tyndall Avenue,"Toronto, M6K2E2",Toronto Central,Norwood Nursing Home Limited,For-Profit,Home with approximately 60 beds,No,Yes,Yes,Yes, M6K2E2,60,2011-06-24,15,8,3,7.0,2.0,1.0,2.0,1.0,1.0,1.0,,,2020-04-24,60.0,0,active,<5,<5
ORCHARD VILLA,1955 Valley Farm Road,"Pickering, L1V3R6",Central East,"Cvh (No. 6) Lp By Its General Partners, Southbridge Health Care Gp Inc. And Southbridge Care Homes (A Limited Partnership, By Its General Partner, Southbridge Care Homes Inc.)",For-Profit,Home with approximately 233 beds,No,Yes,Yes,Yes, L1V3R6,233,2010-07-15,71,40,16,31.0,15.0,8.0,21.0,9.0,5.0,20.0,16.0,4.0,2020-04-24,233.0,40,active,144.0,45.0
OWEN HILL CARE COMMUNITY,130 Owen Street,"Barrie, L4M3H7",North Simcoe Muskoka,2063414 Ontario Limited As General Partner Of 2063414 Investment Lp,For-Profit,Home with approximately 57 beds,No,Yes,Yes,Yes, L4M3H7,57,2011-04-21,18,9,5,5.0,1.0,1.0,7.0,3.0,3.0,2.0,,,2020-04-25,57.0,0,active,0.0,<5
PARKVIEW MANOR HEALTH CARE CENTRE,98-3rd Street South East P.O. Box 298,"Chesley, N0G1L0",South West,Grosvenor Health Care Partnership (No. 3),For-Profit,Home with approximately 34 beds,No,Yes,Yes,Yes, N0G1L0,34,2011-06-22,18,12,8,5.0,1.0,1.0,4.0,3.0,3.0,8.0,8.0,4.0,2020-05-03,34.0,<5,active,7.0,0.0
PARKWOOD MENNONITE HOME,726 New Hampshire Street,"Waterloo, N2K4M1",Waterloo Wellington,Parkwood Mennonite Home Inc.,Non-Profit,Home with approximately 96 beds,No,Yes,Yes,Yes, N2K4M1,96,2010-09-01,24,15,11,8.0,5.0,4.0,8.0,4.0,4.0,4.0,4.0,4.0,2020-05-18,96.0,0,active,0.0,<5
PEEL MANOR,525 Main Street North,"Brampton, L6X1N9",Central West,The Regional Municipality Of Peel (See Owner No. 416),Municipal,Home with approximately 177 beds,No,Yes,Yes,Yes, L6X1N9,177,2010-08-18,57,17,8,25.0,5.0,2.0,16.0,8.0,6.0,10.0,1.0,,2020-04-24,177.0,<5,active,7.0,0.0
PEOPLECARE A.R. GOUDIE KITCHENER,369 Frederick Street,"Kitchener, N2H2P1",Waterloo Wellington,Peoplecare Not-for-profit Homes Inc.,Non-Profit,Home with approximately 80 beds,No,Yes,Yes,Yes, N2H2P1,80,2010-08-25,33,18,8,12.0,6.0,4.0,15.0,7.0,4.0,2.0,2.0,,2020-04-24,80.0,<5,active,12.0,11.0
PEOPLECARE HILLTOP MANOR CAMBRIDGE,42 Elliott Street,"Cambridge, N1R2J2",Waterloo Wellington,Peoplecare Communities Inc.,For-Profit,Home with approximately 185 beds,No,Yes,Yes,Yes, N1R2J2,185,2010-11-17,42,23,6,15.0,8.0,2.0,18.0,10.0,3.0,7.0,7.0,3.0,2020-05-12,185.0,0,active,0.0,<5
PEOPLECARE OAKCROSSING LONDON,1242 Oakcrossing Road,"London, N6H0G2",South West,Peoplecare Communities Inc.,For-Profit,Home with approximately 160 beds,No,Yes,Yes,Yes, N6H0G2,160,2010-09-07,86,30,17,48.0,15.0,7.0,32.0,11.0,9.0,1.0,1.0,1.0,2020-05-05,160.0,0,active,0.0,<5
PETER D. CLARK CENTRE,9 Meridian Place,"Ottawa, K2G6P8",Champlain,City Of Ottawa,Municipal,Home with approximately 216 beds,No,Yes,Yes,Yes, K2G6P8,216,2011-10-12,91,69,35,44.0,36.0,19.0,32.0,20.0,12.0,11.0,9.0,3.0,2020-04-29,216.0,0,active,0.0,<5
PINECREST (PLANTAGENET),101 Parent Street P.O. Box 250,"Plantagenet, K0B1L0",Champlain,"Cvh (No. 4) Lp By Its General Partners, Southbridge Health Care Gp Inc. And Southbridge Care Homes (A Limited Partnership, By Its General Partner, Southbridge Care Homes Inc.)",For-Profit,Home with approximately 60 beds,No,Yes,Yes,No, K0B1L0,60,2011-07-15,50,32,12,20.0,12.0,6.0,18.0,10.0,4.0,4.0,2.0,,2020-04-24,60.0,0,active,0.0,<5
PINECREST NURSING HOME (BOBCAYGEON),3418 County Road 36 R.R. #2,"Bobcaygeon, K0M1A0",Central East,Medlaw Corporation Limited,For-Profit,Home with approximately 65 beds,No,Yes,Yes,No, K0M1A0,65,2011-09-20,21,12,6,4.0,1.0,1.0,5.0,3.0,2.0,7.0,5.0,3.0,2020-04-24,65.0,29,active,33.0,32.0
PINEHAVEN NURSING HOME,229 Lexington Road,"Waterloo, N2K2E1",Waterloo Wellington,Schlegel Villages Inc.,For-Profit,Home with approximately 84 beds,No,Yes,Yes,Yes, N2K2E1,84,2010-10-13,39,19,7,14.0,7.0,2.0,13.0,6.0,3.0,3.0,2.0,1.0,2020-04-29,84.0,0,active,0.0,<5
PIONEER MANOR,960 Notre Dame Avenue,"Sudbury, P3A2T4",North East,The City Of Greater Sudbury,Municipal,Home with approximately 433 beds,No,Yes,Yes,Yes, P3A2T4,433,2010-12-14,78,46,24,28.0,15.0,8.0,24.0,15.0,8.0,26.0,14.0,4.0,2020-04-27,433.0,0,active,<5,0.0
POST INN VILLAGE,203 Georgian Drive,"Oakville, L6H7H9",Mississauga Halton,The Regional Municipality Of Halton,Municipal,Home with approximately 228 beds,Yes,Yes,Yes,Yes, L6H7H9,228,2010-07-28,35,11,5,20.0,3.0,1.0,9.0,4.0,3.0,2.0,1.0,,2020-04-24,228.0,0,active,<5,<5
PROVIDENCE HEALTHCARE,3276 St. Clair Avenue East,"Scarborough, M1L1W1",Toronto Central,Providence St. Joseph's And St. Michael's Healthcare,Non-Profit,Home with approximately 288 beds,No,Yes,Yes,Yes, M1L1W1,288,2010-11-09,56,30,12,32.0,17.0,5.0,16.0,10.0,6.0,6.0,4.0,2.0,2020-04-24,288.0,<5,active,13.0,6.0
PROVIDENCE MANOR,275 Sydenham Street,"Kingston, K7K1G7",South East,Providence Care Centre,Non-Profit,Home with approximately 243 beds,Yes,Yes,Yes,Yes, K7K1G7,243,2011-06-23,73,52,20,25.0,19.0,9.0,32.0,21.0,9.0,15.0,10.0,3.0,2020-04-24,243.0,0,active,<5,0.0
R. H. LAWSON EVENTIDE HOME,5050 Jepson Street,"Niagara Falls, L2E1K5",Hamilton Niagara Haldimand Brant (Hnhb),The Governing Council Of The Salvation Army In Canada,Non-Profit,Home with approximately 101 beds,Yes,Yes,Yes,No, L2E1K5,101,2010-12-08,18,11,5,4.0,3.0,2.0,5.0,3.0,2.0,6.0,3.0,1.0,2020-07-29,101.0,0,active,<5,<5
REACHVIEW VILLAGE,130 Reach Street,"Uxbridge, L9P1L3",Central East,Revera Long Term Care Inc.,For-Profit,Home with approximately 100 beds,No,Yes,Yes,Yes, L9P1L3,100,2011-04-20,42,24,7,17.0,7.0,4.0,10.0,5.0,2.0,11.0,7.0,1.0,2020-04-24,100.0,0,active,<5,0.0
REGENCY PARK LONG TERM CARE HOME,567 Victoria Avenue,"Windsor, N9A4N1",Erie St. Clair,"Dtoc Long Term Care Lp, By Its General Partner, Dtoc Long Term Care Mgp (A General Partnership) By Its Partners, Dtoc Long Term Care Gp Inc. And Arch Venture Holdings Inc.",For-Profit,Home with approximately 72 beds,No,Yes,Yes,Yes, N9A4N1,72,2010-07-28,29,16,9,15.0,6.0,4.0,8.0,5.0,4.0,1.0,1.0,1.0,2020-05-13,72.0,0,active,0.0,<5
REGINA GARDENS,536 Upper Paradise Road,"Hamilton, L9C5E3",Hamilton Niagara Haldimand Brant (Hnhb),Liuna Local 837 Nursing Home (Ancaster) Corporation,Non-Profit,Home with approximately 128 beds,No,Yes,Yes,Yes, L9C5E3,128,2010-10-19,32,16,6,20.0,7.0,2.0,4.0,3.0,2.0,4.0,3.0,2.0,2020-05-07,128.0,0,active,0.0,<5
RESIDENCE PRESCOTT ET RUSSELL,"1020, Cartier Boulevard","Hawkesbury, K6A1W7",Champlain,United Counties Of Prescott And Russell,Municipal,Home with approximately 146 beds,Yes,Yes,Yes,Yes, K6A1W7,146,2010-09-29,58,32,14,16.0,10.0,6.0,23.0,10.0,6.0,11.0,6.0,4.0,2020-04-24,146.0,0,active,0.0,<5
RESIDENCE SAINT-LOUIS,879 Chemin Parc Hiawatha,"Ottawa, K1C2Z6",Champlain,Bruyere Continuing Care Inc.,Non-Profit,Home with approximately 198 beds,Yes,Yes,Yes,Yes, K1C2Z6,198,2010-09-01,114,72,28,40.0,26.0,12.0,40.0,22.0,10.0,31.0,22.0,4.0,2020-04-24,198.0,0,active,0.0,<5
RIVER GLEN HAVEN NURSING HOME,160 High Street P.O. Box 368,"Sutton West, L0E1R0",Central,Atk Care Inc.,For-Profit,Home with approximately 120 beds,No,Yes,Yes,Yes, L0E1R0,120,2010-08-23,30,17,8,11.0,5.0,3.0,7.0,4.0,2.0,11.0,7.0,3.0,2020-04-28,119.0,0,active,8.0,0.0
RIVERSIDE PLACE,3181 Meadowbrook Lane,"Windsor, N8T0A4",Erie St. Clair,Axr Operating (National) Lp,For-Profit,Home with approximately 96 beds,No,Yes,Yes,Yes, N8T0A4,96,2010-08-19,54,27,15,27.0,13.0,8.0,19.0,10.0,7.0,1.0,1.0,,2020-05-11,96.0,0,active,0.0,<5
RIVERVIEW GARDENS,519 King Street West,"Chatham, N7M1G8",Erie St. Clair,The Corporation Of The Municipality Of Chatham-kent,Municipal,Home with approximately 320 beds,Yes,Yes,Yes,No, N7M1G8,320,2010-09-16,106,44,19,44.0,24.0,8.0,54.0,15.0,10.0,2.0,1.0,1.0,2020-05-11,320.0,0,active,0.0,<5
RIVERVIEW MANOR NURSING HOME,1155 Water Street,"Peterborough, K9H3P8",Central East,0760444 B.C. Ltd. As General Partner On Behalf Of Omni Health Care Limited Partnership,For-Profit,Home with approximately 124 beds,No,Yes,Yes,Yes, K9H3P8,124,2011-06-16,35,19,7,12.0,4.0,2.0,11.0,6.0,3.0,5.0,5.0,2.0,2020-04-24,124.0,0,inactive,,
ROCKCLIFFE CARE COMMUNITY,3015 Lawrence Avenue East,"Scarborough, M1P2V7",Central East,Vigour Limited Partnership On Behalf Of Vigour General Partner Inc.,For-Profit,Home with approximately 204 beds,Yes,Yes,Yes,Yes, M1P2V7,204,2011-05-30,37,29,23,20.0,15.0,12.0,12.0,9.0,8.0,6.0,6.0,5.0,2020-05-02,204.0,0,active,0.0,<5
ROSEBRIDGE MANOR,131 Roses Bridge Road R. R. #2,"Jasper, K0G1G0",South East,0760444 B.C. Ltd. As General Partner On Behalf Of Omni Health Care Limited Partnership,For-Profit,Home with approximately 78 beds,No,Yes,Yes,Yes, K0G1G0,78,2010-07-21,24,14,5,9.0,3.0,1.0,10.0,8.0,4.0,1.0,,,2020-04-24,78.0,0,active,0.0,<5
ROYAL ROSE PLACE,635 Prince Charles Drive North,"Welland, L3C0C7",Hamilton Niagara Haldimand Brant (Hnhb),859530 Ontario Inc. (Operating As Jarlette Health Services),For-Profit,Home with approximately 96 beds,No,No,No,No, L3C0C7,96,2016-08-16,13,13,8,3.0,3.0,2.0,4.0,4.0,2.0,3.0,3.0,2.0,2020-04-24,96.0,10,active,41.0,29.0
ROYAL TERRACE,600 White's Road,"Palmerston, N0G2P0",Waterloo Wellington,Shanti Enterprises Limited,For-Profit,Home with approximately 67 beds,No,Yes,Yes,Yes, N0G2P0,67,2010-08-10,23,13,6,5.0,3.0,,11.0,6.0,5.0,4.0,3.0,1.0,2020-04-24,67.0,0,active,<5,0.0
SAINT LUKE'S PLACE,1624 Franklin Boulevard,"Cambridge, N3C3P4",Waterloo Wellington,Saint Luke's Place,Non-Profit,Home with approximately 114 beds,No,Yes,Yes,Yes, N3C3P4,114,2010-11-16,32,20,9,16.0,12.0,6.0,11.0,5.0,3.0,4.0,4.0,3.0,2020-04-24,114.0,0,inactive,,
SECORD TRAILS CARE COMMUNITY,263 Wonham Street South,"Ingersoll, N5C3P6",South West,Vigour Limited Partnership On Behalf Of Vigour General Partner Inc.,For-Profit,Home with approximately 80 beds,Yes,Yes,Yes,Yes, N5C3P6,80,2010-07-28,60,27,14,25.0,12.0,4.0,22.0,10.0,8.0,13.0,9.0,7.0,2020-05-22,80.0,0,active,0.0,7.0
SEVEN OAKS,9 Neilson Road,"Scarborough, M1E5E1",Central East,Toronto Long-term Care Homes And Services,Municipal,Home with approximately 249 beds,Yes,Yes,Yes,Yes, M1E5E1,249,2011-06-21,47,32,20,21.0,15.0,9.0,17.0,11.0,7.0,8.0,8.0,5.0,2020-04-24,249.0,34,active,94.0,15.0
SHALOM MANOR LONG TERM CARE HOME,12 Bartlett Avenue,"Grimsby, L3M4N5",Hamilton Niagara Haldimand Brant (Hnhb),Shalom Manor Long Term Care Home,Non-Profit,Home with approximately 144 beds,No,Yes,Yes,No, L3M4N5,144,2010-09-01,20,12,9,7.0,4.0,4.0,7.0,4.0,4.0,2.0,2.0,2.0,2020-04-24,144.0,0,inactive,,
SHELBURNE LONG TERM CARE HOME,200 Robert Street P.O. Box 156,"Shelburne, L0N1S1",Central West,"Cvh (No. 8) Lp By Its General Partners, Southbridge Health Care Gp Inc. And Southbridge Care Homes (A Limited Partnership, By Its General Partner, Southbridge Care Homes Inc.)",For-Profit,Home with approximately 60 beds,Yes,Yes,Yes,Yes, L0N1S1,60,2010-09-23,24,17,11,10.0,5.0,4.0,4.0,2.0,1.0,7.0,7.0,5.0,2020-04-24,60.0,5,active,17.0,5.0
SHEPHERD LODGE,3760 Sheppard Avenue East,"Toronto, M1T3K9",Central East,Shepherd Village Inc.,Non-Profit,Home with approximately 252 beds,No,Yes,Yes,Yes, M1T3K9,252,2011-01-24,49,24,16,22.0,11.0,8.0,13.0,8.0,6.0,13.0,6.0,5.0,2020-04-25,252.0,0,active,0.0,0.0
SHERBOURNE PLACE,345 Sherbourne Street,"Toronto, M5A2S3",Toronto Central,Drs. Paul And John Rekai Centre,Non-Profit,Home with approximately 126 beds,Yes,Yes,No,Yes, M5A2S3,126,2010-11-23,31,17,5,14.0,6.0,2.0,9.0,3.0,1.0,4.0,4.0,1.0,2020-04-24,126.0,14,active,43.0,25.0
SHERIDAN VILLA,2460 Truscott Drive,"Mississauga, L5J3Z8",Mississauga Halton,The Regional Municipality Of Peel,Municipal,Home with approximately 142 beds,No,Yes,Yes,Yes, L5J3Z8,142,2010-11-03,26,14,9,12.0,7.0,5.0,7.0,3.0,3.0,4.0,2.0,1.0,2020-04-24,142.0,<5,active,<5,<5
SHERWOOD COURT LONG TERM CARE CENTRE,300 Ravineview Drive,"Maple, L6A3P8",Central,Axr Operating (National) Lp,For-Profit,Home with approximately 96 beds,No,Yes,Yes,Yes, L6A3P8,96,2010-09-09,41,24,12,18.0,12.0,8.0,16.0,8.0,4.0,7.0,5.0,,2020-05-08,96.0,0,active,0.0,<5
SILVERTHORN CARE COMMUNITY,4350 Mississauga Road,"Mississauga, L5M7C8",Mississauga Halton,Specialty Care Mississauga Inc.,For-Profit,Home with approximately 160 beds,No,Yes,Yes,Yes, L5M7C8,160,2010-10-13,30,13,8,9.0,5.0,4.0,15.0,4.0,3.0,4.0,4.0,2.0,2020-04-24,160.0,0,active,0.0,<5
SIMCOE MANOR HOME FOR THE AGED,5988 - 8TH LINE Main Street East,"Beeton, L0G1A0",Central,Corporation Of The County Of Simcoe,Municipal,Home with approximately 126 beds,Yes,Yes,Yes,Yes, L0G1A0,126,2010-07-13,28,11,7,9.0,2.0,1.0,8.0,4.0,4.0,8.0,3.0,3.0,2020-06-23,126.0,0,active,<5,0.0
SOUTH CENTENNIAL MANOR,240 Fyfe Street,"Iroquois Falls, P0K1E0",North East,Anson General Hospital,Non-Profit,Home with approximately 69 beds,Yes,Yes,Yes,Yes, P0K1E0,69,2011-11-15,25,19,13,3.0,3.0,3.0,10.0,6.0,4.0,10.0,7.0,4.0,2020-05-08,69.0,0,active,<5,0.0
SOUTHLAKE RESIDENTIAL CARE VILLAGE,640 Grace Street,"Newmarket, L3Y2L1",Central,Southlake Residential Care Village,Non-Profit,Home with approximately 224 beds,No,Yes,Yes,Yes, L3Y2L1,224,2009-12-01,49,18,13,25.0,6.0,4.0,10.0,4.0,4.0,11.0,5.0,3.0,2020-04-24,224.0,0,active,0.0,<5
SPENCER HOUSE,835 West Ridge Blvd.,"Orillia, L3V8B3",North Simcoe Muskoka,Spencer House Inc.,Non-Profit,Home with approximately 160 beds,No,Yes,Yes,Yes, L3V8B3,160,2010-08-13,32,19,11,10.0,4.0,3.0,12.0,8.0,6.0,6.0,2.0,1.0,2020-04-24,160.0,0,inactive,,
SPRUCEDALE CARE CENTRE,96 Kittridge Avenue East,"Strathroy, N7G2A8",South West,Sprucedale Care Centre Inc.,For-Profit,Home with approximately 96 beds,No,Yes,Yes,Yes, N7G2A8,96,2010-09-15,19,9,4,5.0,2.0,,9.0,4.0,4.0,,,,2020-04-24,96.0,0,inactive,,
ST. PATRICK'S HOME,2865 Riverside Drive,"Ottawa, K1V8N5",Champlain,St. Patrick's Home Of Ottawa Inc.,Non-Profit,Home with approximately 202 beds,Yes,Yes,Yes,Yes, K1V8N5,202,2010-08-24,86,47,24,44.0,19.0,11.0,26.0,20.0,10.0,9.0,6.0,3.0,2020-04-30,288.0,0,active,<5,0.0
ST. ANDREW'S TERRACE LONG TERM CARE COMMUNITY,255 St. Andrew's Street,"Cambridge, N1S1P1",Waterloo Wellington,Steeves & Rozema Enterprises Limited,For-Profit,Home with approximately 128 beds,No,Yes,Yes,Yes, N1S1P1,128,2010-09-09,52,22,9,16.0,8.0,3.0,24.0,7.0,3.0,8.0,7.0,2.0,2020-04-24,128.0,0,inactive,,
ST. CLAIR O'CONNOR COMMUNITY NURSING HOME,2701 St Clair Avenue East,"East York, M4B3M3",Toronto Central,St. Clair O'connor Community Inc.,Non-Profit,Home with approximately 25 beds,No,Yes,Yes,Yes, M4B3M3,25,2011-08-15,9,6,1,1.0,,,2.0,2.0,1.0,,,,2020-04-24,25.0,8,active,18.0,13.0
ST. GABRIEL'S VILLA OF SUDBURY,4690 Municipal Road 15,"Chelmsford, P0M1L0",North East,St. Joseph's Health Centre Of Sudbury,Non-Profit,Home with approximately 128 beds,No,Yes,Yes,Yes, P0M1L0,128,2011-04-13,79,56,34,24.0,16.0,10.0,23.0,18.0,14.0,33.0,25.0,12.0,2020-05-02,128.0,0,active,0.0,<5
ST. GEORGE CARE COMMUNITY,225 St. George Street,"Toronto, M5R2M2",Toronto Central,2063414 Ontario Limited As General Partner Of 2063414 Investment Lp,For-Profit,Home with approximately 238 beds,Yes,Yes,Yes,Yes, M5R2M2,238,2010-11-08,46,22,12,27.0,9.0,6.0,13.0,10.0,6.0,6.0,3.0,3.0,2020-04-26,238.0,0,active,0.0,<5
ST. JOSEPH'S AT FLEMING,659 Brealey Drive,"Peterborough, K9K2R8",Central East,St Joseph's At Fleming,Non-Profit,Home with approximately 200 beds,No,Yes,Yes,Yes, K9K2R8,200,2011-03-09,113,50,17,50.0,22.0,8.0,32.0,15.0,8.0,26.0,8.0,1.0,2020-04-24,200.0,0,active,<5,<5
ST. JOSEPH'S CONTINUING CARE CENTRE,14 York Street,"Cornwall, K6J5T2",Champlain,"Religious Hospitalers Of St. Joseph Of Cornwall, Ontario",Non-Profit,Home with approximately 150 beds,No,Yes,Yes,Yes, K6J5T2,150,2010-09-13,34,19,10,12.0,8.0,3.0,12.0,6.0,5.0,5.0,2.0,2.0,2020-05-10,150.0,0,active,0.0,<5
ST. JOSEPH'S LIFECARE CENTRE,99 Wayne Gretzky Parkway,"Brantford, N3S6T6",Hamilton Niagara Haldimand Brant (Hnhb),St. Joseph's Health System,Non-Profit,Home with approximately 205 beds,No,Yes,Yes,No, N3S6T6,205,2010-12-07,30,18,15,10.0,5.0,5.0,11.0,6.0,5.0,5.0,5.0,3.0,2020-04-24,205.0,0,active,0.0,<5
"ST. JOSEPH'S VILLA, DUNDAS",56 Governor's Road,"Dundas, L9H5G7",Hamilton Niagara Haldimand Brant (Hnhb),St. Joseph's Health System,Non-Profit,Home with approximately 378 beds,Yes,Yes,Yes,Yes, L9H5G7,378,2010-08-05,103,40,18,52.0,18.0,7.0,25.0,9.0,6.0,35.0,17.0,8.0,2020-04-24,425.0,0,active,<5,0.0
"ST. JOSEPH'S VILLA, SUDBURY",1250 South Bay Road,"Sudbury, P3E6L9",North East,St. Joseph's Health Centre Of Sudbury,Non-Profit,Home with approximately 128 beds,No,Yes,Yes,Yes, P3E6L9,128,2011-01-24,39,21,10,14.0,6.0,2.0,11.0,9.0,6.0,10.0,5.0,1.0,2020-04-24,128.0,0,active,<5,<5
STAYNER CARE CENTRE,"244 Main Street East 7308 Highway #26, P.O. Box 350","Stayner, L0M1S0",North Simcoe Muskoka,Stayner Care Centre Inc.,For-Profit,Home with approximately 49 beds,No,Yes,No,No, L0M1S0,49,2011-11-08,15,10,5,3.0,2.0,1.0,3.0,3.0,3.0,5.0,3.0,1.0,2020-06-19,49.0,0,active,0.0,<5
STIRLING HEIGHTS,200 Stirling Macgregor Drive,"Cambridge, N1S5B7",Waterloo Wellington,Axr Operating (National) Lp,For-Profit,Home with approximately 110 beds,No,Yes,Yes,Yes, N1S5B7,110,2011-02-10,23,13,8,7.0,5.0,4.0,10.0,4.0,4.0,2.0,,,2020-04-28,110.0,0,active,0.0,<5
STONERIDGE MANOR,256 High Street,"Carleton Place, K7C1X1",Champlain,Stoneridge Manor Operating Inc.,For-Profit,Home with approximately 60 beds,No,Yes,Yes,Yes, K7C1X1,60,2010-11-01,29,14,8,8.0,4.0,3.0,16.0,6.0,4.0,1.0,1.0,1.0,2020-04-24,60.0,5,active,50.0,13.0
STRATHCONA LONG TERM CARE,465 Dublin Street,"Mount Forest, N0G2L3",Waterloo Wellington,Sharon Farms & Enterprises Limited,For-Profit,Home with approximately 88 beds,Yes,Yes,Yes,Yes, N0G2L3,88,2011-02-28,32,15,9,9.0,4.0,2.0,10.0,5.0,5.0,12.0,7.0,3.0,2020-04-27,87.0,0,active,0.0,<5
SUMAC LODGE,1464 Blackwell Road,"Sarnia, N7S5M4",Erie St. Clair,Revera Long Term Care Inc.,For-Profit,Home with approximately 100 beds,No,Yes,Yes,Yes, N7S5M4,100,2010-09-08,60,25,10,25.0,10.0,4.0,27.0,12.0,6.0,3.0,,,2020-04-28,100.0,0,active,0.0,<5
SUN PARLOR HOME FOR SENIOR CITIZENS,175 Talbot Street East,"Leamington, N8H1L9",Erie St. Clair,The Corporation Of The County Of Essex,Municipal,Home with approximately 206 beds,No,Yes,Yes,No, N8H1L9,206,2010-10-05,54,31,11,14.0,7.0,1.0,29.0,17.0,7.0,8.0,5.0,2.0,2020-04-24,206.0,<5,active,0.0,0.0
SUNNYCREST NURSING HOME,1635 Dundas Street East,"Whitby, L1N2K9",Central East,Sunnycrest Nursing Homes Limited,For-Profit,Home with approximately 136 beds,No,Yes,Yes,Yes, L1N2K9,136,2010-09-30,57,21,6,25.0,9.0,3.0,16.0,8.0,2.0,13.0,3.0,2.0,2020-05-08,136.0,0,active,<5,0.0
SUNNYSIDE HOME,247 Franklin Street North,"Kitchener, N2G4J3",Waterloo Wellington,Regional Municipality Of Waterloo,Municipal,Home with approximately 263 beds,Yes,Yes,Yes,Yes, N2G4J3,263,2010-09-14,84,41,14,30.0,16.0,3.0,47.0,20.0,9.0,5.0,5.0,2.0,2020-05-23,263.0,0,active,0.0,<5
TALL PINES LONG TERM CARE CENTRE,1001 Peter Robertson Blvd.,"Brampton, L6R2Y3",Central West,The Regional Municipality Of Peel,Municipal,Home with approximately 160 beds,No,Yes,Yes,Yes, L6R2Y3,160,2010-08-17,29,15,10,11.0,5.0,3.0,9.0,5.0,5.0,9.0,6.0,3.0,2020-04-24,160.0,0,active,0.0,<5
TELFER PLACE,245 Grand River Street North,"Paris, N3L3V8",Hamilton Niagara Haldimand Brant (Hnhb),Revera Long Term Care Inc.,For-Profit,Home with approximately 45 beds,No,Yes,Yes,Yes, N3L3V8,45,2010-08-30,27,17,5,6.0,4.0,,9.0,5.0,3.0,10.0,6.0,1.0,2020-04-27,45.0,0,active,<5,0.0
TEMISKAMING LODGE,100 Bruce Street P.O. Box 1180,"Haileybury, P0J1K0",North East,Jarlette Ltd.,For-Profit,Home with approximately 82 beds,Yes,Yes,Yes,Yes, P0J1K0,82,2011-04-13,22,10,8,6.0,1.0,1.0,9.0,5.0,5.0,6.0,2.0,2.0,2020-04-30,83.0,0,active,<5,<5
TENDERCARE LIVING CENTRE,1020 McNicoll Avenue,"Scarborough, M1W2J6",Central East,Tendercare Nursing Homes Limited,For-Profit,Home with approximately 254 beds,No,Yes,No,Yes, M1W2J6,254,2010-10-13,36,18,9,15.0,6.0,3.0,12.0,5.0,4.0,10.0,7.0,2.0,2020-05-13,254.0,<5,active,0.0,<5
THE ELLIOTT LONG TERM CARE RESIDENCE,170 Metcalfe Street,"Guelph, N1E4Y3",Waterloo Wellington,The Elliott,Non-Profit,Home with approximately 85 beds,No,Yes,Yes,Yes, N1E4Y3,85,2010-08-04,24,11,4,7.0,1.0,1.0,6.0,3.0,2.0,2.0,1.0,,2020-07-16,85.0,0,active,0.0,<5
THE HENLEY HOUSE,20 Ernest Street,"St. Catharines, L2N7T2",Hamilton Niagara Haldimand Brant (Hnhb),Henley House Limited,For-Profit,Home with approximately 160 beds,No,Yes,Yes,Yes, L2N7T2,160,2010-09-22,54,23,12,26.0,12.0,5.0,18.0,6.0,6.0,10.0,4.0,1.0,2020-04-24,160.0,0,active,<5,0.0
THE JEWISH HOME FOR THE AGED,3560 Bathurst Street,"North York, M6A2E1",Toronto Central,The Jewish Home For The Aged,Non-Profit,Home with approximately 472 beds,No,Yes,Yes,Yes, M6A2E1,472,2010-11-09,57,39,26,33.0,20.0,14.0,14.0,10.0,8.0,11.0,10.0,6.0,2020-04-24,472.0,<5,active,<5,<5
THE KENSINGTON GARDENS,25 Brunswick Avenue,"Toronto, M5S2L9",Toronto Central,The Kensington Health Centre,Non-Profit,Home with approximately 350 beds,No,Yes,Yes,Yes, M5S2L9,350,2011-08-23,41,21,12,21.0,8.0,5.0,11.0,7.0,5.0,10.0,7.0,4.0,2020-04-24,350.0,<5,active,22.0,7.0
THE MEADOWS OF DORCHESTER,6623 Kalar Road,"Niagara Falls, L2H2T3",Hamilton Niagara Haldimand Brant (Hnhb),The Regional Municipality Of Niagara,Municipal,Home with approximately 121 beds,No,Yes,Yes,Yes, L2H2T3,121,2011-03-04,20,12,6,7.0,4.0,3.0,8.0,5.0,3.0,1.0,1.0,,2020-07-31,121.0,0,active,0.0,<5
THE NORFOLK HOSPITAL NURSING HOME,365 West Street,"Simcoe, N3Y1T7",Hamilton Niagara Haldimand Brant (Hnhb),The Norfolk Hospital Nursing Home,Non-Profit,Home with approximately 80 beds,No,Yes,Yes,Yes, N3Y1T7,80,2011-08-12,12,8,3,4.0,2.0,1.0,2.0,1.0,1.0,2.0,2.0,,2020-05-19,80.0,0,active,<5,0.0
THE O'NEILL CENTRE,33 Christie Street,"Toronto, M6G3B1",Toronto Central,848357 Ontario Inc.,For-Profit,Home with approximately 162 beds,Yes,Yes,No,Yes, M6G3B1,162,2011-07-07,31,13,7,17.0,4.0,2.0,10.0,6.0,5.0,,,,2020-04-24,162.0,0,active,<5,0.0
THE PERLEY AND RIDEAU VETERANS' HEALTH CENTRE,1750 Russell Road,"Ottawa, K1G5Z6",Champlain,The Perley And Rideau Veterans' Health Centre,Non-Profit,Home with approximately 450 beds,Yes,Yes,Yes,Yes, K1G5Z6,450,2010-09-01,90,51,20,25.0,17.0,7.0,42.0,18.0,8.0,19.0,11.0,3.0,2020-04-24,450.0,<5,active,<5,13.0
THE VILLAGE AT ST. CLAIR,1800 Talbot Road,"Windsor, N9A6S4",Erie St. Clair,Schlegel Villages Inc.,For-Profit,Home with approximately 256 beds,No,No,No,No, N9A6S4,256,2014-11-06,63,60,21,23.0,22.0,9.0,33.0,31.0,10.0,8.0,8.0,4.0,2020-05-04,256.0,0,active,0.0,<5
THE VILLAGE AT UNIVERSITY GATES,250 LAURELWOOD DRIVE,"WATERLOO, N2J0E2",Waterloo Wellington,Schlegel Villages Inc.,For-Profit,Home with approximately 192 beds,No,No,No,No, N2J0E2,192,2015-12-17,16,16,8,8.0,8.0,3.0,6.0,6.0,5.0,3.0,3.0,1.0,2020-04-24,192.0,<5,active,0.0,<5
THE VILLAGE OF ASPEN LAKE,9855 McHugh Street,"Windsor, N8P0A6",Erie St. Clair,R-b-j Schlegel Holdings Inc.,For-Profit,Home with approximately 192 beds,No,Yes,Yes,Yes, N8P0A6,192,2011-05-03,94,46,18,31.0,18.0,8.0,55.0,22.0,8.0,3.0,3.0,,2020-06-15,192.0,0,active,0.0,<5
THE VILLAGE OF ERIN MEADOWS,2930 Erin Centre Boulevard,"Mississauga, L5M7M4",Mississauga Halton,Schlegel Villages Inc.,For-Profit,Home with approximately 180 beds,No,Yes,Yes,Yes, L5M7M4,180,2010-11-08,52,21,17,20.0,7.0,6.0,14.0,6.0,6.0,16.0,8.0,6.0,2020-04-24,180.0,9,active,43.0,21.0
THE VILLAGE OF HUMBER HEIGHTS,2245 Lawrence Avenue West,"Etobicoke, M9P3W3",Central,Oakwood Retirement Communities Inc.,For-Profit,Home with approximately 192 beds,No,Yes,No,Yes, M9P3W3,192,2012-01-31,24,20,12,11.0,7.0,6.0,7.0,7.0,5.0,6.0,6.0,4.0,2020-04-24,192.0,<5,active,9.0,5.0
THE VILLAGE OF RIVERSIDE GLEN,60 Woodlawn Road East,"Guelph, N1H8M8",Waterloo Wellington,Schlegel Villages Inc.,For-Profit,Home with approximately 192 beds,No,Yes,Yes,Yes, N1H8M8,192,2010-07-27,109,42,13,63.0,22.0,6.0,31.0,12.0,5.0,19.0,10.0,2.0,2020-04-25,192.0,0,active,0.0,<5
THE VILLAGE OF SANDALWOOD PARK,425 Great Lakes Drive,"Brampton, L6R2W8",Central West,Oakwood Retirement Communities Inc.,For-Profit,Home with approximately 120 beds,No,Yes,Yes,Yes, L6R2W8,120,2010-09-27,30,14,7,8.0,2.0,2.0,15.0,7.0,5.0,7.0,4.0,2.0,2020-06-15,120.0,0,active,0.0,<5
THE VILLAGE OF TAUNTON MILLS,3800 Brock Street North,"Whitby, L1R3A5",Central East,Oakwood Retirement Communities Inc.,For-Profit,Home with approximately 120 beds,No,Yes,Yes,Yes, L1R3A5,120,2010-08-23,37,22,13,12.0,7.0,6.0,16.0,7.0,4.0,5.0,5.0,2.0,2020-05-14,120.0,0,active,0.0,<5
THE VILLAGE OF WENTWORTH HEIGHTS,1620 Upper Wentworth Street,"Hamilton, L9B2W3",Hamilton Niagara Haldimand Brant (Hnhb),Oakwood Retirement Communities Inc.,For-Profit,Home with approximately 120 beds,No,Yes,Yes,Yes, L9B2W3,120,2010-09-11,26,11,6,9.0,3.0,3.0,6.0,3.0,2.0,8.0,3.0,,2020-05-12,120.0,0,active,0.0,<5
THE VILLAGE OF WINSTON PARK,695 Block Line Road,"Kitchener, N2E3K1",Waterloo Wellington,Winston Hall Nursing Homes Limited,For-Profit,Home with approximately 95 beds,No,Yes,No,Yes, N2E3K1,95,2011-05-18,36,14,6,10.0,5.0,2.0,18.0,5.0,3.0,2.0,1.0,,2020-05-12,95.0,0,active,<5,0.0
THE WEXFORD,1860 Lawrence Avenue East,"Scarborough, M1R5B1",Central East,The Wexford Residence Inc.,Non-Profit,Home with approximately 166 beds,No,Yes,Yes,Yes, M1R5B1,166,2010-09-21,57,30,16,23.0,10.0,7.0,23.0,14.0,6.0,14.0,7.0,3.0,2020-04-26,166.0,0,active,<5,0.0
THE WOODLANDS OF SUNSET,920 Pelham Street,"Welland, L3C1Y5",Hamilton Niagara Haldimand Brant (Hnhb),The Regional Municipality Of Niagara,Municipal,Home with approximately 121 beds,No,Yes,Yes,Yes, L3C1Y5,121,2011-09-22,21,12,6,4.0,3.0,1.0,9.0,5.0,4.0,4.0,2.0,,2020-04-24,121.0,0,active,<5,0.0
THOMPSON HOUSE,1 Overland Drive,"North York, M3C2C3",Central,Don Mills Foundation For Seniors,Non-Profit,Home with approximately 136 beds,No,Yes,Yes,No, M3C2C3,136,2011-10-05,16,12,7,6.0,2.0,2.0,4.0,4.0,4.0,6.0,4.0,3.0,2020-05-15,136.0,0,active,0.0,<5
THORNTONVIEW,186 Thornton Road South,"Oshawa, L1J5Y2",Central East,Revera Long Term Care Inc.,For-Profit,Home with approximately 154 beds,No,Yes,Yes,Yes, L1J5Y2,154,2010-08-18,42,21,13,20.0,13.0,10.0,13.0,4.0,3.0,7.0,2.0,1.0,2020-05-13,154.0,0,active,<5,0.0
TONY STACEY CENTRE FOR VETERANS' CARE,59 Lawson Road,"Toronto, M1C2J1",Central East,Royal Canadian Legion District 'd' Care Centres,Non-Profit,Home with approximately 100 beds,Yes,Yes,No,No, M1C2J1,100,2011-06-27,19,11,7,7.0,3.0,2.0,4.0,4.0,4.0,8.0,5.0,2.0,2020-05-01,100.0,0,active,<5,0.0
TRILLIUM COURT,550 Philip Place,"Kincardine, N2Z3A6",South West,Revera Long Term Care Inc.,For-Profit,Home with approximately 40 beds,No,Yes,Yes,Yes, N2Z3A6,40,2011-04-06,25,12,6,8.0,2.0,1.0,8.0,4.0,2.0,4.0,2.0,2.0,2020-07-30,40.0,0,active,0.0,0.0
TRINITY VILLAGE CARE CENTRE,2727 Kingsway Drive,"Kitchener, N2C1A7",Waterloo Wellington,Lutheran Homes Kitchener-waterloo,Non-Profit,Home with approximately 150 beds,No,Yes,Yes,Yes, N2C1A7,150,2011-02-22,55,22,8,24.0,12.0,4.0,22.0,5.0,3.0,6.0,5.0,2.0,2020-04-24,150.0,<5,active,26.0,25.0
TRUE DAVIDSON ACRES,200 Dawes Road,"Toronto, M4C5M8",Toronto Central,Toronto Long-term Care Homes And Services,Municipal,Home with approximately 187 beds,Yes,Yes,Yes,Yes, M4C5M8,187,2011-09-07,25,15,10,14.0,6.0,4.0,6.0,5.0,5.0,2.0,2.0,2.0,2020-06-12,187.0,0,active,<5,<5
TUFFORD NURSING HOME,312 Queenston Street,"St Catharines, L2P2X4",Hamilton Niagara Haldimand Brant (Hnhb),Unger Nursing Homes Limited,For-Profit,Home with approximately 65 beds,No,Yes,No,Yes, L2P2X4,65,2010-08-10,15,5,2,6.0,1.0,1.0,2.0,1.0,1.0,3.0,1.0,,2020-05-19,64.0,0,active,0.0,0.0
TULLAMORE CARE COMMUNITY,133 Kennedy Road South,"Brampton, L6W3G3",Central West,Vigour Limited Partnership On Behalf Of Vigour General Partner Inc.,For-Profit,Home with approximately 159 beds,Yes,Yes,Yes,Yes, L6W3G3,159,2010-10-13,54,29,18,28.0,13.0,8.0,16.0,8.0,6.0,14.0,7.0,3.0,2020-06-07,159.0,0,active,0.0,<5
TWIN OAKS OF MARYHILL,1360 Maryhill Road,"Maryhill, N0B2B0",Waterloo Wellington,Twin Oaks Of Maryhill Inc.,For-Profit,Home with approximately 31 beds,No,Yes,No,No, N0B2B0,31,2010-11-09,18,12,5,8.0,5.0,3.0,3.0,2.0,1.0,2.0,2.0,,2020-05-06,31.0,0,active,0.0,<5
UKRAINIAN CANADIAN CARE CENTRE,60 Richview Road,"Etobicoke, M9A5E4",Central,St. Demetrius (Ukrainian Catholic) Development Corporation,Non-Profit,Home with approximately 152 beds,No,Yes,Yes,Yes, M9A5E4,152,2010-09-03,17,12,9,7.0,3.0,3.0,5.0,4.0,4.0,3.0,3.0,1.0,2020-04-24,152.0,<5,active,25.0,<5
UNION VILLA,4300 Highway #7,"Unionville, L3R1L8",Central,Unionville Home Society,Non-Profit,Home with approximately 160 beds,No,Yes,Yes,Yes, L3R1L8,160,2010-08-31,36,18,14,12.0,5.0,4.0,12.0,8.0,8.0,11.0,5.0,5.0,2020-05-07,160.0,0,active,0.0,<5
UNITED MENNONITE HOME,4024 Twenty-Third Street,"Vineland, L0R2C0",Hamilton Niagara Haldimand Brant (Hnhb),United Mennonite Home For The Aged,Non-Profit,Home with approximately 128 beds,No,Yes,Yes,No, L0R2C0,128,2010-11-22,28,17,9,13.0,6.0,5.0,10.0,7.0,4.0,4.0,3.0,1.0,2020-06-20,128.0,0,active,0.0,<5
VALLEYVIEW RESIDENCE,541 Finch Avenue West,"North York, M2R3Y3",Central,Advent Health Care Corporation,Non-Profit,Home with approximately 174 beds,No,Yes,No,No, M2R3Y3,174,2011-01-25,57,23,15,28.0,11.0,7.0,16.0,5.0,4.0,10.0,5.0,3.0,2020-04-24,174.0,<5,active,6.0,7.0
VERMONT SQUARE,914 Bathurst Street,"Toronto, M5R3G5",Toronto Central,Vermont Square Ltc Inc. As General Partner Of Vermont Square Ltc Limited Partnership,For-Profit,Home with approximately 130 beds,Yes,Yes,Yes,Yes, M5R3G5,130,2012-02-01,21,15,12,6.0,5.0,4.0,8.0,5.0,5.0,3.0,3.0,3.0,2020-05-02,130.0,0,active,<5,0.0
VILLA COLOMBO HOMES FOR THE AGED,40 Playfair Avenue,"Toronto, M6B2P9",Central,Villa Colombo Homes For The Aged Inc.,Non-Profit,Home with approximately 391 beds,Yes,Yes,Yes,Yes, M6B2P9,391,2010-11-15,58,37,18,22.0,13.0,8.0,25.0,15.0,9.0,13.0,11.0,3.0,2020-04-24,391.0,0,active,0.0,<5
VILLA COLOMBO SENIORS CENTRE (VAUGHAN),"10443 Highway 27, Kleinburg","Vaughan, L0J1C0",Central,Villa Colombo Seniors Centre (Vaughan) Inc.,Non-Profit,Home with approximately 160 beds,No,Yes,Yes,Yes, L0J1C0,160,2010-11-30,46,41,30,28.0,26.0,20.0,10.0,9.0,7.0,11.0,11.0,8.0,2020-04-24,160.0,<5,active,15.0,7.0
VILLA FORUM,175 Forum Drive,"Mississauga, L4Z4E5",Mississauga Halton,Villa Forum,Non-Profit,Home with approximately 160 beds,No,Yes,Yes,Yes, L4Z4E5,160,2010-10-22,39,14,8,17.0,7.0,5.0,9.0,3.0,2.0,3.0,3.0,3.0,2020-04-24,160.0,7,active,34.0,13.0
VILLA LEONARDO GAMBIN,40 Friuli Court,"Woodbridge, L4L9T3",Central,Friuli Long Term Care,Non-Profit,Home with approximately 168 beds,Yes,Yes,Yes,Yes, L4L9T3,168,2011-06-09,36,15,9,15.0,4.0,3.0,11.0,6.0,5.0,8.0,2.0,1.0,2020-04-24,168.0,5,active,33.0,7.0
VILLA MARCONI,1026 Baseline Road,"Ottawa, K2C0A6",Champlain,Villa Marconi Long Term Care Center,Non-Profit,Home with approximately 128 beds,No,Yes,Yes,Yes, K2C0A6,128,2011-05-05,54,41,22,26.0,17.0,11.0,16.0,13.0,7.0,8.0,8.0,5.0,2020-04-24,128.0,0,active,0.0,<5
VISION NURSING HOME,229 Wellington Street,"Sarnia, N7T1G9",Erie St. Clair,Vision '74 Inc.,Non-Profit,Home with approximately 146 beds,Yes,Yes,Yes,Yes, N7T1G9,146,2010-06-09,41,15,8,6.0,2.0,,27.0,8.0,6.0,3.0,1.0,1.0,2020-04-24,146.0,0,active,0.0,<5
WATERS EDGE CARE COMMUNITY,401 William Street,"North Bay, P1A1X5",North East,2063414 Ontario Limited As General Partner Of 2063414 Investment Lp,For-Profit,Home with approximately 148 beds,No,Yes,Yes,Yes, P1A1X5,148,2011-10-17,43,30,14,16.0,10.0,5.0,18.0,12.0,7.0,5.0,5.0,2.0,2020-05-28,148.0,0,active,<5,0.0
WELLESLEY CENTRAL PLACE,160 Wellesley Street East,"Toronto, M4Y1J2",Toronto Central,Drs. Paul And John Rekai Centre,Non-Profit,Home with approximately 150 beds,Yes,Yes,Yes,Yes, M4Y1J2,150,2011-08-11,36,24,10,18.0,11.0,3.0,13.0,9.0,6.0,5.0,4.0,2.0,2020-04-24,150.0,10,active,28.0,18.0
WELLINGTON TERRACE LONG-TERM CARE HOME,474 Wellington Road 18,"Fergus, N1M0A1",Waterloo Wellington,Corporation Of The County Of Wellington,Municipal,Home with approximately 176 beds,No,Yes,Yes,No, N1M0A1,176,2010-09-08,18,7,4,3.0,,,9.0,4.0,4.0,1.0,,,2020-04-24,176.0,0,inactive,,
WENTWORTH LODGE,41 South Street West,"Dundas, L9H4C4",Hamilton Niagara Haldimand Brant (Hnhb),City Of Hamilton,Municipal,Home with approximately 160 beds,No,Yes,Yes,Yes, L9H4C4,160,2011-04-06,24,19,13,8.0,8.0,5.0,8.0,5.0,5.0,3.0,3.0,3.0,2020-05-06,160.0,0,active,<5,0.0
WESBURN MANOR,400 The West Mall,"Etobicoke, M9C5S1",Mississauga Halton,Toronto Long-term Care Homes And Services,Municipal,Home with approximately 192 beds,Yes,Yes,Yes,Yes, M9C5S1,192,2011-05-13,66,24,10,46.0,14.0,5.0,10.0,6.0,4.0,13.0,3.0,1.0,2020-04-24,192.0,0,active,<5,0.0
WEST OAK VILLAGE,2370 Third Line,"Oakville, L6M4E2",Mississauga Halton,Axr Operating (National) Lp,For-Profit,Home with approximately 133 beds,No,Yes,Yes,Yes, L6M4E2,133,2010-10-07,34,16,12,14.0,7.0,6.0,10.0,4.0,4.0,5.0,2.0,1.0,2020-05-16,133.0,0,active,0.0,<5
WEST PARK HEALTH CENTRE,103 Pelham Road,"St Catharines, L2S1S9",Hamilton Niagara Haldimand Brant (Hnhb),Cvh (No.1) Lp,For-Profit,Home with approximately 101 beds,Yes,Yes,Yes,Yes, L2S1S9,101,2010-07-21,52,26,14,23.0,8.0,6.0,8.0,7.0,6.0,20.0,9.0,4.0,2020-05-18,101.0,<5,active,<5,0.0
WEST PARK LONG TERM CARE CENTRE,82 Buttonwood Avenue,"Toronto, M6M2J5",Toronto Central,West Park Healthcare Centre,Non-Profit,Home with approximately 200 beds,Yes,Yes,Yes,Yes, M6M2J5,200,2010-10-13,62,29,12,40.0,17.0,6.0,12.0,6.0,4.0,13.0,6.0,4.0,2020-04-24,200.0,12,active,35.0,29.0
WESTMOUNT GARDENS LONG TERM CARE HOME,590 Longworth Road,"London, N6K4X9",South West,Steeves & Rozema Enterprises Limited,For-Profit,Home with approximately 160 beds,No,Yes,Yes,Yes, N6K4X9,160,2010-07-05,90,29,14,38.0,8.0,4.0,42.0,14.0,7.0,7.0,6.0,2.0,2020-06-19,160.0,0,active,0.0,<5
WESTON TERRACE CARE COMMUNITY,2005 Lawrence Avenue West,"Toronto, M9N3V4",Central,2063414 Ontario Limited As General Partner Of 2063414 Investment Lp,For-Profit,Home with approximately 224 beds,No,Yes,Yes,Yes, M9N3V4,224,2010-08-24,40,25,15,21.0,12.0,7.0,12.0,9.0,6.0,10.0,8.0,6.0,2020-04-24,224.0,<5,active,8.0,7.0
WESTSIDE,1145 Albion Road,"Etobicoke, M9V4J7",Central West,Revera Long Term Care Inc.,For-Profit,Home with approximately 242 beds,Yes,Yes,Yes,Yes, M9V4J7,242,2010-09-13,52,19,12,30.0,9.0,7.0,15.0,5.0,4.0,11.0,8.0,5.0,2020-05-15,242.0,<5,active,<5,0.0
WIKWEMIKONG NURSING HOME,2281 Wikwemikong Way P.O. Box 114,"Wikwemikong, P0P2J0",North East,Wikwemikong Nursing Home Limited,Non-Profit,Home with approximately 59 beds,Yes,Yes,No,Yes, P0P2J0,59,2010-07-27,54,24,12,12.0,5.0,2.0,16.0,8.0,4.0,20.0,11.0,4.0,2020-05-09,59.0,0,active,<5,0.0
WINBOURNE PARK,1020 Westney Road North,"Ajax, L1T4K6",Central East,Axr Operating (National) Lp,For-Profit,Home with approximately 110 beds,Yes,Yes,Yes,Yes, L1T4K6,110,2010-08-24,44,26,8,21.0,10.0,5.0,15.0,10.0,2.0,3.0,2.0,,2020-04-24,110.0,0,active,0.0,<5
WOODBRIDGE VISTA CARE COMMUNITY,5400 Steeles Avenue West,"Woodbridge, L4L9S1",Central West,2063414 Ontario Limited As General Partner Of 2063414 Investment Lp,For-Profit,Home with approximately 224 beds,No,Yes,Yes,Yes, L4L9S1,224,2010-11-17,56,23,15,28.0,9.0,6.0,22.0,11.0,8.0,8.0,6.0,3.0,2020-05-09,224.0,0,active,<5,<5
WOODHALL PARK CARE COMMUNITY,10260 Kennedy Road North,"Brampton, L6Z4N7",Central West,Specialty Care / Woodhall Park Inc.,For-Profit,Home with approximately 147 beds,No,Yes,Yes,Yes, L6Z4N7,147,2010-10-19,39,17,8,16.0,5.0,2.0,14.0,6.0,5.0,6.0,4.0,2.0,2020-06-12,147.0,0,active,<5,0.0
WOODLAND VILLA,30 Milles Roches Road R. R. #1,"Long Sault, K0C1P0",Champlain,0760444 B.C. Ltd. As General Partner On Behalf Of Omni Health Care Limited Partnership,For-Profit,Home with approximately 119 beds,No,Yes,Yes,Yes, K0C1P0,119,2011-06-15,45,23,7,19.0,8.0,3.0,12.0,6.0,2.0,8.0,5.0,,2020-05-02,111.0,0,active,<5,0.0
WOODS PARK CARE CENTRE,110 Lillian Crescent,"Barrie, L4N5H7",North Simcoe Muskoka,Woods Park Care Centre Inc.,For-Profit,Home with approximately 123 beds,Yes,Yes,Yes,Yes, L4N5H7,123,2011-11-17,31,16,8,14.0,6.0,2.0,7.0,3.0,3.0,5.0,4.0,1.0,2020-04-24,123.0,0,active,0.0,<5
WYNDHAM MANOR LONG TERM CARE CENTRE,291 Reynolds Street,"Oakville, L6J3L5",Mississauga Halton,Halton Healthcare Ltc Inc.,Non-Profit,Home with approximately 128 beds,No,Yes,Yes,Yes, L6J3L5,128,2010-08-27,35,9,7,12.0,2.0,2.0,12.0,3.0,3.0,8.0,2.0,2.0,2020-05-17,128.0,0,active,<5,<5
YEE HONG CENTRE - MISSISSAUGA,5510 Mavis Road,"Mississauga, L5V2X5",Mississauga Halton,Yee Hong Centre For Geriatric Care,Non-Profit,Home with approximately 200 beds,Yes,Yes,Yes,Yes, L5V2X5,200,2011-08-03,24,15,8,11.0,5.0,4.0,7.0,4.0,3.0,2.0,2.0,1.0,2020-05-27,200.0,0,inactive,,
YEE HONG CENTRE - SCARBOROUGH FINCH,60 Scottfield Drive,"Scarborough, M1S5T7",Central East,Yee Hong Centre For Geriatric Care,Non-Profit,Home with approximately 250 beds,Yes,Yes,Yes,Yes, M1S5T7,250,2010-11-24,17,11,8,4.0,3.0,3.0,9.0,5.0,5.0,1.0,1.0,1.0,2020-05-16,250.0,0,active,<5,<5
YEE HONG CENTRE - SCARBOROUGH MCNICOLL,2311 McNicoll Avenue,"Scarborough, M1V5L3",Central East,Yee Hong Centre For Geriatric Care,Non-Profit,Home with approximately 155 beds,Yes,Yes,Yes,Yes, M1V5L3,155,2010-11-26,15,8,3,5.0,3.0,1.0,3.0,1.0,,3.0,,,2020-04-24,155.0,0,active,<5,<5
