FACILITY_NAME,HCC_CODE,HLTH_AUTH,OWNERSHIP,STREET_ADDRESS,CITY,POSTAL,REGULATION,ACCRED_STATUS,DCH_NURSE_LASTYR,DCH_ALLIED_LASTYR,DCH_TOTAL_LASTYR,DCH_NURSE_CURRENTYR,DCH_ALLIED_CURRENTYR,DCH_TOTAL_CURRENTYR,BEDS_TOTAL,ROOMS_PRIVATE,ROOMS_SEMI,ROOMS_MULTI,COMPLAINTS,SUB_COMPLAINTS,INCIDENT_OUTBREAK_100,INCIDENT_ABUSE_100,INCIDENT_FALL_100,INCIDENT_POISON_100,INCIDENT_MEDICATION_100,INCIDENT_WANDERING_100,INCIDENT_INJURY_100,INCIDENT_AGGRESSION_100,AGE,FEMALE,AGE_85_PLUS,AGE_UNDER_65,DEPRESSION,ADL_DEPENDENT,CPS_SEVERE,DEMENTIA,ABS_PHYS_ABUSIVE,ISE_LOW,CMI,THERAPY_PT,THERAPY_RT,THERAPY_OT,MEDS_DEPRESSION,MEDS_ANTIPSYCHOTICS,RESTRAINTS,INSPECTIONS,INFRACTIONS,INFRACTIONS_DISEASE,latitude,longitude,Total Confirmed Cases,Total Deaths,outbreak,RESIDENT_COUNCIL,FAMILY_COUNCIL,BEDS_PRIVATEprop
Adanac Park Lodge,919G3,Vancouver Coastal Health,PNP,851 Boundary Road,Vancouver,V5K4T2,Community Care & Assisted Living Act,Not Accredited,3.11,0.32,3.43,3.11,0.33,3.44,73,67,3,0,0,0,2.7,0.0,15.1,0.0,0.0,2.7,2.7,2.7,63.0,24.8,7.1,55.3,19.1,14.7,8.5,39.6,7.8,61.1,0.49,0.0,72.4,0.0,59.7,58.9,3.3,2.0,2.0,0.0,49.2770771,-123.0245958,,,0,True,False,0.0
Agassiz Seniors Community,936E0,Fraser Health,PFP,1525 MacKay Crescent,Agassiz,V0M1A3,Community Care & Assisted Living Act,Unknown,2.6,0.26,2.87,3.03,0.33,3.36,74,68,0,0,1,0,1.4,0.0,4.1,0.0,0.0,1.4,0.0,4.1,85.0,59.3,59.3,2.8,5.8,34.2,37.4,60.5,11.6,45.8,0.56,4.2,94.2,0.0,15.3,3.1,0.0,2.0,5.0,0.0,49.2335015,-121.7681608,,,0,True,True,0.14864864864864866
Arbutus Care Centre,9B814,Vancouver Coastal Health,PFP,4505 Valley Drive,Vancouver,V6L2L1,Hospital Act,Accredited,2.58,0.22,2.8,2.64,0.21,2.85,156,58,49,0,1,0,0.6,0.6,6.4,0.0,0.0,3.2,0.0,1.9,86.0,71.4,64.3,4.0,15.3,31.0,20.2,61.9,3.0,79.3,0.55,19.7,0.2,0.6,24.8,22.8,0.1,7.0,9.0,0.0,49.2478819,-123.1579085,1.0,0.0,1,True,True,0.02564102564102564
Baillie House,9A6G9,Fraser Health,HA,11666 Laity St,Maple Ridge,V2X7G5,Hospital Act,Unknown,2.96,0.38,3.34,2.96,0.38,3.34,148,116,16,0,3,2,1.4,0.7,10.8,0.0,0.0,0.0,2.0,0.0,86.0,63.6,63.5,4.1,17.3,24.7,20.1,50.9,5.8,47.5,0.58,13.1,53.0,6.7,38.2,19.6,5.0,2.0,2.0,0.0,49.2171373,-122.631898,,,0,True,True,0.0
Banfield Pavilion - Vancouver General Hospital,9A52F,Vancouver Coastal Health,HA,2785 Ash Street,Vancouver,V5Z1M9,Hospital Act,Accredited,2.79,0.27,3.06,2.79,0.27,3.06,156,17,13,36,3,0,0.0,0.0,3.2,0.0,0.0,0.6,1.3,3.8,82.0,54.0,49.8,7.5,25.7,44.1,32.3,47.7,6.3,52.6,0.64,23.5,0.6,40.7,39.7,13.3,10.8,4.0,1.0,0.0,49.2611939,-123.1187682,,,0,True,True,0.0
Bastion Place,9C094,Interior Health,HA,700 11 St. NE,Salmon Arm,V1E4P9,Hospital Act,Accredited,2.84,0.32,3.16,3.09,0.59,3.68,80,69,2,3,0,0,0.0,2.5,7.5,0.0,0.0,0.0,3.8,1.3,82.0,67.6,46.3,9.4,30.1,39.1,28.9,53.8,4.5,42.5,0.62,18.4,0.4,4.1,55.3,23.9,10.7,0.0,0.0,0.0,50.7378252,-119.2720293,,,0,True,True,0.0
Belvedere Care Centre,9BG96,Fraser Health,PFP,739 Alderson Avenue,Coquitlam,V3K7B3,Hospital Act,Unknown,2.49,0.29,2.78,2.66,0.29,2.95,123,146,2,0,5,1,0.0,0.8,5.7,0.0,0.0,0.0,2.4,0.0,88.0,75.7,69.6,0.4,22.4,33.3,29.4,62.5,8.8,26.5,0.58,8.1,75.0,0.9,45.8,12.1,3.3,4.0,2.0,1.0,49.24008325,-122.87856982297993,,,0,True,True,0.5447154471544715
Bevan Village,923E0,Fraser Health,PFP,33386 Bevan Ave.,Abbotsford,V2S5G6,Community Care & Assisted Living Act,Not Accredited,2.43,0.31,2.73,2.64,0.31,2.95,122,105,5,0,1,1,0.0,0.0,4.9,0.0,0.0,0.0,2.5,0.8,88.0,65.5,73.4,1.4,40.3,41.5,11.9,71.6,15.3,26.1,0.6,2.3,0.0,0.0,56.3,29.4,8.7,1.0,3.0,0.0,49.0413325,-122.2992395,,,0,True,True,0.819672131147541
Blenheim Lodge,999BD,Vancouver Coastal Health,PNP,3263 Blenheim Street,Vancouver,V6L2X7,Community Care & Assisted Living Act,Not Accredited,2.57,0.18,2.75,2.66,0.18,2.84,100,65,17,0,2,1,0.0,1.0,24.0,0.0,0.0,3.0,0.0,9.0,88.0,83.5,67.0,0.0,22.5,46.2,44.9,69.5,4.7,59.3,0.6,0.0,89.6,0.0,45.7,17.0,2.4,6.0,4.0,0.0,49.2572761,-123.1791189,,,0,True,True,0.06
Braddan Private Hospital,91997,Vancouver Coastal Health,PFP,2450 West 2nd Ave,Vancouver,V6K1J6,Hospital Act,Not Accredited,2.69,0.12,2.81,2.72,0.12,2.84,62,22,20,0,0,0,0.0,1.6,4.8,0.0,1.6,3.2,0.0,0.0,85.0,78.7,63.6,1.6,13.3,26.1,17.8,54.4,3.3,61.0,0.54,0.0,71.8,0.0,36.9,8.0,14.7,2.0,0.0,0.0,49.2697848,-123.1610416529879,,,0,True,True,0.03225806451612903
Bradley Center,9A6JG,Fraser Health,HA,45600 Menholm Rd,Chilliwack,V2P1P7,Hospital Act,Unknown,3.02,0.23,3.25,3.02,0.23,3.25,90,8,1,20,0,0,0.0,0.0,1.1,0.0,0.0,0.0,0.0,0.0,87.0,69.3,69.5,5.2,19.0,25.2,19.7,48.0,4.1,46.9,0.59,0.3,41.8,0.7,51.4,25.4,9.0,1.0,5.0,1.0,49.16730645,-121.96485716719084,,,0,True,False,0.0
Brandt's Creek Mews,937BA,Interior Health,PFP,2081 Cross Rd,Kelowna,V1V2G2,Community Care & Assisted Living Act,Accredited,2.8,0.35,3.15,3.0,0.35,3.35,102,102,0,0,0,0,2.0,0.0,10.8,0.0,1.0,0.0,0.0,3.9,84.0,70.5,50.8,4.7,57.3,26.1,33.8,81.3,24.9,48.0,0.59,17.7,59.0,15.3,59.7,6.8,10.6,1.0,0.0,0.0,49.9200841,-119.4354247,,,0,True,True,0.0196078431372549
Broadway Pentecostal Lodge,9A9CE,Vancouver Coastal Health,PNP,1377 Lamey's Mill Rd,Vancouver,V6H3S9,Community Care & Assisted Living Act,Not Accredited,2.64,0.31,2.95,2.78,0.31,3.09,114,114,0,0,3,2,0.0,0.0,12.3,0.0,0.0,7.0,0.0,1.8,82.0,44.5,40.1,5.5,25.4,28.2,28.9,65.3,5.9,45.1,0.53,0.4,64.6,0.0,39.7,38.0,7.1,6.0,8.0,0.0,49.2674372,-123.1343725,,,0,True,False,0.0
Brocklehurst Gemstone Care Centre,93E9A,Interior Health,PFP,1955 Tranquille Road,Kamloops,V2B3M4,Community Care & Assisted Living Act,Accredited,2.8,0.35,3.15,2.97,0.35,3.32,130,126,4,0,0,0,0.0,0.0,23.8,0.0,0.8,0.0,4.6,2.3,85.0,68.8,58.4,2.8,25.7,28.5,18.8,68.1,9.3,47.5,0.55,0.0,0.4,0.0,54.7,28.0,10.3,1.0,2.0,0.0,50.6997303,-120.3999925,,,0,True,True,0.038461538461538464
Brookhaven Care Centre,917I9,Interior Health,HA,1775 Shannon Lake Rd,West Kelowna,V4T2N7,Hospital Act,Accredited,2.82,0.34,3.16,3.03,0.39,3.42,84,0,0,0,0,0,1.2,1.2,19.0,0.0,0.0,0.0,3.6,2.4,83.0,56.6,55.2,7.9,28.0,36.0,32.5,72.8,10.2,54.8,0.59,8.1,67.5,51.6,63.7,26.8,0.0,0.0,0.0,0.0,49.8648276,-119.5896005,,,0,True,True,0.0
Brookside Lodge,937F0,Fraser Health,PFP,19550 Fraser Highway,Surrey,V3S6K5,Community Care & Assisted Living Act,Unknown,2.66,0.23,2.89,2.97,0.39,3.36,103,93,5,0,0,0,1.0,1.0,7.8,0.0,0.0,2.9,0.0,1.0,80.0,59.5,47.1,15.1,11.5,18.4,19.1,66.5,8.9,41.9,0.6,12.4,53.8,1.7,54.3,21.4,4.2,8.0,13.0,0.0,49.114097,-122.681031,,,0,True,True,0.13592233009708737
Buchanan Lodge,9A500,Fraser Health,PNP,409 Blair Ave,New Westminster,V3L4A4,Community Care & Assisted Living Act,Unknown,2.71,0.35,3.06,2.76,0.36,3.12,112,104,4,0,1,0,2.7,1.8,8.9,0.0,0.0,1.8,0.9,0.9,86.0,69.2,60.0,3.3,13.7,39.9,26.7,67.0,8.4,62.0,0.57,8.4,2.3,0.2,39.6,19.4,12.6,3.0,3.0,1.0,49.22877315,-122.89808629846813,,,0,True,True,0.0
Capilano Care Centre,9C414,Vancouver Coastal Health,PFP,525 Clyde Avenue,West Vancouver,V7T1C4,Hospital Act & Community Care & Assisted Living Act,Accredited,2.58,0.2,2.78,2.76,0.2,2.96,205,76,48,11,2,0,0.5,0.0,18.5,0.0,0.0,2.0,1.5,14.6,84.0,69.0,54.6,4.0,46.6,19.0,32.8,74.4,9.1,45.7,0.56,0.3,29.6,0.3,59.6,19.0,0.7,3.0,3.0,0.0,49.329066,-123.13,,,0,True,True,0.0
CareLife Fleetwood,9A5AD,Fraser Health,HA,8265 159th Street,Surrey,V4N5T5,Hospital Act,Unknown,3.78,0.4,4.19,3.78,0.4,4.18,191,167,12,0,1,0,0.5,0.0,1.6,0.0,0.0,0.5,0.5,0.0,80.0,60.7,47.5,16.3,12.9,43.5,29.6,37.5,7.8,57.9,0.67,26.6,47.6,21.7,43.1,22.3,4.6,1.0,0.0,0.0,49.1527,-122.7822,,,0,True,False,0.0
Carlton Gardens Care Centre,99FE5,Fraser Health,PFP,4108 Norfolk Street,Burnaby,V5G0B4,Community Care & Assisted Living Act,Accredited,2.53,0.29,2.82,3.0,0.36,3.36,128,120,4,0,0,0,1.6,0.8,9.4,0.0,0.0,0.8,0.0,1.6,84.0,67.6,53.5,1.8,7.5,26.6,25.5,70.7,21.2,69.2,0.55,1.9,4.0,0.2,47.5,27.3,4.6,3.0,6.0,1.0,49.2550436,-123.0128497,,,0,True,True,0.0859375
Cartier House Seniors Community,992EJ,Fraser Health,PFP,1419 Cartier St,Coquitlam,V3K2C6,Community Care & Assisted Living Act,Unknown,2.43,0.3,2.73,2.67,0.3,2.97,78,30,24,0,1,1,2.6,1.3,10.3,0.0,0.0,0.0,0.0,0.0,88.0,83.1,68.8,1.6,40.2,24.8,26.7,74.3,10.6,51.1,0.59,4.2,27.3,0.6,49.2,23.7,8.3,2.0,5.0,0.0,49.28317715,-122.78734899022074,,,0,True,True,0.0
Castleview Care Centre,9C017,Interior Health,PFP,2300 14th Ave.,Castlegar,V1N4A6,Community Care & Assisted Living Act,Unknown,2.8,0.35,3.15,3.0,0.35,3.35,61,61,0,0,0,0,1.6,0.0,11.5,0.0,0.0,1.6,1.6,1.6,85.0,68.2,57.1,2.5,39.7,15.4,18.4,87.5,5.1,16.2,0.57,76.5,57.4,0.0,59.6,10.6,0.0,1.0,2.0,0.0,49.2881065,-117.6624447,,,0,True,True,0.26229508196721313
Cedarview Lodge,9AF9E,Vancouver Coastal Health,HA,1200 Cedar Village Close,North Vancouver,V7J3P3,Community Care & Assisted Living Act,Accredited,2.8,0.24,3.04,2.8,0.24,3.04,89,89,0,0,0,0,0.0,0.0,6.7,0.0,0.0,2.2,0.0,0.0,84.0,64.2,54.1,2.3,22.4,33.3,45.8,81.6,7.5,62.3,0.54,3.4,54.2,2.2,68.2,49.7,13.5,0.0,0.0,0.0,49.326053,-123.04,,,0,True,True,0.0
Central City Lodge,99A78,Vancouver Coastal Health,PNP,415 West Pender St,Vancouver,V6B1V2,Community Care & Assisted Living Act,Not Accredited,2.59,0.32,2.91,2.89,0.32,3.21,100,84,8,0,0,0,2.0,0.0,5.0,2.0,0.0,3.0,1.0,1.0,70.0,19.7,6.7,30.9,32.0,15.6,24.2,52.8,9.5,39.1,0.54,19.8,65.3,7.3,58.9,34.2,9.2,2.0,0.0,0.0,49.28313320000001,-123.1119351,1.0,0.0,1,True,False,0.0
Cherington Place,9B889,Fraser Health,PFP,13453 111A Ave,Surrey,V3R2C5,Community Care & Assisted Living Act,Unknown,2.47,0.31,2.79,2.64,0.31,2.95,75,33,21,0,3,1,1.3,0.0,5.3,0.0,0.0,0.0,0.0,1.3,87.0,72.3,65.9,1.8,20.7,20.7,25.4,68.2,5.7,27.5,0.56,1.3,20.4,0.7,43.5,16.0,5.1,8.0,0.0,0.0,49.20565300000001,-122.849334,,,0,True,False,0.0
Christenson Village,92I30,Vancouver Coastal Health,PNP,585 Shaw Road,Gibsons,V0N1V8,Community Care & Assisted Living Act,Accredited,3.01,0.21,3.22,3.12,0.22,3.34,80,80,0,0,0,0,0.0,0.0,12.5,0.0,0.0,0.0,0.0,0.0,86.0,77.0,67.1,2.1,29.3,32.3,49.5,75.8,7.9,54.4,0.57,8.5,4.8,0.0,65.9,15.6,14.3,2.0,4.0,0.0,49.4045,-123.519,,,0,True,True,0.0
Columbia Garden Village,93DHA,Interior Health,PFP,"800-10 Ave., Box 578",Invermere,V0A1K0,Community Care & Assisted Living Act,Accredited,2.8,0.35,3.15,2.93,0.35,3.28,34,34,0,0,1,0,0.0,2.9,23.5,0.0,0.0,0.0,8.8,5.9,81.0,61.6,55.0,12.6,14.8,18.5,20.0,63.7,9.6,49.6,0.5,4.4,55.6,0.0,43.7,28.9,3.2,1.0,4.0,0.0,50.50146,-116.03312,,,0,True,False,0.0
Columbia House - Invermere District Hospital,915C7,Interior Health,HA,1030 - 10th Street,Invermere,V0A1K0,Community Care & Assisted Living Act,Accredited,2.8,0.34,3.14,2.77,0.39,3.16,35,35,0,0,0,0,0.0,0.0,2.9,0.0,0.0,0.0,0.0,2.9,84.0,61.9,58.9,8.9,23.1,21.4,20.5,67.5,4.3,46.2,0.56,32.5,70.9,4.3,13.7,5.7,23.7,0.0,0.0,0.0,50.5060821,-116.0328794,,,0,True,True,0.0
Columbia View Lodge,98H3C,Interior Health,HA,2920 Laburnum Dr,Trail,V1R4N2,Community Care & Assisted Living Act,Accredited,2.9,0.3,3.2,2.94,0.4,3.34,76,76,0,0,0,0,0.0,2.6,3.9,0.0,0.0,3.9,3.9,1.3,85.0,70.4,59.5,5.0,34.1,31.9,40.5,73.8,5.0,34.8,0.57,38.7,71.3,26.5,73.1,14.4,2.2,0.0,0.0,0.0,49.09953,-117.6793694,,,0,True,True,0.0
Columbus Residence,9BHG7,Vancouver Coastal Health,PNP,704 West 69th Avenue,Vancouver,V6P2W3,Community Care & Assisted Living Act,Accredited,2.62,0.24,2.86,2.73,0.21,2.94,76,74,1,0,1,0,0.0,0.0,3.9,0.0,0.0,1.3,1.3,0.0,85.0,77.6,60.4,0.9,18.8,35.6,25.7,69.3,7.6,35.6,0.54,14.2,60.1,0.7,35.3,23.6,20.4,3.0,0.0,0.0,49.208775,-123.121,,,0,True,True,0.0
Cottage and Worthington Pavilions - MSA Hospital,9A6GA,Fraser Health,HA,33457 Cottage Lane,Abbotsford,V2S0B3,Hospital Act,Unknown,3.05,0.3,3.35,3.05,0.3,3.35,119,11,6,24,3,1,0.8,0.0,0.0,0.0,0.0,0.0,0.0,0.0,89.0,65.6,73.9,3.2,17.3,38.8,27.1,32.0,5.8,62.6,0.58,25.2,75.7,1.2,48.6,20.7,7.8,1.0,0.0,0.0,49.04118560000001,-122.2963164,7.0,1.0,1,True,True,0.0
Cottonwoods Care Centre,9A6EF,Interior Health,HA,2255 Ethel Street,Kelowna,V1Y2Z9,Hospital Act,Accredited,2.86,0.34,3.2,2.91,0.35,3.26,221,34,29,33,0,0,1.8,1.4,10.0,0.0,0.5,18.6,5.0,0.0,85.0,66.2,64.0,6.3,28.1,31.1,30.1,60.7,6.7,38.7,0.61,6.0,36.6,25.4,39.2,25.8,4.3,1.0,5.0,1.0,49.8729257,-119.482555,,,0,True,True,0.0
Creekside Landing,934BA,Interior Health,PFP,6190 Okanagan Landing Rd,Vernon,V1H1M3,Community Care & Assisted Living Act,Accredited,2.8,0.35,3.15,2.98,0.35,3.33,70,70,0,0,1,1,0.0,0.0,11.4,0.0,0.0,1.4,4.3,0.0,84.0,57.7,57.4,3.6,52.3,21.2,36.7,66.4,2.1,45.6,0.7,4.9,57.6,2.1,64.0,23.1,1.9,2.0,6.0,0.0,50.2465633,-119.3223493,,,0,True,True,0.0
Crescent Gardens,91GD7,Fraser Health,PFP,1222 King George Boulevard,Surrey,V4A9W6,Community Care & Assisted Living Act,Unknown,2.47,0.31,2.79,2.64,0.31,2.95,75,69,3,0,2,0,2.7,0.0,12.0,0.0,0.0,1.3,1.3,1.3,89.0,70.6,72.7,1.7,8.0,13.7,9.0,44.0,6.7,51.3,0.54,1.0,1.3,0.0,34.7,22.2,5.5,3.0,4.0,0.0,49.02467100000001,-122.76523600000002,,,0,True,True,0.29333333333333333
Crest View Village,92DG0,Interior Health,PFP,800 Cavell Street,Creston,V0B1G4,Community Care & Assisted Living Act,Accredited,2.8,0.35,3.15,2.98,0.35,3.33,32,32,0,0,0,0,3.1,3.1,3.1,0.0,0.0,0.0,3.1,0.0,88.0,63.1,78.0,0.0,33.3,28.9,11.9,66.7,4.4,39.3,0.56,0.7,2.2,0.7,37.8,23.3,10.8,0.0,0.0,0.0,49.1042985,-116.5148918,,,0,True,True,0.0625
Czorny Alzheimer Centre,9327A,Fraser Health,HA,16850 66th Avenue,Surrey,V3S5M1,Hospital Act,Unknown,3.29,0.21,3.5,3.29,0.21,3.5,72,72,0,0,0,0,0.0,0.0,11.1,0.0,0.0,0.0,4.2,0.0,83.0,54.3,40.4,2.2,4.6,27.2,60.2,65.1,12.6,74.3,0.53,0.8,59.4,0.0,34.9,45.7,0.0,2.0,1.0,0.0,49.12241,-122.75509,1.0,0.0,1,False,False,0.0
Dania Home,99C1E,Fraser Health,PNP,4175 Norland Avenue,Burnaby,V5G3S7,Community Care & Assisted Living Act,Accredited,2.95,0.26,3.21,3.07,0.29,3.36,102,102,0,0,1,0,1.0,2.0,5.9,0.0,0.0,0.0,1.0,0.0,83.0,64.7,56.3,9.9,19.3,16.7,14.1,59.0,5.0,40.2,0.61,15.4,56.7,0.3,41.0,13.1,12.4,3.0,2.0,1.0,49.247584,-122.975187,1.0,0.0,1,True,True,0.0
David Lloyd Jones Home,99127,Interior Health,HA,934 Bernard Ave,Kelowna,V1Y6P8,Community Care & Assisted Living Act,Accredited,2.83,0.35,3.18,2.83,0.37,3.2,64,64,0,0,0,0,4.7,4.7,1.6,1.6,0.0,1.6,1.6,0.0,86.0,65.3,63.3,5.5,33.2,43.0,26.2,70.3,8.6,37.5,0.57,2.7,19.9,29.7,54.7,35.8,3.9,1.0,4.0,0.0,49.8869222,-119.4815286,,,0,True,True,0.0
Delta View Life Enrichment Centre,9940H,Fraser Health,PFP,9321 Burns Drive,Delta,V4K3N3,Hospital Act,Accredited,2.77,0.35,3.13,3.0,0.36,3.36,212,172,20,0,0,0,0.0,0.0,6.1,0.0,0.0,0.0,0.5,0.0,85.0,66.2,55.0,2.8,26.4,39.7,48.4,73.9,18.7,69.6,0.61,38.2,0.0,0.0,47.0,15.9,0.3,1.0,0.0,0.0,49.09130415,-122.96486604215154,1.0,0.0,1,True,True,0.29245283018867924
Deni House,93B40,Interior Health,HA,517 6th Ave N.,Williams Lake,V2G2G8,Hospital Act,Accredited,2.89,0.36,3.25,3.09,0.67,3.76,28,13,0,5,0,0,0.0,3.6,28.6,0.0,0.0,7.1,0.0,0.0,80.0,43.3,48.4,17.8,23.4,29.9,39.0,61.0,5.2,27.3,0.58,0.0,24.7,0.0,51.9,41.0,8.8,1.0,1.0,0.0,52.1378197,-122.1436286,,,0,True,False,0.0
Dogwood Lodge,999F1,Vancouver Coastal Health,HA,500 West 57th Avenue,Vancouver,V6P6E8,Community Care & Assisted Living Act,Accredited,2.73,0.12,2.85,2.83,0.29,3.12,83,83,0,0,0,0,0.0,0.0,3.6,0.0,0.0,0.0,0.0,0.0,84.0,78.0,56.0,1.6,25.9,43.5,42.3,61.7,6.8,53.4,0.54,35.8,2.2,0.3,44.4,20.4,0.9,1.0,0.0,0.0,49.218578,-123.118,,,0,True,True,0.0
Dr. Andrew Pavilion - Summerland Health Centre,9AJF4,Interior Health,HA,12815 Atkinson Rd.,Summerland,V0H1Z0,Hospital Act,Accredited,2.81,0.34,3.15,2.81,0.33,3.14,50,4,5,8,0,0,2.0,2.0,2.0,0.0,0.0,0.0,0.0,0.0,89.0,75.5,76.7,0.4,22.3,45.1,18.7,71.5,1.0,60.1,0.58,0.0,0.0,0.0,34.7,23.7,6.7,0.0,1.0,0.0,49.6027035,-119.6679222,,,0,True,True,0.0
Dr. F. W. Green Memorial Home,98F1A,Interior Health,HA,1700 4th Street St. South,Cranbrook,V1C6E1,Community Care & Assisted Living Act,Accredited,2.94,0.32,3.26,2.96,0.55,3.51,58,60,0,0,0,0,1.7,0.0,10.3,0.0,0.0,3.4,1.7,0.0,84.0,62.9,59.5,7.9,29.1,45.5,30.7,85.2,4.2,55.6,0.59,0.0,0.0,0.0,47.6,25.6,6.9,0.0,0.0,0.0,49.50527,-115.75737,,,0,False,True,0.0
Dufferin Care Centre,919C4,Fraser Health,PFP,1131 Dufferin St,Coquitlam,V3B7X5,Hospital Act,Accredited,2.43,0.31,2.73,2.64,0.31,2.95,153,0,0,0,4,1,0.7,0.0,15.0,0.0,0.0,0.7,1.3,0.0,84.0,73.9,53.6,1.4,19.0,39.1,49.8,77.3,15.6,88.4,0.57,0.0,55.3,0.0,43.1,27.3,4.6,3.0,6.0,0.0,49.2791682,-122.80399579999998,22.0,4.0,1,False,False,0.16339869281045752
Eagle Ridge Manor - Port Moody,9C6EC,Fraser Health,HA,475 Guildford Way,Port Moody,V3H3W9,Hospital Act,Unknown,3.1,0.36,3.46,3.1,0.36,3.46,75,39,18,0,1,1,0.0,0.0,0.0,0.0,0.0,0.0,0.0,0.0,86.0,55.7,61.1,3.0,31.6,52.5,33.8,48.7,1.9,30.0,0.63,26.2,57.4,7.6,41.8,14.0,7.4,0.0,0.0,0.0,49.28553745,-122.82369973641943,,,0,True,True,0.0
Eden Care Centre,9AB4F,Fraser Health,PFP,9100 Charles Street,Chilliwack,V2P5K6,Community Care & Assisted Living Act,Not Accredited,2.48,0.31,2.79,2.67,0.31,2.98,89,89,0,0,7,3,4.5,0.0,13.5,0.0,0.0,2.2,0.0,1.1,88.0,64.6,66.1,0.2,16.8,3.5,20.4,57.1,2.7,64.6,0.48,0.0,76.1,0.0,43.4,35.9,8.5,7.0,8.0,1.0,49.1672383,-121.9419001,8.0,1.0,1,True,True,0.0
Elim Village - The Harrison / Harrison West,9371A,Fraser Health,PNP,9025 160 Street,Surrey,V4N2X7,Community Care & Assisted Living Act,Accredited,2.95,0.24,3.19,2.98,0.38,3.36,194,181,6,0,2,0,2.1,0.5,8.8,0.0,0.0,0.5,0.5,0.0,87.0,67.5,67.2,2.1,22.9,36.8,23.5,63.2,11.8,46.5,0.61,0.7,6.4,0.0,42.6,24.2,4.2,6.0,0.0,0.0,49.167023,-122.7815006,1.0,0.0,1,True,True,0.09278350515463918
Evergreen - The Terraces / The Pointe,99420,Fraser Health,PNP,1550 Oxford St,White Rock,V4B3R5,Community Care & Assisted Living Act,Accredited,2.96,0.29,3.25,3.0,0.36,3.36,252,252,0,0,4,1,2.4,0.8,12.3,0.0,0.0,0.8,1.2,0.8,87.0,65.1,64.7,1.2,12.3,18.1,21.2,66.3,14.7,53.2,0.56,0.3,0.0,0.0,50.1,33.9,8.3,12.0,3.0,0.0,49.0264665,-122.8122029,,,0,True,True,0.011904761904761904
Evergreen Extended Care - Powell River Hospital,9A551,Vancouver Coastal Health,HA,4970 Joyce Ave.,Powell River,V8A5P2,Hospital Act,Accredited,2.75,0.23,2.98,2.75,0.23,2.98,75,6,4,15,0,0,1.3,0.0,4.0,0.0,0.0,0.0,0.0,0.0,84.0,63.1,61.1,4.1,11.3,32.5,27.4,42.0,5.7,59.0,0.58,1.9,0.5,0.5,50.9,34.8,24.4,2.0,4.0,0.0,49.8489957,-124.5226255,,,0,True,True,0.0
Evergreen House - Lions Gate Hospital,9A55C,Vancouver Coastal Health,HA,231 East 15th Street,North Vancouver,V7L2L7,Hospital Act,Accredited,3.0,0.29,3.29,3.0,0.3,3.3,289,22,11,60,0,0,0.3,0.0,8.7,0.0,0.0,1.0,2.8,0.3,84.0,63.7,55.8,5.7,23.6,36.4,28.0,55.9,5.6,39.1,0.61,28.2,14.6,6.9,55.5,28.6,1.6,3.0,9.0,0.0,49.32097835,-123.06767192461285,1.0,0.0,1,True,True,0.0
Fair Haven - Burnaby,99C49,Fraser Health,PNP,7557 Sussex Ave.,Burnaby,V5J3V6,Community Care & Assisted Living Act,Accredited,2.67,0.33,3.0,2.74,0.34,3.08,100,100,0,0,2,1,1.0,5.0,12.0,0.0,0.0,0.0,2.0,6.0,87.0,66.8,63.7,0.8,16.7,43.8,48.7,57.8,11.4,58.5,0.57,9.2,84.3,0.0,36.6,25.4,12.6,3.0,5.0,1.0,49.21526995,-123.0059056805597,,,0,True,True,0.0
Fellburn Care Centre,9A575,Fraser Health,HA,6050 Hastings St.,Burnaby,V5B1R6,Hospital Act,Accredited,3.08,0.34,3.43,3.08,0.34,3.42,81,10,16,10,3,0,0.0,3.7,0.0,0.0,1.2,0.0,0.0,0.0,87.0,66.8,64.6,7.3,15.4,43.0,35.5,51.5,14.0,59.7,0.65,14.7,39.6,4.4,31.7,10.4,2.4,2.0,5.0,1.0,49.2803168,-122.9624341,,,0,True,True,0.0
Finnish Home,999CF,Vancouver Coastal Health,PNP,2288 Harrison Drive,Vancouver,V5P2P6,Community Care & Assisted Living Act,Not Accredited,2.63,0.2,2.83,2.8,0.22,3.02,64,64,0,0,0,0,1.6,0.0,10.9,0.0,0.0,1.6,0.0,0.0,86.0,66.7,60.1,1.1,30.4,36.5,27.7,62.7,5.4,61.2,0.59,20.4,0.0,0.4,54.6,25.4,6.3,1.0,1.0,0.0,49.20822879999999,-123.06074540000002,,,0,True,True,0.0
Fischer Place/Mill Site Lodge,9B9DF,Interior Health,HA,555 Cedar Ave. South,100 Mile House,V0K2E0,Hospital Act & Community Care & Assisted Living Act,Accredited,2.99,0.31,3.3,3.02,0.37,3.4,93,93,0,0,0,0,0.0,0.0,14.0,0.0,0.0,1.1,6.5,0.0,84.0,64.9,53.1,3.8,48.1,26.7,26.7,74.5,7.3,41.3,0.57,0.3,37.0,0.3,60.4,29.0,7.0,0.0,0.0,0.0,51.6444141,-121.2939045,,,0,True,False,0.0
Fleetwood Place,993E2,Fraser Health,PFP,16011 83rd Ave,Surrey,V4N0N2,Community Care & Assisted Living Act,Accredited,2.48,0.31,2.79,2.73,0.33,3.06,111,108,0,0,1,0,0.0,0.9,10.8,0.0,0.0,0.0,0.0,0.0,88.0,61.7,66.7,2.2,9.5,37.8,38.1,50.0,7.4,53.7,0.58,50.3,65.9,0.5,54.8,28.2,19.0,2.0,4.0,0.0,49.153895,-122.778049,,,0,True,True,0.11711711711711711
Forest View Place,92960,Interior Health,HA,640 Park Dr.,Clearwater,V0E1N1,Hospital Act,Accredited,2.98,0.31,3.29,2.97,0.31,3.28,21,21,0,0,0,0,0.0,0.0,9.5,0.0,0.0,0.0,0.0,4.8,90.0,52.9,66.5,2.4,26.3,12.3,14.0,75.4,8.8,52.6,0.53,0.0,1.8,0.0,45.6,35.2,6.3,0.0,7.0,0.0,51.64507195,-120.01774781423934,,,0,True,True,0.0
Fort Langley Seniors Community,9ACEC,Fraser Health,PFP,8838 Glover Road,Langley,V1M2R4,Hospital Act,Unknown,2.54,0.32,2.86,2.76,0.34,3.1,96,68,14,0,4,1,0.0,0.0,10.4,0.0,0.0,0.0,1.0,1.0,90.0,66.2,75.7,0.4,17.0,38.3,31.6,73.5,5.3,37.7,0.6,25.4,69.8,0.0,47.5,20.1,0.0,10.0,4.0,1.0,49.1132513,-122.6442649,,,0,True,True,0.052083333333333336
Foyer Maillard,992J9,Fraser Health,PNP,1010 Alderson Avenue,Coquitlam,V3K1W1,Community Care & Assisted Living Act,Not Accredited,3.0,0.36,3.36,3.0,0.36,3.36,125,125,0,0,0,0,0.0,0.8,2.4,0.0,0.0,0.0,0.0,0.0,87.0,69.4,62.0,1.0,32.4,24.5,24.5,64.1,10.4,50.6,0.56,24.3,27.6,0.4,43.2,26.2,4.5,1.0,1.0,0.0,49.23926289999999,-122.8662457,,,0,True,True,0.0
Fraser Hope Lodge,9BJC6,Fraser Health,HA,1275-7th Avenue,Hope,V0X1L4,Hospital Act,Unknown,2.91,0.26,3.17,2.91,0.26,3.17,50,46,2,0,0,0,0.0,0.0,6.0,0.0,0.0,0.0,0.0,0.0,89.0,53.6,70.0,3.7,34.6,18.7,33.0,67.0,8.8,47.3,0.59,22.0,67.0,4.9,58.8,22.5,2.1,1.0,3.0,0.0,49.3773925,-121.42378463532327,,,0,True,True,0.0
Fraserview,99BEI,Vancouver Coastal Health,PFP,9580 Williams Road,Richmond,V7A1H2,Community Care & Assisted Living Act,Accredited,2.58,0.19,2.77,2.65,0.19,2.84,101,33,37,0,0,0,1.0,0.0,4.0,0.0,0.0,3.0,0.0,0.0,90.0,83.7,80.7,0.2,18.5,49.0,19.0,75.1,3.3,71.1,0.57,1.8,1.0,0.0,21.1,23.1,3.1,3.0,0.0,0.0,49.140789700000006,-123.1141556,,,0,True,True,0.0
George Derby Centre,9BC9J,Fraser Health,PNP,7550 Cumberland St,Burnaby,V3N3X5,Community Care & Assisted Living Act,Accredited,2.54,0.33,2.87,2.69,0.34,3.03,300,284,8,0,5,2,0.0,1.0,11.7,0.0,0.0,1.3,1.3,0.7,87.0,32.8,65.9,1.4,19.2,28.8,22.1,60.5,18.1,60.9,0.56,0.9,9.3,0.6,40.4,26.1,5.9,9.0,34.0,2.0,49.23360200000001,-122.916488,8.0,1.0,1,True,True,0.0
George Pearson Centre,9A5BF,Vancouver Coastal Health,HA,700 West 57th Ave.,Vancouver,V6P1S1,Hospital Act,Accredited,4.85,0.86,5.71,4.85,0.83,5.68,114,54,13,7,1,1,0.0,0.0,2.6,2.6,0.9,2.6,7.9,0.0,59.0,24.4,2.9,67.5,15.4,64.6,31.3,3.9,2.5,29.4,0.89,54.5,56.1,32.4,47.4,24.7,18.6,3.0,8.0,0.0,49.21877,-123.121144,,,0,True,False,0.0
German Canadian Care Home,999D6,Vancouver Coastal Health,PNP,2010 Harrison Drive,Vancouver,V5P2P6,Community Care & Assisted Living Act,Accredited,2.58,0.26,2.84,2.67,0.28,2.95,132,76,29,0,0,0,0.0,0.0,10.6,0.0,0.8,3.8,0.8,0.0,83.0,47.6,52.5,5.4,14.2,36.4,37.3,52.3,7.2,42.4,0.52,37.5,76.5,42.3,40.1,40.5,10.0,7.0,1.0,0.0,49.2098793,-123.0651145,1.0,0.0,1,True,True,0.0
Gillis House,9AAGI,Interior Health,HA,1699 Tutill Court,Merritt,V1K1C6,Hospital Act & Community Care & Assisted Living Act,Accredited,2.9,0.3,3.2,2.96,0.47,3.43,74,52,7,2,2,1,0.0,4.1,14.9,0.0,0.0,1.4,0.0,0.0,83.0,59.4,46.5,4.7,15.9,33.6,29.0,51.2,5.7,60.8,0.6,1.4,0.0,0.7,49.5,34.4,5.7,0.0,2.0,0.0,50.1075263,-120.7861348,,,0,True,True,0.0
Glenmore Lodge,93GE4,Interior Health,PFP,325 Drysdale Blvd.,Kelowna,V1V1P5,Community Care & Assisted Living Act,Unknown,2.8,0.35,3.15,2.9,0.35,3.25,118,0,0,0,1,0,0.0,1.7,15.3,0.0,0.0,5.1,1.7,1.7,85.0,60.7,59.5,4.9,9.2,10.9,15.6,44.8,5.3,42.4,0.55,0.0,0.2,36.9,36.7,18.9,3.7,1.0,2.0,0.0,49.9163179,-119.4400778,,,0,False,False,0.15254237288135594
Glenwood Seniors Community,923FA,Fraser Health,PFP,1458 Glenwood Dr,Agassiz,V0M1A3,Community Care & Assisted Living Act,Unknown,2.52,0.3,2.82,2.65,0.3,2.95,44,37,0,0,1,0,0.0,2.3,2.3,0.0,0.0,0.0,0.0,2.3,89.0,64.8,73.0,0.5,25.0,12.9,22.6,80.6,21.8,50.8,0.58,4.8,81.5,0.0,38.7,7.3,0.0,4.0,10.0,0.0,49.2308549,-121.75817859999998,,,0,True,True,0.18181818181818182
Guildford Seniors Village,926CA,Fraser Health,PFP,14568 104a Ave.,Surrey,V3R1R3,Community Care & Assisted Living Act,Accredited,2.42,0.3,2.73,2.77,0.33,3.1,101,98,0,0,0,0,0.0,0.0,13.9,0.0,0.0,1.0,2.0,0.0,83.0,44.9,50.7,4.4,22.1,33.3,40.4,69.7,11.1,61.1,0.6,0.0,62.2,0.0,44.2,26.5,15.1,7.0,0.0,0.0,49.192422,-122.8183,1.0,0.0,1,True,True,0.37623762376237624
Hardy View Lodge,9ADB9,Interior Health,HA,7649 22nd St.,Grand Forks,V0H1H2,Community Care & Assisted Living Act,Accredited,2.93,0.35,3.28,2.93,0.35,3.28,80,78,2,0,0,0,0.0,1.3,1.3,0.0,0.0,0.0,0.0,1.3,85.0,64.5,56.5,3.3,21.3,32.6,13.0,59.6,3.9,32.2,0.57,0.0,10.9,0.0,41.7,31.7,5.3,1.0,3.0,0.0,49.030261,-118.467798,,,0,True,True,0.0
Haro Park Centre,9A4I4,Vancouver Coastal Health,PNP,1233 Haro Street,Vancouver,V6E3Y5,Community Care & Assisted Living Act,Unknown,2.6,0.2,2.8,2.8,0.22,3.02,154,154,0,0,2,0,0.0,0.6,16.9,0.6,0.0,10.4,2.6,8.4,84.0,73.5,55.1,4.3,36.1,21.4,22.1,67.1,8.7,33.5,0.52,3.9,83.7,1.1,53.3,34.1,7.2,7.0,4.0,0.0,49.285771,-123.129,89.0,13.0,1,True,False,0.0
Haven Hill Retirement Centre,9C2CB,Interior Health,PFP,415 Haven Hill Road,Penticton,V2A4E9,Community Care & Assisted Living Act,Accredited,2.8,0.35,3.15,2.99,0.35,3.34,152,152,0,0,10,2,0.0,3.9,11.2,0.0,0.0,2.6,2.0,2.0,86.0,66.6,63.1,3.5,17.8,28.9,28.3,72.6,6.5,52.4,0.57,38.9,1.3,2.4,34.1,26.3,11.0,3.0,17.0,1.0,49.497463,-119.58078,,,0,True,True,0.02631578947368421
Hawthorne Seniors Care Community,992JA,Fraser Health,PNP,2111 Hawthorne Ave,Port Coquitlam,V3C1W3,Hospital Act,Unknown,2.86,0.3,3.16,2.95,0.32,3.27,131,115,8,0,0,0,0.8,0.0,19.8,0.0,0.0,0.0,1.5,0.0,82.0,55.5,49.0,6.6,12.2,41.9,44.1,53.7,12.8,65.6,0.59,0.0,56.9,0.0,41.9,32.7,2.2,1.0,9.0,1.0,49.2570112,-122.7792222,,,0,True,True,0.0
Henry Durand Manor,9A7GF,Interior Health,HA,803 9th St South,Golden,V0A1H0,Community Care & Assisted Living Act,Accredited,2.83,0.34,3.17,2.87,0.33,3.2,28,28,0,0,0,0,0.0,0.0,42.9,0.0,0.0,0.0,10.7,3.6,85.0,64.7,67.6,6.3,29.4,33.3,38.2,73.5,2.9,59.8,0.57,8.8,38.2,0.0,56.9,25.3,9.3,2.0,10.0,0.0,51.2961409,-116.9734392,,,0,True,True,0.0
Heritage Square,9BI83,Interior Health,PFP,3904 27th St.,Vernon,V1T4X7,Community Care & Assisted Living Act,Accredited,2.8,0.35,3.15,2.98,0.35,3.33,50,50,0,0,0,1,0.0,0.0,20.0,0.0,0.0,2.0,6.0,0.0,86.0,64.4,66.1,5.4,53.6,18.8,12.6,68.1,2.4,29.0,0.68,4.8,75.8,6.3,67.6,9.3,6.4,1.0,4.0,0.0,50.270687,-119.26823,,,0,True,True,0.0
Heritage Village,9C5BC,Fraser Health,HA,7525 Topaz Dr,Chilliwack,V2R3C9,Hospital Act,Accredited,3.02,0.2,3.22,3.02,0.2,3.22,100,64,12,3,0,0,2.0,1.0,21.0,0.0,0.0,0.0,3.0,0.0,85.0,54.4,58.4,3.4,11.8,31.0,43.4,64.8,12.7,55.2,0.57,3.4,58.0,0.0,54.9,27.3,3.4,2.0,10.0,1.0,49.1407098,-121.9665418,,,0,True,True,0.0
Heron Grove,92IIA,Interior Health,PNP,4900 - 20th Street,Vernon,V1T9W3,Community Care & Assisted Living Act,Accredited,2.8,0.35,3.15,2.8,0.35,3.15,76,76,0,0,0,0,0.0,1.3,6.6,0.0,1.3,0.0,5.3,0.0,83.0,64.1,56.2,7.6,41.5,29.3,26.0,63.3,7.4,47.6,0.66,6.1,8.7,2.6,55.3,12.7,10.8,2.0,2.0,0.0,50.28272,-119.26055,,,0,True,True,0.0
Hillside Village,92FC0,Interior Health,PNP,2891 15 Ave NE,Salmon Arm,V1E2B8,Community Care & Assisted Living Act,Accredited,2.8,0.35,3.15,2.8,0.35,3.15,112,112,0,0,1,0,0.9,0.0,14.3,0.0,0.0,0.0,1.8,0.0,86.0,66.8,57.9,2.4,17.6,24.0,27.9,75.4,10.9,17.6,0.57,1.7,12.0,5.7,56.2,26.6,15.4,1.0,4.0,0.0,50.71122329999999,-119.252111,,,0,True,True,0.0
Hilltop House,9AIC3,Vancouver Coastal Health,HA,38146 Behrner Drive,Squamish,V8B0C8,Community Care & Assisted Living Act,Accredited,3.04,0.3,3.34,3.04,0.26,3.3,86,82,2,0,0,0,0.0,0.0,9.3,0.0,1.2,0.0,0.0,4.7,80.0,62.5,50.0,12.5,35.4,27.7,18.0,59.2,6.1,68.5,0.56,5.1,4.8,0.0,49.8,16.6,1.4,3.0,4.0,0.0,49.699648,-123.14,,,0,True,True,0.0
Hilton Villa Seniors Community,917D8,Fraser Health,PFP,13525 Hilton Rd,Surrey,V3R5J3,Community Care & Assisted Living Act,Accredited,2.42,0.31,2.73,2.76,0.34,3.1,157,83,36,0,3,1,1.9,0.6,11.5,0.0,0.0,0.0,1.9,0.0,86.0,69.8,62.9,5.1,20.7,33.2,37.5,66.5,12.7,43.1,0.59,45.3,3.8,0.0,45.8,10.2,6.7,10.0,1.0,0.0,49.20242145,-122.84672725264092,,,0,True,True,0.01910828025477707
Hogg and Weatherby Pavilions - Peace Arch Hospital,9A58I,Fraser Health,HA,15521 Russell Ave.,White Rock,V4B2R4,Hospital Act,Unknown,3.01,0.39,3.39,3.01,0.39,3.4,234,30,78,12,2,0,0.9,0.0,10.3,0.0,0.0,0.4,0.9,0.0,90.0,73.9,76.9,2.2,17.7,28.0,24.2,48.3,8.6,52.3,0.57,15.5,67.0,12.4,48.2,18.8,3.2,2.0,3.0,0.0,49.03015955,-122.79236955,,,0,True,True,0.0
Holy Family Hospital,9A5D8,Vancouver Coastal Health,PNP,7801 Argyle St.,Vancouver,V5P3L6,Hospital Act,Accredited,2.94,0.25,3.19,3.31,0.29,3.6,126,9,6,21,0,0,1.6,0.0,5.6,0.0,0.0,0.0,0.0,0.0,85.0,79.1,58.3,4.0,24.8,36.6,29.7,52.8,3.9,48.6,0.62,7.3,9.6,7.3,49.2,17.5,2.9,2.0,4.0,0.0,49.213284,-123.073098,88.0,21.0,1,True,True,0.0
Holyrood Manor,91842,Fraser Health,PFP,22710 Holyrood Ave,Maple Ridge,V2X3E6,Hospital Act,Accredited,2.78,0.35,3.12,2.8,0.35,3.15,125,0,0,0,0,0,0.8,1.6,12.0,0.0,0.0,0.0,3.2,0.8,86.0,81.5,58.3,3.3,31.0,19.9,25.2,71.9,11.9,52.8,0.61,0.0,70.6,0.0,50.1,20.0,1.2,1.0,3.0,1.0,49.2122959,-122.5939042,,,0,False,True,0.016
Inglewood Care Centre,999J9,Vancouver Coastal Health,PFP,725 Inglewood Avenue,West Vancouver,V7T1X5,Hospital Act & Community Care & Assisted Living Act,Unknown,2.71,0.22,2.93,2.81,0.23,3.04,230,196,17,0,5,4,0.0,0.9,13.9,0.4,0.0,3.0,3.0,4.8,86.0,65.4,66.4,2.1,29.2,30.0,38.9,76.3,11.9,40.9,0.54,6.3,22.5,0.0,53.4,19.9,3.8,13.0,8.0,0.0,49.3354367,-123.1356688,1.0,0.0,1,True,True,0.0
Jackman Manor,9ADHD,Fraser Health,PNP,27477 28 Ave,Aldergrove,V4W3L9,Community Care & Assisted Living Act,Not Accredited,2.48,0.31,2.79,2.73,0.33,3.06,88,88,0,0,2,1,0.0,0.0,1.1,0.0,0.0,0.0,0.0,0.0,88.0,70.1,72.0,1.4,22.6,28.7,36.4,77.7,7.3,58.7,0.54,7.9,2.1,0.0,44.9,15.5,4.9,3.0,9.0,0.0,49.0538233,-122.4630403,,,0,True,True,0.0
Jackson House - Ashcroft Hospital and Health Centre,9A6I3,Interior Health,HA,700 Ash-Cache Creek Hwy,Ashcroft,V0K1A0,Hospital Act,Accredited,2.84,0.47,3.31,2.84,0.47,3.31,22,20,1,1,0,0,0.0,4.5,4.5,0.0,4.5,0.0,0.0,0.0,87.0,72.5,60.0,2.5,28.6,40.5,9.5,56.0,1.2,33.3,0.58,16.7,0.0,0.0,44.0,32.9,1.9,1.0,5.0,0.0,50.731887,-121.278471,,,0,True,True,0.0
Joseph Creek Village,92IJA,Interior Health,PFP,1901 Willowbrook Dr,Cranbrook,V1C6S4,Community Care & Assisted Living Act,Unknown,2.8,0.35,3.15,2.95,0.35,3.3,102,102,0,0,4,1,0.0,2.0,8.8,0.0,0.0,4.9,2.0,0.0,80.0,64.3,39.3,11.3,25.8,24.0,29.3,56.8,5.0,31.5,0.61,29.8,72.8,42.0,45.0,29.8,5.2,8.0,15.0,0.0,49.5270986,-115.7452938,,,0,True,True,0.0196078431372549
Jubilee Multi Generational Housing Society,99C25,Fraser Health,PNP,3460 Kalyk Avenue,Burnaby,V5G3B2,Community Care & Assisted Living Act,Not Accredited,2.48,0.31,2.79,2.69,0.31,3.0,60,12,18,3,3,1,3.3,5.0,11.7,0.0,0.0,3.3,0.0,1.7,89.0,68.9,71.6,0.0,20.9,37.8,47.4,28.3,4.3,33.5,0.59,12.6,1.3,0.0,40.0,7.7,1.3,3.0,11.0,3.0,49.2528169,-123.01300249999998,,,0,True,True,0.0
Kamloops Seniors Village,92DCA,Interior Health,PFP,1220 Hugh Allan Dr.,Kamloops,V1S2B3,Community Care & Assisted Living Act,Accredited,2.8,0.35,3.15,2.97,0.35,3.32,114,114,0,0,1,0,1.8,2.6,9.6,0.0,0.0,2.6,6.1,1.8,85.0,65.0,61.1,4.1,14.6,38.3,21.5,75.0,6.4,42.1,0.56,0.0,46.0,19.7,53.7,17.4,6.4,0.0,0.0,0.0,50.6499607,-120.3729788,,,0,True,True,0.12280701754385964
Kimberley Special Care Home,91711,Interior Health,HA,386 2nd Ave,Kimberley,V1A2Z8,Community Care & Assisted Living Act,Accredited,2.87,0.38,3.25,2.87,0.38,3.25,55,49,3,0,0,0,0.0,7.3,0.0,0.0,0.0,1.8,1.8,0.0,87.0,61.5,69.2,2.9,27.8,39.6,26.4,80.2,3.3,51.9,0.58,40.6,0.0,0.9,49.5,7.6,23.4,1.0,3.0,0.0,49.6899979,-115.9896466,,,0,True,True,0.0
KinVillage West Court,9A4JH,Fraser Health,PNP,5410 10th Ave.,Delta,V4M3X8,Community Care & Assisted Living Act,Accredited,2.57,0.32,2.89,2.69,0.33,3.02,100,100,0,0,1,0,0.0,0.0,4.0,0.0,0.0,0.0,0.0,0.0,90.0,67.1,76.3,1.4,21.8,24.1,34.7,60.3,5.0,58.8,0.57,17.6,65.3,2.1,40.6,16.2,8.0,0.0,0.0,0.0,49.021494,-123.07365800000001,,,0,True,False,0.0
Kinsmen Lodge,9942B,Fraser Health,PNP,9650 137A Street,Surrey,V3T4H9,Community Care & Assisted Living Act,Accredited,2.59,0.21,2.8,3.03,0.33,3.36,157,143,7,0,3,0,0.0,0.0,6.4,0.0,0.0,0.0,1.3,0.6,86.0,60.5,58.3,5.8,25.8,33.2,20.6,49.9,14.6,59.4,0.6,0.9,82.0,0.0,40.9,15.8,1.9,6.0,0.0,0.0,49.1777346,-122.8417995,,,0,True,True,0.0
Kiwanis Care Centre,9AD1I,Fraser Health,PNP,35 Clute Street,New Westminster,V3L1Z5,Community Care & Assisted Living Act,Accredited,2.48,0.31,2.79,2.69,0.31,3.0,75,59,8,0,0,0,1.3,0.0,13.3,0.0,0.0,0.0,0.0,0.0,88.0,94.6,69.5,0.6,20.9,28.0,20.9,57.1,6.7,31.3,0.65,55.6,70.9,34.7,50.4,13.0,4.5,1.0,1.0,0.0,49.2232118,-122.9150878,,,0,True,True,0.0
Kopernik Lodge,99A2I,Vancouver Coastal Health,PNP,3150 Rosemont Drive,Vancouver,V5S2C9,Community Care & Assisted Living Act,Not Accredited,2.58,0.31,2.89,2.75,0.28,3.03,87,45,21,0,2,1,1.1,0.0,8.0,0.0,0.0,4.6,3.4,8.0,87.0,86.4,65.2,2.6,34.3,38.5,26.4,53.3,12.4,56.7,0.59,1.6,12.7,0.5,50.7,29.6,11.7,3.0,4.0,0.0,49.21522,-123.039,,,0,True,True,0.0
Lake Country Lodge,9B969,Interior Health,PFP,100-10163 Konschuh Rd,Winfield,V4V2M2,Community Care & Assisted Living Act,Unknown,2.8,0.35,3.15,2.93,0.35,3.28,49,41,4,0,0,0,2.0,2.0,8.2,0.0,0.0,8.2,8.2,2.0,87.0,70.2,65.1,4.1,23.5,11.0,19.0,63.0,4.0,7.0,0.59,1.0,2.0,9.5,57.5,22.1,6.9,1.0,3.0,0.0,50.0291435,-119.3984578,,,0,True,True,0.08163265306122448
Lakeshore Care Centre,992HG,Fraser Health,PFP,657 Gatensbury Street,Coquitlam,V3J5G9,Hospital Act,Not Accredited,2.61,0.32,2.94,2.63,0.32,2.95,56,42,7,0,1,1,0.0,1.8,1.8,0.0,0.0,0.0,0.0,0.0,85.0,70.4,64.5,6.5,21.7,43.4,44.8,78.3,12.6,60.1,0.6,0.7,11.9,0.0,36.4,17.0,11.2,2.0,3.0,0.0,49.2595472,-122.85635159999998,,,0,True,True,0.375
Lakeview Care Centre,9C477,Vancouver Coastal Health,PFP,3490 Porter Street,Vancouver,V5N5W4,Hospital Act,Accredited,2.58,0.19,2.77,2.79,0.19,2.98,177,105,36,0,0,0,1.1,0.0,5.6,0.0,0.0,1.1,0.0,0.0,87.0,64.3,69.3,1.6,23.8,21.8,29.3,58.5,9.6,20.0,0.56,0.0,2.3,0.0,34.7,10.6,1.4,4.0,7.0,1.0,49.25348995,-123.06648814723715,,,0,True,True,0.0
Lakeview Lodge,93DAA,Interior Health,PFP,2337 Butt Road,West Kelowna,V4T3L3,Community Care & Assisted Living Act,Unknown,2.8,0.35,3.15,2.85,0.35,3.2,114,114,0,0,0,0,0.9,2.6,22.8,0.0,0.0,3.5,7.0,1.8,85.0,68.1,62.7,4.6,8.0,17.4,32.8,76.7,6.3,33.0,0.56,12.6,50.0,0.4,53.0,12.6,7.9,1.0,0.0,0.0,49.83701729999999,-119.6237769,,,0,True,True,0.12280701754385964
Langley Gardens,925CA,Fraser Health,PFP,8888 202nd Street,Langley,V1M4A7,Community Care & Assisted Living Act,Accredited,2.43,0.31,2.74,2.64,0.31,2.95,92,86,6,0,1,0,1.1,0.0,17.4,0.0,0.0,0.0,0.0,1.1,89.0,69.5,81.0,1.2,12.7,33.9,15.1,60.6,4.0,59.0,0.58,38.1,40.5,5.3,33.3,9.8,0.0,4.0,1.0,0.0,49.1663494,-122.6609691,6.0,0.0,1,True,True,0.20652173913043478
Langley Lodge,98JIE,Fraser Health,PNP,5451-204th St,Langley,V3A5M9,Community Care & Assisted Living Act,Accredited,2.55,0.3,2.85,3.01,0.35,3.36,139,127,6,0,0,0,0.0,0.0,0.0,0.0,0.0,0.0,0.0,0.7,88.0,66.2,71.4,2.3,18.9,29.8,29.2,57.9,10.7,58.3,0.57,8.5,11.0,0.2,47.2,18.1,1.4,2.0,9.0,1.0,49.10156729999999,-122.6573035,68.0,26.0,1,True,True,0.10071942446043165
Langley Memorial Hospital ECU,9A5E0,Fraser Health,HA,22051 Fraser Hwy,Langley,V3A4H4,Hospital Act,Unknown,2.98,0.28,3.26,2.92,0.27,3.19,230,8,4,44,5,1,0.4,0.0,0.4,0.0,0.0,1.3,0.0,0.0,89.0,72.1,71.2,3.0,13.7,26.9,25.8,54.2,7.1,53.1,0.57,6.5,52.3,4.0,46.7,23.3,2.4,6.0,10.0,1.0,49.0944775,-122.6116674454287,3.0,1.0,1,True,False,0.0
Laurel Place,9359A,Fraser Health,PFP,9688 137A St,Surrey,V3T4H9,Community Care & Assisted Living Act,Accredited,2.54,0.27,2.8,2.99,0.37,3.36,215,207,4,0,1,0,0.0,0.0,7.9,0.0,0.0,0.0,0.9,0.0,85.0,58.4,60.4,5.9,18.9,37.9,25.2,58.0,6.1,60.7,0.6,16.7,1.7,0.2,39.6,15.6,16.6,4.0,2.0,0.0,49.1784219,-122.8417807,,,0,True,True,0.06046511627906977
Little Mountain Place,9BA01,Vancouver Coastal Health,PNP,330 East 36th Avenue,Vancouver,V5W3Z4,Community Care & Assisted Living Act,Not Accredited,2.59,0.18,2.77,2.8,0.23,3.03,117,117,0,0,1,0,1.7,0.0,12.8,0.0,0.0,5.1,0.9,15.4,84.0,55.5,51.4,3.0,22.2,33.1,21.0,60.6,10.3,57.4,0.53,0.2,1.3,0.4,37.1,18.5,9.3,3.0,2.0,0.0,49.2376636,-123.0998532,1.0,0.0,1,True,True,0.0
Louis Brier Home and Hospital,999G3,Vancouver Coastal Health,PNP,1055 West 41st Ave,Vancouver,V6M1W9,Hospital Act & Community Care & Assisted Living Act,Accredited,2.62,0.24,2.86,2.87,0.26,3.13,215,149,33,0,1,1,0.9,0.0,10.2,0.0,0.0,3.7,1.4,5.6,85.0,61.4,59.0,3.9,18.2,45.7,33.9,57.4,13.4,69.1,0.58,15.9,20.7,8.2,51.7,34.7,1.9,6.0,16.0,0.0,49.2346366,-123.12927274582044,,,0,True,True,0.0
Lynn Valley Care Centre,9B5JB,Vancouver Coastal Health,PFP,"1070 Lynn Valley Rd, North",North Vancouver,V7J1Z8,Hospital Act & Community Care & Assisted Living Act,Accredited,2.92,0.27,3.19,3.0,0.26,3.26,201,178,13,0,0,0,0.0,0.0,4.5,0.0,0.0,0.0,0.0,0.0,87.0,64.3,69.3,2.4,19.9,31.3,16.9,62.9,7.7,47.3,0.56,7.2,8.2,0.0,58.2,25.6,8.7,3.0,2.0,0.0,49.33396,-123.045,79.0,20.0,1,True,True,0.30845771144278605
MSA Manor,98H7B,Fraser Health,PNP,2510 Gladwin Rd,Abbotsford,V2T3N9,Community Care & Assisted Living Act,Accredited,2.44,0.29,2.73,2.66,0.29,2.95,34,34,0,0,0,0,0.0,2.9,8.8,0.0,0.0,0.0,0.0,0.0,90.0,61.5,73.5,0.3,21.3,27.9,23.5,51.5,4.4,47.8,0.58,1.5,5.1,0.0,61.0,36.6,2.0,1.0,3.0,1.0,49.04747485,-122.31462286620344,1.0,0.0,1,True,False,0.0
Maple Ridge Seniors Village,9376A,Fraser Health,PFP,22141 - 119th Avenue,Maple Ridge,V2X2Y7,Community Care & Assisted Living Act,Accredited,2.65,0.24,2.89,3.0,0.36,3.36,108,108,0,0,7,3,0.0,1.9,18.5,0.0,0.0,0.0,5.6,8.3,85.0,60.1,57.5,1.5,23.9,30.9,41.2,77.0,14.9,62.9,0.57,5.8,10.3,0.3,35.8,27.3,9.5,6.0,2.0,0.0,49.2193789,-122.6084592,1.0,0.0,1,True,True,0.16666666666666666
Maplewood House,9BE34,Fraser Health,PNP,1919 Jackson St.,Abbotsford,V2S2Z8,Community Care & Assisted Living Act,Accredited,2.48,0.31,2.79,2.74,0.33,3.07,78,78,0,0,1,0,0.0,2.6,9.0,0.0,0.0,0.0,1.3,0.0,85.0,59.8,58.0,6.2,18.4,37.5,39.8,66.6,18.1,66.2,0.6,4.0,33.1,2.0,53.5,36.3,12.8,3.0,3.0,1.0,49.03660720000001,-122.3091484,,,0,True,False,0.0
Mariposa Gardens,935JA,Interior Health,PFP,8816 97th Street (highway 97),Osoyoos,V0H1V5,Community Care & Assisted Living Act,Unknown,2.8,0.35,3.15,2.92,0.35,3.27,109,97,6,0,2,1,2.8,2.8,14.7,0.0,0.0,1.8,1.8,0.0,86.0,72.4,62.0,0.9,16.9,10.8,42.9,88.1,11.2,11.0,0.58,14.8,34.7,0.0,65.6,13.6,5.7,3.0,10.0,0.0,49.034727,-119.47705829999998,,,0,True,True,0.045871559633027525
McKinney Place - South Okanagan General Hospital,9A722,Interior Health,HA,911 McKinney Road,Oliver,V0H1T3,Hospital Act,Accredited,2.85,0.34,3.19,2.85,0.34,3.19,75,7,4,15,0,0,1.3,2.7,9.3,0.0,0.0,1.3,0.0,0.0,86.0,62.1,66.5,2.3,25.7,22.9,28.6,66.9,3.7,74.3,0.54,9.4,22.4,2.9,28.6,15.8,4.1,0.0,0.0,0.0,49.1835315,-119.53900043064311,,,0,True,True,0.0
Menno Home,98H8D,Fraser Health,PNP,32910 Brundige Ave,Abbotsford,V2S1N2,Community Care & Assisted Living Act,Accredited,2.48,0.31,2.79,2.7,0.33,3.03,196,186,5,0,2,0,0.0,0.0,10.2,0.0,0.5,0.5,0.5,0.0,87.0,64.1,62.8,2.2,22.4,15.1,23.9,81.8,16.6,44.3,0.56,5.9,84.3,4.4,58.0,12.3,3.6,3.0,0.0,0.0,49.0401555,-122.3081538,,,0,True,True,0.0
Menno Hospital,9A6H1,Fraser Health,PNP,32945 Marshall Road,Abbotsford,V2S1K1,Hospital Act,Accredited,2.99,0.38,3.37,2.99,0.38,3.37,151,59,43,2,0,0,0.7,0.0,10.6,0.0,0.0,0.0,1.3,0.7,88.0,76.3,73.2,3.3,24.0,25.7,18.0,61.1,8.5,57.9,0.59,10.6,70.7,6.4,51.8,5.1,4.4,0.0,0.0,0.0,49.03929855,-122.31110698892836,,,0,True,True,0.0
Minoru Residence,9A5B4,Vancouver Coastal Health,HA,7333 Gollner Avenue,Richmond,V6Y0J1,Hospital Act,Accredited,2.94,0.3,3.24,2.93,0.31,3.24,250,70,90,0,0,0,0.8,0.0,5.6,0.0,0.0,0.0,0.0,0.0,84.0,58.3,57.2,5.5,17.5,52.7,32.8,38.5,3.8,63.5,0.6,32.8,1.8,14.9,40.2,24.0,6.2,2.0,8.0,0.0,49.16897,-123.15,,,0,True,True,0.0
Minto House - Arrow Lakes Hospital,9A5A2,Interior Health,HA,97 1st Avenue NE,Nakusp,V0G1R0,Hospital Act,Accredited,2.95,0.51,3.46,2.95,0.51,3.46,16,15,0,0,0,0,12.5,0.0,0.0,0.0,0.0,0.0,0.0,0.0,86.0,64.1,62.4,4.3,0.0,39.0,32.2,79.7,3.4,28.8,0.57,33.9,0.0,0.0,42.4,23.9,0.0,0.0,0.0,0.0,50.2392729,-117.795712,,,0,True,True,0.0
Mission Creek Landing,98J5G,Interior Health,PFP,3081 Hall Rd,Kelowna,V1W2R5,Community Care & Assisted Living Act,Accredited,2.8,0.35,3.15,2.87,0.35,3.22,104,94,5,0,0,2,1.9,1.9,8.7,0.0,1.0,1.9,1.0,0.0,88.0,76.0,75.4,1.0,28.9,22.1,23.4,74.7,4.4,31.5,0.54,1.0,0.3,12.8,54.9,7.5,2.2,5.0,17.0,2.0,49.8697756,-119.429557,,,0,True,True,0.038461538461538464
Monashee Mews,93D80,Interior Health,PFP,2165 Norris Avenue,Lumby,V0E2G5,Community Care & Assisted Living Act,Accredited,2.8,0.35,3.15,2.8,0.35,3.15,46,46,0,0,0,0,0.0,13.0,4.3,0.0,2.2,0.0,4.3,0.0,85.0,62.7,67.5,8.3,51.9,27.1,30.9,73.5,10.5,58.6,0.59,10.5,37.6,18.8,71.3,23.3,17.6,1.0,4.0,0.0,50.2498936,-118.9617267,,,0,True,True,0.0
Morgan Place,926A0,Fraser Health,PFP,3288 156a St,Surrey,V3Z9T1,Community Care & Assisted Living Act,Accredited,2.48,0.31,2.79,3.0,0.36,3.36,141,111,5,0,0,0,0.0,0.0,2.8,0.0,0.0,0.0,0.0,0.0,90.0,55.4,75.3,1.1,23.7,33.1,25.1,67.1,10.3,49.2,0.6,38.9,63.4,0.0,57.0,13.8,9.1,1.0,0.0,0.0,49.062332,-122.790069,,,0,True,True,0.09219858156028368
Mount Cartier Court - Queen Victoria Hospital,92JJ0,Interior Health,HA,1200 Newlands Rd,Revelstoke,V0E2S1,Community Care & Assisted Living Act,Accredited,3.0,0.4,3.4,3.07,0.41,3.49,44,38,6,0,0,0,2.3,0.0,9.1,0.0,0.0,2.3,0.0,0.0,87.0,68.6,64.3,7.1,26.8,34.5,31.5,73.2,6.5,38.7,0.61,7.7,10.7,9.5,60.7,15.8,4.3,0.0,0.0,0.0,50.9769146,-118.1847111,,,0,True,True,0.0
Mount Ida Mews,93D60,Interior Health,PFP,100 5th Avenue SE,Salmon Arm,V1E4H4,Community Care & Assisted Living Act,Accredited,2.8,0.35,3.15,3.0,0.35,3.35,132,72,0,0,1,0,0.0,2.3,7.6,0.0,0.0,0.0,0.8,0.0,86.0,62.1,55.8,2.3,36.1,8.4,23.9,73.9,20.6,54.5,0.56,4.2,19.7,3.5,56.5,13.0,11.5,2.0,2.0,0.0,50.69600300000001,-119.28418,,,0,True,True,0.007575757575757576
Mount Saint Joseph Hospital,9A54J,Vancouver Coastal Health,PNP,3080 Prince Edward Street,Vancouver,V5T3N4,Hospital Act,Accredited,2.88,0.29,3.17,2.88,0.29,3.17,99,16,8,17,0,0,1.0,0.0,8.1,0.0,0.0,0.0,0.0,0.0,88.0,72.8,72.3,1.7,22.3,41.5,40.2,58.8,5.0,71.9,0.62,16.5,5.2,18.1,31.5,15.4,2.1,1.0,0.0,0.0,49.257699,-123.096358,,,0,True,True,0.0
Mountain Lake Seniors Community,92HIA,Interior Health,PFP,908 11th St,Nelson,V1L7A6,Community Care & Assisted Living Act,Unknown,2.8,0.35,3.15,3.01,0.35,3.36,92,92,0,0,1,1,0.0,4.3,5.4,0.0,0.0,0.0,1.1,0.0,84.0,65.5,59.5,8.1,26.2,14.5,25.5,67.9,10.0,31.7,0.57,3.4,0.3,0.7,40.7,25.3,0.0,2.0,2.0,0.0,49.5081403,-117.26611815013092,,,0,True,True,0.07608695652173914
Mountain View Lodge - Lillooet Hospital and Health Centre,9A4E5,Interior Health,HA,951 Murray St. ,Lillooet,V0K1V0,Community Care & Assisted Living Act,Accredited,2.9,0.37,3.27,2.9,0.37,3.27,22,20,1,0,0,0,0.0,0.0,0.0,0.0,0.0,4.5,0.0,0.0,87.0,72.3,66.0,3.9,47.0,42.2,38.6,78.3,10.8,49.4,0.65,44.6,2.4,0.0,57.8,30.6,0.3,1.0,2.0,0.0,50.68929895,-121.93935595579315,,,0,True,True,0.0
Mountain View Manor - Delta Hospital,9A56E,Fraser Health,HA,5800 Mountain View Boulevard,Delta,V4K3V6,Hospital Act,Unknown,3.04,0.37,3.41,3.04,0.37,3.41,92,12,4,18,0,0,0.0,0.0,3.3,0.0,0.0,0.0,1.1,0.0,90.0,64.6,73.6,1.1,11.5,44.7,28.1,45.3,5.0,72.5,0.58,21.6,63.0,1.5,37.9,22.0,3.6,1.0,0.0,0.0,49.085682399999996,-123.06125243089485,,,0,True,True,0.0
Mountainview Village,93240,Interior Health,PNP,1540 K.L.O. Road,Kelowna,V1W3P6,Community Care & Assisted Living Act,Accredited,2.8,0.35,3.15,2.8,0.35,3.15,90,90,0,0,0,0,0.0,0.0,12.2,0.0,0.0,1.1,13.3,0.0,84.0,61.8,59.8,5.3,20.4,19.6,34.9,71.5,15.3,34.7,0.59,1.1,10.2,0.3,53.0,42.9,6.8,1.0,3.0,0.0,49.8610063,-119.4565603,,,0,True,True,0.0
Nelson Jubilee Manor,98G4A,Interior Health,HA,500 Beasley St West,Nelson,V1L6G9,Community Care & Assisted Living Act,Accredited,2.84,0.41,3.25,2.84,0.41,3.25,39,39,0,0,0,0,2.6,5.1,2.6,0.0,0.0,0.0,0.0,2.6,85.0,71.2,61.9,8.5,29.4,48.4,22.9,52.9,3.3,61.4,0.6,10.5,0.0,10.5,49.7,22.2,9.1,1.0,3.0,0.0,49.4795674,-117.29899609999998,,,0,True,True,0.0
New Vista Care Home,99C37,Fraser Health,PNP,7550 Rosewood Street,Burnaby,V5E3Z3,Community Care & Assisted Living Act,Accredited,2.42,0.31,2.73,2.67,0.32,2.99,236,236,0,0,3,1,0.0,0.4,11.4,0.4,0.0,3.0,1.7,7.2,83.0,62.5,49.3,4.7,14.4,29.5,31.9,72.9,13.3,48.8,0.52,21.0,37.6,0.0,52.4,32.8,8.1,5.0,16.0,0.0,49.2239438,-122.94541269093858,20.0,3.0,1,True,True,0.0
Nicola Lodge,93GBA,Fraser Health,PFP,2240 Hawkins St.,Port Coquitlam,V3B0M2,Community Care & Assisted Living Act,Unknown,2.98,0.37,3.36,2.98,0.37,3.35,230,0,0,0,4,1,0.9,0.4,10.9,0.0,0.0,0.9,2.6,0.0,84.0,58.6,56.1,4.3,18.9,11.8,18.4,60.9,7.0,80.5,0.58,16.4,55.4,2.7,41.6,12.5,4.0,6.0,1.0,0.0,49.255787,-122.737523,1.0,0.0,1,False,False,0.0782608695652174
Noric House,98IF3,Interior Health,HA,1400 Mission Rd,Vernon,V1T9C3,Community Care & Assisted Living Act,Accredited,2.85,0.34,3.19,2.85,0.34,3.19,85,85,0,0,0,0,1.2,0.0,22.4,0.0,0.0,3.5,2.4,1.2,85.0,74.4,59.5,2.5,40.5,39.9,26.0,77.5,9.2,61.5,0.64,34.3,59.5,52.4,69.8,25.3,7.6,1.0,4.0,1.0,50.251193,-119.282587,,,0,True,True,0.0
Normanna Rest Home,9C489,Fraser Health,PNP,7725-4th St,Burnaby,V3N5B6,Community Care & Assisted Living Act,Unknown,2.65,0.33,2.98,2.72,0.34,3.06,100,90,5,0,0,0,0.0,0.0,3.0,0.0,0.0,0.0,0.0,0.0,86.0,80.2,61.0,2.5,27.3,34.9,20.6,62.8,16.1,38.8,0.6,13.5,49.5,0.8,44.8,25.9,9.4,1.0,1.0,0.0,49.22202645,-122.92761074114857,,,0,True,True,0.0
Northcrest Care Centre,9C5G2,Fraser Health,PFP,6771-120th Street,Delta,V4E2A7,Community Care & Assisted Living Act,Accredited,2.88,0.37,3.24,2.99,0.37,3.36,106,90,8,0,0,0,0.0,0.0,2.8,0.0,0.0,1.9,0.0,0.0,84.0,67.6,51.7,6.2,52.9,45.2,30.4,70.1,16.1,69.7,0.58,0.7,84.9,0.2,70.5,22.5,10.4,5.0,0.0,0.0,49.126449,-122.891122,,,0,True,True,0.0
Orchard Haven - South Similkameen Health Centre,9252A,Interior Health,HA,700 3rd St,Keremeos,V0X1N0,Community Care & Assisted Living Act,Accredited,3.01,0.41,3.42,3.04,0.41,3.45,38,38,0,0,0,0,2.6,2.6,23.7,0.0,0.0,10.5,10.5,2.6,82.0,66.5,50.2,4.4,41.7,30.3,29.5,69.7,6.1,43.9,0.6,12.1,3.0,3.8,50.0,26.7,21.4,2.0,11.0,0.0,49.2069196,-119.8315278,,,0,True,True,0.0
Overlander Residential Care,9A708,Interior Health,HA,953 Southill Street,Kamloops,V2B7Z9,Hospital Act,Accredited,2.98,0.25,3.23,3.04,0.38,3.42,183,35,14,30,0,0,2.2,0.0,9.3,0.0,0.0,2.7,4.9,1.1,81.0,68.3,42.6,9.0,37.3,50.5,36.4,67.6,9.6,49.9,0.62,21.7,44.4,17.3,59.9,37.3,8.3,0.0,3.0,0.0,50.70373370000001,-120.3973241,,,0,True,True,0.0
Parkview Place,98IEB,Interior Health,HA,707 3rd Ave,Enderby,V0E1V0,Community Care & Assisted Living Act,Accredited,2.86,0.36,3.22,2.86,0.38,3.24,31,31,0,0,0,0,3.2,0.0,0.0,0.0,0.0,0.0,0.0,0.0,87.0,63.1,69.4,0.6,26.4,23.1,30.6,68.6,8.3,51.2,0.58,0.0,50.4,0.0,57.0,20.5,9.0,0.0,0.0,0.0,50.5466217,-119.1407493,,,0,True,True,0.0
Peace Portal Seniors Village,9C47I,Fraser Health,PFP,15441 - 16th Avenue,Surrey,V4A8T8,Community Care & Assisted Living Act,Accredited,2.45,0.28,2.73,2.67,0.28,2.95,84,67,7,0,0,0,1.2,0.0,15.5,0.0,0.0,6.0,2.4,0.0,87.0,71.3,71.3,0.5,35.5,25.5,35.5,61.7,8.5,47.5,0.53,3.5,48.2,0.0,46.1,15.2,15.8,4.0,4.0,0.0,49.031282,-122.7945296,,,0,True,True,0.6785714285714286
Piccadilly Seniors Community,931AA,Interior Health,PFP,821 10th Avenue SW,Salmon Arm,V1E1T2,Community Care & Assisted Living Act,Accredited,2.8,0.35,3.15,2.95,0.35,3.3,59,46,7,0,0,0,0.0,1.7,15.3,0.0,0.0,0.0,6.8,1.7,89.0,58.8,73.4,2.4,28.0,22.9,33.6,61.2,7.0,22.4,0.58,0.0,0.0,0.0,51.4,20.4,4.7,0.0,0.0,0.0,50.692591,-119.29439599999999,,,0,True,True,0.13559322033898305
Pine Acres Home,9BDAH,Interior Health,PNP,1902 Pheasant Lane,Westbank,V4T2H4,Community Care & Assisted Living Act,Accredited,2.8,0.35,3.15,2.8,0.35,3.15,63,33,5,0,0,0,0.0,3.2,9.5,0.0,0.0,0.0,6.3,0.0,80.0,49.2,35.0,12.3,17.2,18.5,25.6,73.1,5.0,42.9,0.54,1.3,11.3,7.1,35.7,51.7,4.9,0.0,0.0,0.0,49.839286,-119.59551,,,0,True,True,0.36507936507936506
Pine Grove Seniors Community,9A9G2,Interior Health,PFP,313 Mcgowan Street,Kamloops,V2B2N8,Community Care & Assisted Living Act,Unknown,2.8,0.35,3.15,2.99,0.35,3.34,75,14,31,0,1,0,2.7,0.0,10.7,0.0,0.0,1.3,4.0,1.3,87.0,74.2,62.8,2.0,29.1,37.0,29.8,63.3,7.6,38.8,0.62,11.8,9.3,0.0,50.9,17.2,9.1,1.0,5.0,1.0,50.64479145,-120.3440998,,,0,True,True,0.0
Pinegrove Place,9AG59,Vancouver Coastal Health,PNP,11331 Mellis Drive,Richmond,V6X1L8,Community Care & Assisted Living Act,Accredited,2.61,0.28,2.89,2.86,0.29,3.15,76,76,0,0,0,0,0.0,0.0,1.3,0.0,0.0,0.0,0.0,0.0,84.0,58.6,57.4,4.0,24.5,46.2,37.4,72.0,12.6,69.8,0.59,0.3,65.4,0.3,46.9,20.1,9.2,5.0,2.0,0.0,49.1867925,-123.0984471,,,0,True,True,0.0
Pleasant Valley Manor,9BJG5,Interior Health,HA,3800 Patten Dr.,Armstrong,V0E1B2,Hospital Act,Accredited,2.93,0.31,3.24,2.93,0.31,3.24,82,82,0,0,0,0,0.0,1.2,11.0,0.0,0.0,1.2,1.2,0.0,87.0,64.1,72.0,4.0,28.6,43.2,23.5,72.9,5.1,38.1,0.59,0.9,71.4,0.0,51.2,25.4,11.8,0.0,0.0,0.0,50.43928579999999,-119.2079969,,,0,True,True,0.0
Point Grey Private Hospital,9995A,Vancouver Coastal Health,PFP,2423 Cornwall Avenue,Vancouver,V6K1B9,Hospital Act,Not Accredited,2.62,0.13,2.75,2.72,0.13,2.85,72,31,20,0,0,0,1.4,0.0,2.8,0.0,0.0,0.0,0.0,1.4,86.0,60.4,64.3,0.4,30.5,29.7,27.1,75.1,12.6,29.0,0.59,3.3,0.0,1.1,55.8,24.7,32.7,1.0,2.0,0.0,49.2724948,-123.1496031,,,0,True,False,0.06944444444444445
Polson Residential Care - Vernon Jubilee Hospital,9A628,Interior Health,HA,2101 32nd Street,Vernon,V1T5L2,Hospital Act,Accredited,2.95,0.36,3.31,2.94,0.36,3.3,97,15,9,16,0,0,2.1,0.0,9.3,0.0,0.0,1.0,6.2,2.1,85.0,65.7,55.8,2.3,43.8,36.9,30.8,73.7,4.2,54.4,0.61,2.9,31.0,2.9,72.9,31.0,14.5,0.0,0.0,0.0,50.256926,-119.271624,,,0,True,True,0.0
Ponderosa Lodge,98FA9,Interior Health,HA,425 Columbia St,Kamloops,V2C2T4,Community Care & Assisted Living Act,Accredited,2.84,0.38,3.22,2.84,0.38,3.22,98,90,1,0,0,0,2.0,1.0,12.2,0.0,0.0,4.1,4.1,3.1,84.0,47.9,48.4,2.8,22.3,31.0,33.2,71.2,7.1,37.0,0.58,47.3,0.0,35.9,52.2,30.5,0.9,1.0,3.0,0.0,50.670828,-120.331933,,,0,False,True,0.0
Poplar Ridge Pavilion - Kootenay Boundary Hospital,9A667,Interior Health,HA,1200 Hospital Bench,Trail,V1R4M1,Hospital Act,Accredited,2.84,0.36,3.2,2.89,0.36,3.25,49,5,14,4,0,0,4.1,6.1,0.0,0.0,0.0,0.0,0.0,0.0,87.0,67.4,63.2,4.5,25.4,58.5,26.3,56.1,3.9,49.3,0.62,20.0,49.3,20.5,67.3,17.9,8.8,0.0,0.0,0.0,49.1035546,-117.7011867,,,0,True,True,0.0
Purdy Pavilion - UBC Hospital,9A5C6,Vancouver Coastal Health,HA,2221 Wesbrook Mall,Vancouver,V6T1Z9,Hospital Act,Accredited,3.05,0.31,3.36,3.13,0.3,3.43,199,23,0,60,1,0,0.0,0.0,1.0,0.0,0.0,0.0,0.0,0.0,81.0,55.1,44.3,9.2,16.1,45.5,43.1,44.7,5.1,55.3,0.62,34.7,19.6,6.9,47.0,33.3,13.6,1.0,2.0,0.0,49.2632866,-123.24586939010037,,,0,True,True,0.0
Queen's Park Care Centre,9A5GG,Fraser Health,HA,315 McBride Blvd.,New Westminster,V3L5E8,Hospital Act,Unknown,3.19,0.34,3.52,3.19,0.34,3.53,148,14,2,32,0,0,0.0,1.4,2.7,0.0,0.0,0.0,1.4,0.0,84.0,64.1,58.6,9.6,11.8,38.7,22.0,51.8,6.0,50.3,0.58,2.5,20.0,2.3,36.7,13.2,7.1,1.0,6.0,2.0,49.2158542,-122.9036695,6.0,1.0,1,True,True,0.0
Renfrew Care Centre,9193F,Vancouver Coastal Health,PFP,1880 Renfrew Street,Vancouver,V5M3H9,Community Care & Assisted Living Act,Accredited,2.58,0.12,2.7,2.69,0.12,2.81,106,86,10,0,0,0,0.9,0.0,9.4,0.0,0.0,1.9,2.8,0.0,84.0,58.8,56.6,3.5,15.9,42.4,39.4,74.9,9.2,41.2,0.57,0.0,65.0,0.5,29.0,24.7,6.6,1.0,0.0,0.0,49.26786,-123.044,,,0,True,True,0.0
Richmond Lions Manor,99BGD,Vancouver Coastal Health,HA,9020 Bridgeport Road,Richmond,V6X1S1,Community Care & Assisted Living Act,Accredited,2.71,0.27,2.98,2.71,0.32,3.03,93,49,22,0,1,1,0.0,0.0,10.8,0.0,0.0,1.1,0.0,0.0,87.0,72.0,63.1,2.5,18.0,21.8,37.8,58.2,8.8,59.5,0.61,37.1,10.9,43.9,40.5,29.5,3.2,4.0,3.0,1.0,49.1914932,-123.1252982423324,1.0,0.0,1,True,True,0.0
Ridgeview Lodge,93530,Interior Health,PFP,920 Desmond Street,Kamloops,V2B5K6,Community Care & Assisted Living Act,Unknown,2.8,0.35,3.15,2.87,0.35,3.22,129,129,0,0,0,1,0.8,0.8,14.0,0.0,0.8,6.2,10.9,0.8,85.0,61.4,55.8,4.0,16.5,22.4,19.6,36.1,13.3,30.0,0.6,1.6,0.0,0.2,45.2,26.8,3.2,2.0,6.0,0.0,50.7034312,-120.39313490000002,,,0,False,False,0.17829457364341086
Ridgewood Lodge - Princeton General Hospital,9A4J6,Interior Health,HA,98 Ridgewood Drive,Princeton,V0X1W0,Community Care & Assisted Living Act,Accredited,2.83,0.4,3.23,2.85,0.4,3.25,37,33,2,0,1,0,0.0,0.0,10.8,0.0,0.0,0.0,2.7,0.0,84.0,59.2,52.0,1.7,27.7,22.7,27.7,67.4,9.9,38.3,0.56,38.3,15.6,7.8,41.1,17.7,12.3,1.0,1.0,0.0,49.45459015,-120.52645140910023,,,0,True,True,0.0
Rocky Mountain Village,92D60,Interior Health,PFP,55 Cokato Road,Fernie,V0B1M4,Community Care & Assisted Living Act,Unknown,2.8,0.35,3.15,2.94,0.35,3.29,62,62,0,0,0,0,1.6,0.0,29.0,0.0,0.0,4.8,6.5,3.2,83.0,63.1,49.6,4.4,14.2,15.6,31.1,67.6,6.7,25.3,0.59,48.4,88.0,11.6,48.0,32.7,13.0,5.0,15.0,1.0,49.4906726,-115.0647647,,,0,True,True,0.016129032258064516
Rose Wood Village,92CB0,Interior Health,PFP,8125 Devito Drive,Trail,V1R4X9,Community Care & Assisted Living Act,Unknown,2.8,0.35,3.15,2.99,0.35,3.34,46,45,0,0,2,1,0.0,6.5,13.0,0.0,0.0,0.0,2.2,2.2,81.0,58.0,57.0,14.0,22.4,23.4,37.5,44.8,5.2,62.0,0.63,26.0,4.2,1.6,49.0,20.4,5.6,2.0,4.0,0.0,49.0957762,-117.64176299999998,,,0,True,True,0.021739130434782608
Rosemary Heights Seniors Village,935CA,Fraser Health,PFP,15240-34th Avenue,Surrey,V3Z2J9,Community Care & Assisted Living Act,Accredited,2.56,0.24,2.8,2.99,0.37,3.36,90,85,2,0,1,0,1.1,2.2,21.1,0.0,1.1,0.0,4.4,3.3,86.0,67.7,58.4,1.1,17.0,20.7,39.0,73.1,6.5,39.9,0.56,3.1,48.0,0.0,45.8,15.5,1.6,4.0,7.0,2.0,49.0635552,-122.8006006,,,0,True,False,0.05555555555555555
Rosewood Manor,9ADI4,Vancouver Coastal Health,PNP,6260 Blundell Rd,Richmond,V7C5C4,Community Care & Assisted Living Act,Not Accredited,2.98,0.26,3.24,3.06,0.25,3.31,151,151,0,0,0,0,0.0,0.0,13.9,0.0,0.0,2.0,4.6,0.7,85.0,62.7,55.4,1.4,23.0,28.9,17.0,67.1,7.0,28.5,0.5,19.8,60.2,0.2,38.1,28.5,0.9,1.0,4.0,0.0,49.1551041,-123.1553156,,,0,True,True,0.0
Royal Arch Masonic Home,9AAG7,Vancouver Coastal Health,PNP,7850 Champlain Cresc,Vancouver,V5S4C7,Community Care & Assisted Living Act,Not Accredited,2.84,0.35,3.19,3.12,0.37,3.49,151,151,0,0,0,0,1.3,0.0,19.9,0.0,0.0,0.7,4.0,0.0,86.0,60.1,61.0,4.2,17.4,37.1,21.6,61.9,6.2,29.4,0.54,15.5,83.7,13.4,41.2,23.4,5.1,1.0,0.0,0.0,49.2135328,-123.0288043,37.0,12.0,1,True,True,0.0
Royal Ascot Care Centre,917JC,Vancouver Coastal Health,PFP,2455 East Broadway,Vancouver,V5M1Y1,Hospital Act,Not Accredited,2.87,0.24,3.11,2.96,0.24,3.2,82,64,9,0,1,0,1.2,0.0,11.0,0.0,0.0,2.4,1.2,1.2,85.0,74.5,60.7,3.4,36.6,31.5,32.7,68.5,6.5,37.2,0.56,0.3,0.0,3.0,54.8,9.3,0.0,2.0,2.0,0.0,49.26239535,-123.0555417,,,0,True,True,0.024390243902439025
Royal City Manor,91JJ3,Fraser Health,PFP,77 Jamieson Court,New Westminster,V3L5P8,Community Care & Assisted Living Act,Accredited,2.48,0.31,2.79,2.65,0.31,2.96,165,125,21,0,6,2,0.0,0.6,6.1,0.0,0.0,0.6,1.2,0.0,85.0,58.1,62.2,4.1,31.4,23.1,20.5,73.3,5.2,49.2,0.58,5.0,14.0,0.0,35.3,10.0,0.0,12.0,2.0,0.0,49.2153153,-122.8951618,,,0,True,True,0.696969696969697
Shorncliffe,9AHA5,Vancouver Coastal Health,HA,5847 Medusa Street,Sechelt,V0N3A0,Community Care & Assisted Living Act,Accredited,3.1,0.24,3.34,3.13,0.22,3.35,59,59,0,0,0,0,0.0,0.0,3.4,0.0,0.0,0.0,0.0,0.0,83.0,59.6,52.8,2.0,15.1,30.1,42.9,67.6,3.7,46.6,0.53,0.0,5.9,2.7,41.1,36.9,6.5,2.0,10.0,1.0,49.474191,-123.765,,,0,True,True,0.0
Silver Kettle Village,93CIA,Interior Health,PFP,2350 72nd Avenue,Grand Forks,V0H1H4,Community Care & Assisted Living Act,Unknown,2.8,0.35,3.15,3.0,0.35,3.35,42,42,0,0,0,0,0.0,2.4,4.8,0.0,0.0,0.0,0.0,0.0,81.0,67.2,45.0,8.3,12.6,15.5,21.3,63.8,0.6,29.3,0.51,5.2,58.6,1.7,48.3,25.5,1.6,1.0,4.0,1.0,49.0246317,-118.4649688,,,0,True,True,0.047619047619047616
Simon K.Y. Lee Seniors Care Home,926I0,Vancouver Coastal Health,PNP,555 Carrall Street,Vancouver,V6B2J8,Community Care & Assisted Living Act,Unknown,2.6,0.23,2.83,2.72,0.27,2.99,114,104,5,0,2,1,0.0,0.0,5.3,0.0,0.9,0.0,1.8,0.9,88.0,70.8,72.9,2.5,18.0,36.7,22.8,67.2,10.4,37.0,0.55,16.7,0.2,0.7,33.0,20.8,6.5,6.0,3.0,0.0,49.2814788,-123.1043333,,,0,True,True,0.03508771929824561
Slocan Community Health Centre - The Pavillion,98G52,Interior Health,HA,401 Galena Ave,New Denver,V0G1S0,Community Care & Assisted Living Act,Accredited,2.91,0.3,3.21,2.91,0.3,3.21,28,6,20,0,0,0,0.0,0.0,7.1,0.0,0.0,0.0,3.6,0.0,87.0,64.1,62.7,2.6,15.7,25.9,10.2,64.8,2.8,25.0,0.55,31.5,0.0,10.2,49.1,15.7,0.0,1.0,3.0,0.0,49.9843977,-117.3754623,,,0,True,True,0.0
Spring Valley Seniors Community,990F2,Interior Health,PFP,355 Terai Court,Kelowna,V1X5X6,Community Care & Assisted Living Act,Unknown,2.8,0.35,3.15,3.01,0.35,3.36,151,114,8,0,3,1,0.7,0.7,13.2,0.0,0.0,2.6,6.0,2.6,86.0,61.5,62.7,4.6,24.2,21.7,22.1,69.5,10.9,42.2,0.56,0.3,27.2,10.4,43.3,23.4,3.8,3.0,9.0,1.0,49.8855029,-119.416278,,,0,True,True,0.006622516556291391
St. Jude's Anglican Home,999GE,Vancouver Coastal Health,PNP,810 West 27th Avenue,Vancouver,V5Z2G7,Community Care & Assisted Living Act,Not Accredited,2.64,0.47,3.11,2.82,0.37,3.19,55,45,5,0,0,0,1.8,0.0,5.5,0.0,0.0,0.0,0.0,1.8,85.0,83.1,62.9,2.4,31.3,45.5,42.9,71.0,14.7,47.8,0.58,0.0,84.4,0.9,47.8,39.5,10.8,3.0,3.0,0.0,49.2468877,-123.1227326,,,0,True,True,0.03636363636363636
St. Michael's Centre,9A9FB,Fraser Health,PNP,7451 Sussex Avenue,Burnaby,V5J5C2,Hospital Act,Not Accredited,2.96,0.38,3.34,2.96,0.38,3.34,144,20,36,9,2,0,0.0,1.4,4.2,0.0,0.0,0.7,0.0,0.0,84.0,63.5,53.8,3.0,16.9,41.0,23.5,59.4,7.7,64.6,0.63,0.8,43.3,18.5,45.6,17.1,15.3,7.0,5.0,1.0,49.2157228,-123.0052424,,,0,True,True,0.0
St. Vincent's - Brock Fahrni Pavilion,9A587,Vancouver Coastal Health,PNP,4650 Oak St.,Vancouver,V6H4J4,Hospital Act,Accredited,2.92,0.27,3.19,2.92,0.29,3.21,148,12,8,30,0,0,0.0,0.0,3.4,0.0,0.0,0.0,0.0,0.7,83.0,32.8,55.1,8.9,25.7,34.5,30.4,53.2,4.9,68.7,0.59,1.4,0.2,0.7,36.9,16.5,2.7,3.0,2.0,0.0,49.2432438,-123.12301099560094,,,0,True,False,0.0
St. Vincent's - Langara,9C05H,Vancouver Coastal Health,PNP,255 W 62nd Ave,Vancouver,V5X4V4,Hospital Act,Accredited,2.89,0.31,3.2,2.89,0.32,3.21,197,17,8,41,0,0,0.5,0.0,6.1,0.0,0.5,2.0,0.0,1.5,85.0,75.1,56.0,4.5,21.2,40.5,37.6,55.7,4.6,62.0,0.61,12.5,4.3,6.3,31.8,16.2,3.9,2.0,2.0,0.0,49.2147869,-123.11081877119535,,,0,True,True,0.0
Summerland Seniors Village,92HB0,Interior Health,PFP,12803 Atkinson Road,Summerland,V0H1Z4,Community Care & Assisted Living Act,Accredited,2.8,0.35,3.15,2.85,0.35,3.2,112,105,0,0,3,5,2.7,0.9,15.2,0.0,0.9,1.8,2.7,0.0,87.0,69.4,72.3,1.3,13.6,29.3,33.9,88.6,15.4,38.6,0.56,0.4,56.1,3.6,51.8,40.4,4.0,7.0,22.0,0.0,49.6000555,-119.6687918,,,0,True,True,0.33035714285714285
Sun Pointe Village,92450,Interior Health,PNP,700 Rutland Road N,Kelowna,V1X7W8,Community Care & Assisted Living Act,Unknown,2.8,0.35,3.15,2.96,0.35,3.31,100,100,0,0,0,0,2.0,3.0,8.0,1.0,0.0,3.0,5.0,0.0,84.0,69.1,56.2,6.0,35.9,30.4,45.2,84.7,10.4,52.1,0.57,0.0,46.8,2.2,61.4,25.7,2.4,0.0,0.0,0.0,49.8958819,-119.3870785,,,0,True,True,0.0
Suncreek Village,9370A,Fraser Health,PFP,13687 62nd Avenue,Surrey,V3X0B5,Community Care & Assisted Living Act,Unknown,2.63,0.37,3.0,2.99,0.37,3.36,134,120,0,0,1,0,0.0,0.7,9.0,0.0,0.0,0.7,3.0,0.0,82.0,65.0,50.1,9.8,20.0,46.2,34.9,59.8,10.3,75.6,0.59,50.6,55.4,4.4,52.6,35.3,1.4,5.0,1.0,0.0,49.1156408,-122.8450108,,,0,True,True,0.1044776119402985
Sunnybank Retirement Home,98IDJ,Interior Health,HA,6553 Park Drive,Oliver,V0H1T0,Community Care & Assisted Living Act,Accredited,2.86,0.33,3.19,2.96,0.49,3.45,51,51,0,0,0,0,2.0,0.0,19.6,0.0,0.0,0.0,3.9,0.0,88.0,58.8,74.6,3.8,29.0,24.1,17.3,54.9,3.1,47.5,0.57,22.8,35.2,6.8,34.6,21.0,5.1,1.0,2.0,0.0,49.18796645,-119.53956620008628,,,0,True,True,0.0
Swan Valley Lodge,98F21,Interior Health,HA,818 Vancouver St,Creston,V0B1G4,Hospital Act & Community Care & Assisted Living Act,Accredited,2.94,0.34,3.28,2.98,0.43,3.41,90,90,0,0,0,0,0.0,0.0,4.4,0.0,2.2,4.4,1.1,0.0,84.0,63.2,49.0,4.7,18.3,32.2,25.7,71.6,10.7,43.2,0.56,16.9,1.5,0.0,52.7,23.6,7.6,0.0,0.0,0.0,49.097877200000006,-116.5163929,,,0,True,True,0.0
Tabor Home,98H94,Fraser Health,PNP,31944 Sunrise Cres,Abbotsford,V2T1N5,Community Care & Assisted Living Act,Unknown,2.48,0.31,2.79,2.74,0.32,3.06,118,106,6,0,2,0,0.8,0.0,7.6,0.0,0.0,1.7,0.8,1.7,90.0,73.6,76.1,2.8,17.3,10.2,31.6,76.9,8.2,38.6,0.57,28.8,15.1,0.0,56.1,33.6,4.9,2.0,0.0,0.0,49.047016,-122.338899,1.0,1.0,1,True,True,0.0
Talarico Place - Castlegar District Community Health Centre,9C0DE,Interior Health,HA,709 10th Street,Castlegar,V1N2H7,Community Care & Assisted Living Act,Accredited,2.79,0.38,3.17,2.85,0.51,3.36,60,38,11,0,1,0,1.7,3.3,8.3,1.7,0.0,0.0,0.0,0.0,88.0,71.7,72.4,1.6,24.4,44.9,32.7,57.1,8.8,48.3,0.6,21.5,0.0,1.0,44.9,6.6,0.0,1.0,2.0,1.0,49.3144174,-117.6608054,,,0,True,True,0.0
The Cascades Care Community,9A599,Fraser Health,PFP,45586 Mcintosh Drive,Chilliwack,V2P7W8,Community Care & Assisted Living Act,Unknown,2.55,0.32,2.87,2.85,0.34,3.19,119,101,9,0,0,0,0.0,0.0,13.4,0.0,0.8,0.0,1.7,0.8,88.0,66.0,72.3,3.4,14.8,27.7,29.6,66.6,13.8,64.2,0.6,0.2,1.9,0.0,59.4,20.0,7.1,1.0,2.0,0.0,49.1608031,-121.9656901,,,0,True,True,0.1092436974789916
The Gateby,9AFCB,Interior Health,HA,3000 Gateby Place,Vernon,V1T8V8,Community Care & Assisted Living Act,Accredited,2.9,0.35,3.25,2.96,0.6,3.55,75,75,0,0,0,0,5.3,0.0,14.7,0.0,0.0,0.0,10.7,4.0,85.0,66.1,58.2,1.6,40.9,38.7,24.3,69.6,7.8,40.0,0.63,15.2,63.9,8.7,51.7,24.2,15.2,1.0,1.0,0.0,50.2642353,-119.28130149999998,,,0,True,True,0.0
The Hamlets at Penticton,93510,Interior Health,PFP,103 Duncan Ave West,Penticton,V2A2Y3,Community Care & Assisted Living Act,Unknown,2.8,0.35,3.15,3.0,0.35,3.35,89,94,2,0,5,0,1.1,3.4,2.2,0.0,0.0,4.5,1.1,2.2,83.0,62.4,52.6,10.8,30.3,18.0,18.0,60.7,6.7,28.1,0.58,0.0,11.2,32.6,42.7,24.2,4.0,4.0,1.0,0.0,49.4840616,-119.5897419,,,0,True,True,0.033707865168539325
The Hamlets at Westsyde,930H0,Interior Health,PFP,3255 Overlander Drive,Kamloops,V2B0A5,Community Care & Assisted Living Act,Unknown,2.8,0.35,3.15,3.0,0.35,3.35,112,112,0,0,5,0,1.8,0.0,8.9,0.0,0.0,3.6,3.6,2.7,81.0,52.4,52.7,20.0,32.1,14.2,28.4,47.4,4.7,31.6,0.57,3.2,0.5,0.0,58.4,38.0,3.8,3.0,3.0,0.0,50.77082100000001,-120.341961,,,0,True,True,0.026785714285714284
The Madison Care Centre,935IA,Fraser Health,PFP,1399 Foster Avenue,Coquitlam,V3J2N1,Hospital Act,Not Accredited,2.64,0.16,2.8,2.83,0.2,3.03,137,128,9,0,6,1,0.0,0.7,3.6,0.0,0.0,0.0,0.7,0.0,89.0,87.0,79.7,0.0,25.5,36.1,34.3,68.1,7.5,51.7,0.55,9.9,6.0,0.5,47.8,16.5,24.6,5.0,1.0,0.0,49.2568192,-122.89315220000002,,,0,True,True,0.29927007299270075
The Mayfair,9C3GE,Fraser Health,PNP,33433 Marshall Road,Abbotsford,V2S1K8,Community Care & Assisted Living Act,Not Accredited,2.49,0.3,2.79,3.0,0.36,3.36,91,80,2,0,1,1,2.2,0.0,8.8,0.0,0.0,1.1,5.5,2.2,84.0,68.2,58.5,7.4,45.2,34.3,32.3,66.5,12.9,59.7,0.56,5.6,5.2,0.0,59.7,19.7,13.5,3.0,3.0,1.0,49.03936815,-122.29768336109244,,,0,True,True,0.32967032967032966
The Residence at Clayton Heights,93CAA,Fraser Health,PFP,18788 71st Avenue,Surrey,V4N6L9,Community Care & Assisted Living Act,Not Accredited,2.96,0.23,3.19,3.0,0.36,3.36,87,87,0,0,3,1,0.0,0.0,10.3,0.0,0.0,0.0,1.1,0.0,83.0,42.2,47.8,1.7,20.6,34.1,16.6,72.5,15.2,53.3,0.57,1.7,22.3,1.1,50.4,28.1,0.5,3.0,2.0,0.0,49.1317703,-122.7026815,5.0,2.0,1,True,False,0.0
The Residence at Morgan Heights,9375A,Fraser Health,PFP,15955 27th Avenue,Surrey,V3Z3W3,Community Care & Assisted Living Act,Not Accredited,2.8,0.22,3.02,3.0,0.36,3.36,116,108,4,0,4,1,0.0,0.9,1.7,0.0,0.0,0.0,0.0,0.0,89.0,67.4,78.0,1.4,14.4,22.7,15.0,74.2,11.0,41.5,0.56,29.2,65.7,5.9,50.4,29.5,3.1,5.0,1.0,0.0,49.051178,-122.779875,,,0,False,True,0.22413793103448276
The Residence in Mission,93F40,Fraser Health,HA,7324 Hurd Street,Mission,V2V3H5,Community Care & Assisted Living Act,Unknown,3.04,0.33,3.37,3.04,0.33,3.37,200,190,5,0,1,0,0.5,0.5,8.5,0.0,0.0,0.0,2.0,2.5,85.0,62.6,57.7,4.1,23.9,31.6,31.9,58.0,13.0,56.2,0.57,4.7,48.0,1.4,52.8,35.1,1.6,7.0,6.0,1.0,49.135354,-122.330124,,,0,True,True,0.0
Three Links Care Centre,9AC12,Vancouver Coastal Health,PNP,2934 East 22nd Ave,Vancouver,V5M2Y4,Community Care & Assisted Living Act,Accredited,2.71,0.34,3.05,2.84,0.36,3.2,90,90,0,0,0,0,0.0,1.1,10.0,0.0,0.0,6.7,0.0,0.0,84.0,50.8,52.8,7.0,24.1,40.3,29.7,68.6,8.1,21.8,0.59,1.7,3.4,7.3,54.6,25.4,1.0,1.0,0.0,0.0,49.2503144,-123.0429307,,,0,True,True,0.0
Three Links Manor,9AHHB,Interior Health,HA,1449 Kelglen Cres,Kelowna,V1Y8P4,Community Care & Assisted Living Act,Accredited,2.8,0.36,3.16,2.79,0.37,3.17,82,82,0,0,0,0,1.2,0.0,7.3,0.0,0.0,3.7,4.9,0.0,86.0,65.9,56.1,3.7,21.9,40.1,35.6,77.8,13.7,69.9,0.63,6.7,18.8,26.4,42.2,29.2,17.4,1.0,1.0,0.0,49.883268,-119.4669195,,,0,True,True,0.0
Totem Lodge - Sechelt Hospital,9A563,Vancouver Coastal Health,HA,5544 Sunshine Coast Highway,Sechelt,V0N3A0,Hospital Act,Accredited,2.92,0.22,3.14,2.93,0.21,3.14,49,3,3,10,0,0,0.0,0.0,2.0,0.0,0.0,0.0,0.0,0.0,85.0,67.8,57.6,7.3,22.6,33.9,31.0,60.1,6.0,67.3,0.59,4.8,0.0,0.0,49.4,16.0,14.8,1.0,5.0,0.0,49.50828092664089,-123.89803176719371,,,0,True,True,0.0
Trinity Care Centre,9AGF1,Interior Health,HA,75 Green Ave West,Penticton,V2A7N6,Community Care & Assisted Living Act,Accredited,2.83,0.36,3.19,2.83,0.36,3.19,75,75,0,0,0,0,2.7,0.0,2.7,0.0,0.0,1.3,0.0,0.0,83.0,64.5,49.9,6.1,11.9,48.1,19.5,54.9,2.4,43.3,0.56,12.3,0.0,0.3,37.9,27.1,6.3,1.0,3.0,0.0,49.46314520000001,-119.5894601,,,0,True,True,0.0
Valhaven Rest Home,98H9F,Fraser Health,PNP,4212 Balmoral St,Abbotsford,V4X1Y5,Community Care & Assisted Living Act,Accredited,2.43,0.3,2.73,3.0,0.36,3.36,26,26,0,0,1,0,0.0,0.0,7.7,0.0,0.0,0.0,0.0,0.0,91.0,73.7,82.5,1.5,4.3,27.7,21.3,74.5,10.6,28.7,0.62,14.9,0.0,0.0,53.2,29.3,5.3,3.0,5.0,0.0,49.0789671,-122.3857153,9.0,1.0,1,True,True,0.15384615384615385
Valleyhaven,98HA8,Fraser Health,PFP,45450 Menholm Rd.,Chilliwack,V2P1M2,Community Care & Assisted Living Act,Accredited,2.56,0.3,2.86,3.0,0.36,3.36,91,83,4,0,3,0,0.0,1.1,13.2,0.0,0.0,3.3,0.0,2.2,87.0,63.5,66.4,3.7,18.8,19.9,25.7,61.0,9.2,50.7,0.55,8.5,69.9,0.0,48.2,19.6,6.0,2.0,2.0,0.0,49.1664458,-121.96614440000002,,,0,True,True,0.01098901098901099
Victorian Community Health Centre of Kaslo,98GA3,Interior Health,HA,673A Avenue,Kaslo,V0G1M0,Community Care & Assisted Living Act,Accredited,3.14,0.33,3.47,3.14,0.34,3.48,20,17,3,0,0,0,0.0,0.0,5.0,0.0,0.0,0.0,0.0,0.0,88.0,70.8,73.6,7.5,37.8,32.4,17.6,59.5,14.9,31.1,0.61,40.5,6.8,1.4,70.3,35.3,1.1,1.0,5.0,0.0,49.91347860000001,-116.9140496,,,0,True,True,0.0
Villa Carital,9198G,Vancouver Coastal Health,PNP,3050 Penticton St,Vancouver,V5M4W2,Community Care & Assisted Living Act,Not Accredited,3.28,0.32,3.6,3.28,0.35,3.63,81,60,12,0,1,0,0.0,0.0,6.2,0.0,0.0,6.2,0.0,4.9,88.0,81.2,73.5,1.1,39.3,37.4,45.1,68.7,17.2,54.3,0.61,14.7,90.5,2.5,69.9,41.9,5.0,2.0,0.0,0.0,49.2565839,-123.0521465,,,0,True,True,0.06172839506172839
Villa Cathay Care Home,999II,Vancouver Coastal Health,PNP,970 Union Street,Vancouver,V6A3V1,Community Care & Assisted Living Act,Not Accredited,2.75,0.18,2.93,2.88,0.23,3.11,134,112,19,0,0,0,0.0,0.0,1.5,0.0,0.0,0.7,0.0,0.0,89.0,79.2,77.0,0.6,16.3,44.8,13.0,50.2,3.7,33.9,0.53,0.0,0.4,0.2,28.5,15.6,11.4,2.0,0.0,0.0,49.277208,-123.084,1.0,0.0,1,True,True,0.029850746268656716
Village at Mill Creek,9911G,Interior Health,PNP,1450 Sutherland Avenue,Kelowna,V1Y5Y5,Hospital Act,Unknown,2.8,0.35,3.15,2.98,0.35,3.33,96,96,0,0,0,0,0.0,0.0,4.2,0.0,0.0,3.1,3.1,2.1,86.0,62.9,66.1,4.2,25.2,28.5,23.5,83.4,15.5,55.1,0.53,3.0,41.6,14.1,37.1,22.0,0.0,0.0,0.0,0.0,49.8803526,-119.46813059999998,,,0,True,True,0.14583333333333334
Village at Smith Creek,9C1H6,Interior Health,PNP,2425 Orlin Road,West Kelowna,V4T3C7,Community Care & Assisted Living Act,Unknown,2.8,0.35,3.15,2.98,0.35,3.33,139,130,8,0,0,0,2.9,1.4,15.1,1.4,0.0,5.8,7.9,0.0,86.0,62.8,61.9,3.5,31.7,30.2,29.2,69.8,6.0,40.8,0.56,3.8,29.0,0.0,58.1,24.8,3.0,0.0,0.0,0.0,49.8433445,-119.6279642,,,0,True,True,0.007194244604316547
Village by the Station,92CBA,Interior Health,PNP,270 Hastings Avenue,Penticton,V2A2V6,Community Care & Assisted Living Act,Accredited,2.8,0.35,3.15,2.8,0.35,3.15,100,133,4,0,1,0,2.0,4.0,14.0,0.0,1.0,0.0,3.0,1.0,84.0,70.7,50.2,2.9,18.2,19.7,26.5,72.2,8.3,53.5,0.55,14.9,10.6,0.8,34.3,35.6,8.2,1.0,0.0,0.0,49.4851093,-119.5957646,,,0,True,True,0.0
Waverly Seniors Village,922DF,Fraser Health,PFP,8445 Young Rd,Chilliwack,V2P4P2,Community Care & Assisted Living Act,Accredited,2.45,0.28,2.73,2.67,0.28,2.95,53,51,1,0,1,1,3.8,0.0,3.8,0.0,0.0,5.7,0.0,1.9,87.0,74.2,77.4,5.0,31.1,36.1,29.4,73.1,10.1,32.8,0.6,0.8,62.2,0.0,47.9,27.3,15.5,3.0,8.0,1.0,49.155593,-121.95191,,,0,True,True,0.41509433962264153
West Shore Laylum,9927D,Fraser Health,PFP,4900 Central Ave,Delta,V4K2G7,Community Care & Assisted Living Act,Not Accredited,2.43,0.3,2.73,2.74,0.3,3.04,55,45,5,0,0,0,0.0,0.0,1.8,0.0,0.0,0.0,0.0,0.0,89.0,76.1,72.9,0.0,38.6,30.7,29.7,69.3,8.9,73.3,0.52,29.7,68.3,0.0,49.5,21.5,12.0,0.0,0.0,0.0,49.0482742,-122.7977542,,,0,True,True,0.0
West Vancouver Care Centre,9B9IG,Vancouver Coastal Health,PFP,1675 27th Street,West Vancouver,V7V4K9,Hospital Act,Unknown,2.37,0.13,2.5,2.65,0.09,2.74,78,23,16,7,0,0,0.0,0.0,9.0,0.0,0.0,1.3,0.0,0.0,87.0,75.4,70.4,1.8,26.1,30.7,21.8,60.4,2.5,52.5,0.58,34.6,3.9,3.2,52.9,27.7,3.2,1.0,2.0,0.0,49.3404055,-123.18877820000002,,,0,True,True,0.038461538461538464
Westview Extended Care - Pentiction Regional Hospital,9A6F7,Interior Health,HA,550 Carmi Ave,Penticton,V2A8P9,Hospital Act,Accredited,2.86,0.33,3.19,2.9,0.42,3.32,102,10,10,18,0,0,1.0,0.0,4.9,0.0,1.0,0.0,1.0,0.0,86.0,58.8,68.2,4.4,15.8,31.3,15.5,62.3,4.2,36.8,0.58,11.3,3.2,10.3,32.6,38.3,6.6,1.0,4.0,1.0,49.4826229,-119.5763397,,,0,True,True,0.0
White Rock Seniors Village,993I1,Fraser Health,PFP,1183 Maple Street,White Rock,V8B5K9,Community Care & Assisted Living Act,Accredited,2.49,0.31,2.8,2.68,0.31,2.99,71,59,6,0,0,0,1.4,0.0,8.5,0.0,0.0,1.4,1.4,0.0,89.0,84.3,71.9,0.0,26.6,27.0,30.3,79.1,15.6,21.7,0.57,20.9,61.9,7.4,55.7,26.8,24.8,6.0,11.0,2.0,49.0236424,-122.7891502,,,0,True,True,0.15492957746478872
William Rudd House,91828,Fraser Health,HA,95 Blackberry Drive,New Westminster,V3L5S7,Hospital Act,Unknown,3.19,0.34,3.52,3.19,0.34,3.53,12,12,0,0,0,0,0.0,0.0,0.0,0.0,0.0,0.0,0.0,0.0,46.0,48.5,0.0,93.9,8.2,34.7,0.0,0.0,0.0,12.2,0.69,10.2,67.3,10.2,59.2,1.6,19.5,1.0,3.0,0.0,49.21725645,-122.90105809581377,,,0,True,False,0.0
Williams Lake Seniors Village,92CIA,Interior Health,PFP,1455 Western Avenue,Williams Lake,V2G5N1,Community Care & Assisted Living Act,Accredited,2.8,0.35,3.15,2.99,0.35,3.34,113,113,0,0,0,0,0.0,1.8,7.1,0.0,0.0,0.0,2.7,0.0,81.0,65.8,47.6,7.5,12.3,24.8,24.8,66.9,3.7,36.5,0.55,0.0,10.4,0.0,44.0,29.9,1.8,1.0,1.0,0.0,52.1520084,-122.1593926,,,0,True,True,0.0
Willingdon Care Centre,9B79H,Fraser Health,PFP,4435 Grange St,Burnaby,V5H1P4,Hospital Act,Unknown,2.47,0.31,2.79,2.64,0.31,2.95,95,10,23,10,0,0,1.1,0.0,12.6,0.0,0.0,0.0,0.0,0.0,89.0,77.0,72.3,2.0,19.4,27.8,8.9,61.2,1.0,44.9,0.56,3.7,26.0,2.4,28.1,9.9,2.4,1.0,4.0,0.0,49.23233265,-123.00484883141232,,,0,True,False,0.0
Willingdon Creek Village,93FB0,Vancouver Coastal Health,HA,4980 Kiwanis Drive,Powell River,V8A5H5,Community Care & Assisted Living Act,Accredited,2.97,0.29,3.26,2.97,0.29,3.26,102,102,0,0,1,0,0.0,0.0,3.9,0.0,1.0,0.0,0.0,0.0,83.0,64.0,52.0,4.2,21.3,23.4,32.9,75.3,14.4,51.2,0.55,0.3,0.3,0.0,60.4,51.0,34.3,1.0,4.0,0.0,49.849859,-124.519,,,0,True,True,0.0
Windermere Care Centre,9C2G9,Vancouver Coastal Health,PFP,900 West 12th Avenue,Vancouver,V5Z1N3,Community Care & Assisted Living Act,Not Accredited,2.73,0.22,2.95,2.83,0.19,3.02,210,170,22,0,0,0,1.0,0.0,12.4,0.0,0.0,0.0,1.0,0.0,87.0,78.2,61.0,0.5,22.9,26.8,7.0,64.0,2.6,0.4,0.54,5.8,2.6,0.0,41.8,15.3,4.4,1.0,0.0,0.0,49.260325,-123.125,14.0,1.0,1,True,True,0.02857142857142857
Yaletown House,9B0I5,Vancouver Coastal Health,PNP,1099 Cambie Street,Vancouver,V6B5A8,Community Care & Assisted Living Act,Not Accredited,2.59,0.18,2.77,2.81,0.18,2.99,127,127,0,0,0,0,0.0,0.8,8.7,0.0,0.0,4.7,0.0,0.0,82.0,51.9,45.9,10.4,27.6,26.7,40.9,72.6,8.1,20.7,0.52,10.7,63.7,0.4,48.8,17.3,10.6,4.0,2.0,0.0,49.275272,-123.119,,,0,True,True,0.0
Youville Residence,99A15,Vancouver Coastal Health,PNP,4950 Heather Street,Vancouver,V5Z3L9,Community Care & Assisted Living Act,Accredited,3.21,0.36,3.57,3.21,0.4,3.61,42,42,0,0,0,0,0.0,0.0,9.5,0.0,0.0,0.0,0.0,0.0,79.0,60.0,29.7,8.6,24.2,31.7,61.5,82.6,20.5,83.2,0.59,23.0,5.6,18.6,54.7,49.6,5.2,5.0,5.0,0.0,49.24058,-123.12,,,0,True,True,0.0
Zion Park Manor,99444,Fraser Health,PNP,5939-180th St,Surrey,V3S4L2,Community Care & Assisted Living Act,Not Accredited,2.73,0.35,3.08,2.73,0.35,3.08,99,99,0,0,0,0,0.0,0.0,8.1,0.0,0.0,0.0,3.0,0.0,85.0,70.6,61.4,1.2,13.9,23.2,23.2,55.1,8.6,40.7,0.57,0.5,0.0,2.3,47.0,8.2,2.7,1.0,2.0,0.0,49.1101454,-122.724215,,,0,True,True,0.29292929292929293
Harmony Court Care Centre,91BCE,Fraser Health,PFP,7195 Canada Way,Burnaby,V5E3R7,Community Care & Assisted Living Act,Unknown,2.2856249999999996,0.238125,2.5237499999999997,2.436875,0.2975,2.7375000000000003,80,32,24,0,2,0,0.0,0.0,16.4,0.0,0.0,3.6,5.5,0.0,84.6875,78.19375,58.34375,3.15625,14.2875,30.3875,28.6375,83.275,8.5,51.05,0.515625,1.4875,71.125,0.0,43.18125,16.35625,13.26875,2.0,0.0,0.0,49.224537,-122.942499,,,0,False,True,0.0
Berkley Care Centre,91GB3,Vancouver Coastal Health,HA,2444 Burr Place,North Vancouver,V7H3A5,Community Care & Assisted Living Act,Accredited,3.26,0.24,3.5,3.26,0.24,3.5,189,171,9,0,0,0,0.6,0.0,2.8,0.0,0.0,0.0,0.0,0.6,83.61904761904762,59.17936507936508,55.099999999999994,6.963492063492064,23.35079365079365,47.31269841269842,52.955555555555556,67.36349206349206,12.146031746031747,66.53492063492064,0.5768253968253969,14.984126984126984,64.60952380952381,4.5888888888888895,58.15238095238095,34.49523809523809,27.599999999999998,1.0,4.0,0.0,49.312278000000006,-123.006,25.0,5.0,1,True,True,0.0
Fair Haven - Vancouver,999HG,Vancouver Coastal Health,PNP,2720 East 48th Ave.,Vancouver,V5S1G7,Community Care & Assisted Living Act,Accredited,2.9351485148514853,0.23,3.1651485148514853,3.056930693069307,0.23,3.2869306930693067,101,89,6,0,1,1,0.0,0.0,11.0,0.0,0.0,2.4,1.2,0.0,83.24752475247524,58.59504950495049,50.07821782178217,2.374257425742574,17.055445544554452,38.82277227722773,39.16435643564356,74.25247524752476,12.842574257425742,47.845544554455444,0.5805940594059406,8.200990099009902,66.1950495049505,3.0039603960396044,51.51287128712872,35.13069306930693,13.159405940594059,3.0,8.0,0.0,49.225452,-123.0365843,,,0,True,True,0.0
