FACILITY_NAME,HCC_CODE,HLTH_AUTH,OWNERSHIP,STREET_ADDRESS,CITY,POSTAL,REGULATION,ACCRED_STATUS,BEDS_TOTAL,INCIDENT_OUTBREAK_100,AGE,FEMALE,AGE_85_PLUS,AGE_UNDER_65,STAY_LENGTH,DEPRESSION,ADL_DEPENDENT,CPS_SEVERE,DEMENTIA,ABS_PHYS_ABUSIVE,ISE,ISE_LOW,CMI,THERAPY_PT,THERAPY_RT,THERAPY_OT,MEDS_DEPRESSION,MEDS_ANTIPSYCHOTICS,RESTRAINTS,INSPECTIONS,latitude,longitude,Total Confirmed Cases,Total Deaths,outbreak,rooms_semi_binary,rooms_multi_binary,rooms_shared,resident_council,family_council,beds_privatebinary,complaints_100,sub_complaints_100,incident_100sumXoutbreak,infractions_disease_100,infractions_100Xdisease
Aberdeen Hospital,9A616,Vancouver Island Health,HA,1450 Hillside Ave.,Victoria,V8T2B7,Hospital Act,Accredited,100,,69.0,51.6,21.7,43.3,844.0,24.3,45.6,16.0,6.8,0.5,4.0,16.0,0.77,9.2,51.5,45.1,48.1,22.7,3.9,1.0,48.4421967,-123.34324160465658,0.0,0.0,0,1,1,1,1,1,0,7.000000000000001,4.0,0.0,0.0,2.0
Acacia Ty Mawr,99549,Vancouver Island Health,PFP,2655 E Shawnigan Lake Rd,Shawnigan Lake,V0R2W0,Community Care & Assisted Living Act,Accredited,35,0.0,84.0,69.8,52.2,2.5,862.0,10.4,30.6,38.9,95.1,10.4,2.0,65.3,0.56,0.0,0.0,0.0,54.2,37.8,2.0,2.0,48.64987100000001,-123.62358,0.0,0.0,0,1,0,1,0,1,0,2.857142857142857,0.0,17.2,0.0,2.857142857142857
Acropolis Manor,9A8ID,Northern Health,HA,1325 Summit Avenue,Prince Rupert,V8J4C1,Community Care & Assisted Living Act,Accredited,61,1.6,83.0,59.2,50.7,4.4,2.0,10.8,36.8,35.4,61.3,19.8,1.5,80.7,0.58,0.5,25.9,0.9,37.7,25.1,8.8,4.0,54.30405500000001,-130.33,0.0,0.0,0,1,0,1,1,1,0,1.639344262295082,1.639344262295082,26.1,0.0,13.114754098360656
Adanac Park Lodge,919G3,Vancouver Coastal Health,PNP,851 Boundary Road,Vancouver,V5K4T2,Community Care & Assisted Living Act,Not Accredited,73,2.7,63.0,24.8,7.1,55.3,,19.1,14.7,8.5,39.6,7.8,2.4,61.1,0.49,0.0,72.4,0.0,59.7,58.9,3.3,2.0,49.2770771,-123.0245958,0.0,0.0,0,1,0,1,1,0,0,0.0,0.0,23.2,0.0,2.73972602739726
Agassiz Seniors Community,936E0,Fraser Health,PFP,1525 MacKay Crescent,Agassiz,V0M1A3,Community Care & Assisted Living Act,Unknown,74,1.4,85.0,59.3,59.3,2.8,,5.8,34.2,37.4,60.5,11.6,2.7,45.8,0.56,4.2,94.2,0.0,15.3,3.1,0.0,2.0,49.2335015,-121.7681608,0.0,0.0,0,0,0,0,1,1,1,1.3513513513513513,0.0,9.6,0.0,6.756756756756757
Arbutus Care Centre,9B814,Vancouver Coastal Health,PFP,4505 Valley Drive,Vancouver,V6L2L1,Hospital Act,Accredited,156,0.6,86.0,71.4,64.3,4.0,914.0,15.3,31.0,20.2,61.9,3.0,1.5,79.3,0.55,19.7,0.2,0.6,24.8,22.8,0.1,7.0,49.2478819,-123.1579085,1.0,0.0,1,1,0,1,1,1,1,0.641025641025641,0.0,12.1,0.0,5.769230769230769
Arrowsmith Lodge,995A3,Vancouver Island Health,PNP,266 Moilliet St,Parksville,V9P1M9,Community Care & Assisted Living Act,Accredited,75,0.0,84.0,56.6,54.4,4.1,,31.1,33.8,40.1,79.8,9.6,2.2,56.8,0.61,11.6,0.0,6.3,60.9,21.4,14.9,3.0,49.316385,-124.32359,0.0,0.0,0,0,0,0,1,1,0,8.0,5.333333333333334,21.3,0.0,5.333333333333334
Ayre Manor,9357A,Vancouver Island Health,PNP,6764 Ayre Rd,Sooke,V9Z1K1,Community Care & Assisted Living Act,Accredited,33,3.0,82.0,59.7,38.0,6.2,784.0,37.1,41.1,30.6,75.0,14.5,2.4,53.2,0.59,0.0,0.0,0.0,76.6,47.9,24.2,3.0,48.378338,-123.72716,0.0,0.0,0,0,0,0,1,1,1,0.0,0.0,6.0,0.0,9.090909090909092
Baillie House,9A6G9,Fraser Health,HA,11666 Laity St,Maple Ridge,V2X7G5,Hospital Act,Unknown,148,1.4,86.0,63.6,63.5,4.1,,17.3,24.7,20.1,50.9,5.8,2.8,47.5,0.58,13.1,53.0,6.7,38.2,19.6,5.0,2.0,49.2171373,-122.631898,0.0,0.0,0,1,0,1,1,1,0,2.027027027027027,1.3513513513513513,13.5,0.0,1.3513513513513513
Banfield Pavilion - Vancouver General Hospital,9A52F,Vancouver Coastal Health,HA,2785 Ash Street,Vancouver,V5Z1M9,Hospital Act,Accredited,156,0.0,82.0,54.0,49.8,7.5,916.0,25.7,44.1,32.3,47.7,6.3,2.6,52.6,0.64,23.5,0.6,40.7,39.7,13.3,10.8,4.0,49.2611939,-123.1187682,0.0,0.0,0,1,1,1,1,1,0,1.9230769230769231,0.0,8.9,0.0,0.641025641025641
Bastion Place,9C094,Interior Health,HA,700 11 St. NE,Salmon Arm,V1E4P9,Hospital Act,Accredited,80,0.0,82.0,67.6,46.3,9.4,,30.1,39.1,28.9,53.8,4.5,3.2,42.5,0.62,18.4,0.4,4.1,55.3,23.9,10.7,0.0,50.7378252,-119.2720293,0.0,0.0,0,1,1,1,1,1,0,0.0,0.0,15.100000000000001,0.0,0.0
Beacon Hill Villa,91B60,Vancouver Island Health,PFP,635 Superior St,Victoria,V8V1V1,Community Care & Assisted Living Act,Accredited,80,0.0,84.0,72.3,57.6,6.1,945.0,19.5,24.8,38.1,52.2,6.3,2.7,51.1,0.53,0.6,29.9,4.4,47.8,30.1,5.3,5.0,48.4180655,-123.3670916,0.0,0.0,0,1,0,1,1,1,0,5.0,3.75,21.3,0.0,8.75
Beckley Farm Lodge,9AB20,Vancouver Island Health,PNP,530 Simcoe St,Victoria,V8V4W4,Community Care & Assisted Living Act,Accredited,64,1.6,83.0,55.0,50.7,2.9,849.0,27.7,53.0,42.0,63.3,11.4,2.3,58.3,0.58,1.9,0.4,0.4,64.8,12.0,22.3,2.0,48.415112,-123.37239,0.0,0.0,0,0,0,0,1,1,0,0.0,0.0,7.8,0.0,1.5625
Bella Coola General Hospital,9A8DC,Vancouver Coastal Health,HA,1025 Elcho Street,Bella Coola,V0T1C0,Hospital Act,Accredited,5,,,,,,,,,,,,,,,,,,,,,1.0,52.37417620000001,-126.75795,0.0,0.0,0,0,0,0,1,1,0,,,0.0,0.0,0.0
Belvedere Care Centre,9BG96,Fraser Health,PFP,739 Alderson Avenue,Coquitlam,V3K7B3,Hospital Act,Unknown,123,0.0,88.0,75.7,69.6,0.4,660.0,22.4,33.3,29.4,62.5,8.8,3.9,26.5,0.58,8.1,75.0,0.9,45.8,12.1,3.3,4.0,49.24008325,-122.87856982297993,0.0,0.0,0,1,0,1,1,1,1,4.0650406504065035,0.8130081300813009,8.9,0.8130081300813009,0.8130081300813009
Bevan Village,923E0,Fraser Health,PFP,33386 Bevan Ave.,Abbotsford,V2S5G6,Community Care & Assisted Living Act,Not Accredited,122,0.0,88.0,65.5,73.4,1.4,802.0,40.3,41.5,11.9,71.6,15.3,3.2,26.1,0.6,2.3,0.0,0.0,56.3,29.4,8.7,1.0,49.0413325,-122.2992395,0.0,0.0,0,1,0,1,1,1,1,0.819672131147541,0.819672131147541,8.200000000000001,0.0,2.459016393442623
Birchview Residences,93GDH,Northern Health,PNP,7780 Hart Highway,Prince George,V2K3B3,Community Care & Assisted Living Act,Not Accredited,21,0.0,,,,,,,,,,,,,,,,,,,,1.0,53.999924,-122.8011,0.0,0.0,0,1,0,1,0,1,1,0.0,0.0,23.8,0.0,14.285714285714285
Blenheim Lodge,999BD,Vancouver Coastal Health,PNP,3263 Blenheim Street,Vancouver,V6L2X7,Community Care & Assisted Living Act,Not Accredited,100,0.0,88.0,83.5,67.0,0.0,,22.5,46.2,44.9,69.5,4.7,2.2,59.3,0.6,0.0,89.6,0.0,45.7,17.0,2.4,6.0,49.2572761,-123.1791189,0.0,0.0,0,1,0,1,1,1,1,2.0,1.0,37.0,0.0,4.0
Braddan Private Hospital,91997,Vancouver Coastal Health,PFP,2450 West 2nd Ave,Vancouver,V6K1J6,Hospital Act,Not Accredited,62,0.0,85.0,78.7,63.6,1.6,,13.3,26.1,17.8,54.4,3.3,2.1,61.0,0.54,0.0,71.8,0.0,36.9,8.0,14.7,2.0,49.2697848,-123.1610416529879,0.0,0.0,0,1,0,1,1,1,1,0.0,0.0,11.2,0.0,0.0
Bradley Center,9A6JG,Fraser Health,HA,45600 Menholm Rd,Chilliwack,V2P1P7,Hospital Act,Unknown,90,0.0,87.0,69.3,69.5,5.2,648.0,19.0,25.2,19.7,48.0,4.1,2.7,46.9,0.59,0.3,41.8,0.7,51.4,25.4,9.0,1.0,49.16730645,-121.96485716719084,0.0,0.0,0,1,1,1,1,0,0,0.0,0.0,1.1,1.1111111111111112,4.444444444444445
Brandt's Creek Mews,937BA,Interior Health,PFP,2081 Cross Rd,Kelowna,V1V2G2,Community Care & Assisted Living Act,Accredited,102,2.0,84.0,70.5,50.8,4.7,715.0,57.3,26.1,33.8,81.3,24.9,2.8,48.0,0.59,17.7,59.0,15.3,59.7,6.8,10.6,1.0,49.9200841,-119.4354247,0.0,0.0,0,0,0,0,1,1,1,0.0,0.0,15.700000000000001,0.0,0.0
Brentwood House,93290,Vancouver Island Health,PNP,1167 Stelly's Cross Road,Brentwood Bay,V8M1H4,Community Care & Assisted Living Act,Accredited,17,0.0,86.0,68.2,54.5,0.0,237.0,15.0,0.0,8.3,98.3,0.0,5.2,3.3,0.5,0.0,0.0,0.0,43.3,7.7,0.0,1.0,48.5794252,-123.4509233,0.0,0.0,0,0,0,0,1,1,1,17.647058823529413,5.88235294117647,23.6,0.0,0.0
Broadway Pentecostal Lodge,9A9CE,Vancouver Coastal Health,PNP,1377 Lamey's Mill Rd,Vancouver,V6H3S9,Community Care & Assisted Living Act,Not Accredited,114,0.0,82.0,44.5,40.1,5.5,753.0,25.4,28.2,28.9,65.3,5.9,2.7,45.1,0.53,0.4,64.6,0.0,39.7,38.0,7.1,6.0,49.2674372,-123.1343725,0.0,0.0,0,0,0,0,1,0,0,2.631578947368421,1.7543859649122806,21.1,0.0,7.017543859649122
Brocklehurst Gemstone Care Centre,93E9A,Interior Health,PFP,1955 Tranquille Road,Kamloops,V2B3M4,Community Care & Assisted Living Act,Accredited,130,0.0,85.0,68.8,58.4,2.8,918.0,25.7,28.5,18.8,68.1,9.3,2.7,47.5,0.55,0.0,0.4,0.0,54.7,28.0,10.3,1.0,50.6997303,-120.3999925,0.0,0.0,0,1,0,1,1,1,1,0.0,0.0,31.500000000000004,0.0,1.5384615384615385
Brookhaven Care Centre,917I9,Interior Health,HA,1775 Shannon Lake Rd,West Kelowna,V4T2N7,Hospital Act,Accredited,104,1.2,83.0,56.6,55.2,7.9,645.0,28.0,36.0,32.5,72.8,10.2,2.5,54.8,0.59,8.1,67.5,51.6,63.7,26.8,0.0,0.0,49.8648276,-119.5896005,0.0,0.0,0,1,0,1,1,1,0,0.0,0.0,26.2,0.0,0.0
Brookside Lodge,937F0,Fraser Health,PFP,19550 Fraser Highway,Surrey,V3S6K5,Community Care & Assisted Living Act,Unknown,103,1.0,80.0,59.5,47.1,15.1,946.0,11.5,18.4,19.1,66.5,8.9,2.9,41.9,0.6,12.4,53.8,1.7,54.3,21.4,4.2,8.0,49.114097,-122.681031,0.0,0.0,0,1,0,1,1,1,1,0.0,0.0,12.700000000000001,0.0,12.62135922330097
Buchanan Lodge,9A500,Fraser Health,PNP,409 Blair Ave,New Westminster,V3L4A4,Community Care & Assisted Living Act,Unknown,112,2.7,86.0,69.2,60.0,3.3,,13.7,39.9,26.7,67.0,8.4,2.2,62.0,0.57,8.4,2.3,0.2,39.6,19.4,12.6,3.0,49.22877315,-122.89808629846813,0.0,0.0,0,1,0,1,1,1,0,0.8928571428571428,0.0,14.300000000000002,0.8928571428571428,1.7857142857142856
Bulkley Lodge,9BDH1,Northern Health,HA,3668 11th Avenue,Smithers,V0J2N0,Community Care & Assisted Living Act,Accredited,70,0.0,82.0,55.0,45.0,6.5,734.0,15.6,21.1,20.4,45.6,6.1,2.8,45.6,0.55,0.0,63.9,38.1,51.0,28.7,22.4,4.0,54.779299,-127.15819,0.0,0.0,0,1,0,1,1,1,0,0.0,0.0,4.3,0.0,8.571428571428571
Cairnsmore Place,9A5F3,Vancouver Island Health,HA,250 Cairnsmore Street,Duncan,V9L4H2,Hospital Act,Accredited,100,,83.0,68.3,49.4,5.8,752.0,27.0,33.0,18.7,57.0,1.7,3.7,29.3,0.64,63.3,0.0,41.0,56.3,18.1,5.5,1.0,48.7854979,-123.71063329999998,0.0,0.0,0,1,1,1,1,1,0,2.0,0.0,0.0,0.0,1.0
Capilano Care Centre,9C414,Vancouver Coastal Health,PFP,525 Clyde Avenue,West Vancouver,V7T1C4,Hospital Act & Community Care & Assisted Living Act,Accredited,205,0.5,84.0,69.0,54.6,4.0,,46.6,19.0,32.8,74.4,9.1,2.9,45.7,0.56,0.3,29.6,0.3,59.6,19.0,0.7,3.0,49.329066,-123.13,0.0,0.0,0,1,1,1,1,1,0,0.975609756097561,0.0,36.6,0.0,1.4634146341463417
CareLife Fleetwood,9A5AD,Fraser Health,HA,8265 159th Street,Surrey,V4N5T5,Hospital Act,Unknown,191,0.5,80.0,60.7,47.5,16.3,,12.9,43.5,29.6,37.5,7.8,2.3,57.9,0.67,26.6,47.6,21.7,43.1,22.3,4.6,1.0,49.1527,-122.7822,0.0,0.0,0,1,0,1,1,0,0,0.5235602094240838,0.0,2.6,0.0,0.0
Cariboo Place,93GGE,Interior Health,PFP,185 Fourth Ave N,Williams Lake,V2G2C8,Community Care & Assisted Living Act,Accredited,72,,,,,,,,,,,,,,,,,,,,,1.0,52.1311279,-122.141753,0.0,0.0,0,0,0,0,1,1,1,,,0.0,0.0,0.0
Carlton Gardens Care Centre,99FE5,Fraser Health,PFP,4108 Norfolk Street,Burnaby,V5G0B4,Community Care & Assisted Living Act,Accredited,128,1.6,84.0,67.6,53.5,1.8,723.0,7.5,26.6,25.5,70.7,21.2,1.8,69.2,0.55,1.9,4.0,0.2,47.5,27.3,4.6,3.0,49.2550436,-123.0128497,0.0,0.0,0,1,0,1,1,1,1,0.0,0.0,12.600000000000001,0.78125,3.90625
Cartier House Seniors Community,992EJ,Fraser Health,PFP,1419 Cartier St,Coquitlam,V3K2C6,Community Care & Assisted Living Act,Unknown,78,2.6,88.0,83.1,68.8,1.6,346.0,40.2,24.8,26.7,74.3,10.6,2.6,51.1,0.59,4.2,27.3,0.6,49.2,23.7,8.3,2.0,49.28317715,-122.78734899022074,0.0,0.0,0,1,0,1,1,1,0,1.282051282051282,1.282051282051282,11.600000000000001,0.0,6.41025641025641
Castleview Care Centre,9C017,Interior Health,PFP,2300 14th Ave.,Castlegar,V1N4A6,Community Care & Assisted Living Act,Unknown,61,1.6,85.0,68.2,57.1,2.5,722.0,39.7,15.4,18.4,87.5,5.1,3.8,16.2,0.57,76.5,57.4,0.0,59.6,10.6,0.0,1.0,49.2881065,-117.6624447,0.0,0.0,0,0,0,0,1,1,1,0.0,0.0,16.3,0.0,3.278688524590164
Cedarview Lodge,9AF9E,Vancouver Coastal Health,HA,1200 Cedar Village Close,North Vancouver,V7J3P3,Community Care & Assisted Living Act,Accredited,89,0.0,84.0,64.2,54.1,2.3,968.0,22.4,33.3,45.8,81.6,7.5,2.3,62.3,0.54,3.4,54.2,2.2,68.2,49.7,13.5,0.0,49.326053,-123.04,0.0,0.0,0,0,0,0,1,1,0,0.0,0.0,8.9,0.0,0.0
Central City Lodge,99A78,Vancouver Coastal Health,PNP,415 West Pender St,Vancouver,V6B1V2,Community Care & Assisted Living Act,Not Accredited,100,2.0,70.0,19.7,6.7,30.9,,32.0,15.6,24.2,52.8,9.5,3.0,39.1,0.54,19.8,65.3,7.3,58.9,34.2,9.2,2.0,49.28313320000001,-123.1119351,1.0,0.0,1,1,0,1,1,0,0,0.0,0.0,12.0,0.0,0.0
Cerwydden Seniors Community,9244A,Vancouver Island Health,PFP,3243 Cowichan Lake R,Duncan,V9L4B8,Community Care & Assisted Living Act,Unknown,56,1.8,87.0,79.2,63.8,3.3,839.0,17.8,22.2,22.7,61.8,7.6,2.6,48.9,0.57,1.3,0.0,0.4,51.6,17.1,2.5,4.0,48.77872,-123.69876000000001,0.0,0.0,0,1,0,1,1,1,1,1.7857142857142856,1.7857142857142856,19.700000000000003,0.0,3.571428571428571
Chemainus Health Care Centre,9BF66,Vancouver Island Health,HA,9909 Esplanade Street,Chemainus,V0R1K1,Hospital Act,Accredited,75,,86.0,80.3,64.9,4.0,808.0,25.7,33.3,26.0,65.3,4.0,3.5,35.3,0.58,29.0,0.3,9.3,66.3,18.1,7.4,1.0,48.927226,-123.715913,0.0,0.0,0,1,0,1,1,1,0,1.3333333333333335,0.0,0.0,0.0,2.666666666666667
Cherington Place,9B889,Fraser Health,PFP,13453 111A Ave,Surrey,V3R2C5,Community Care & Assisted Living Act,Unknown,75,1.3,87.0,72.3,65.9,1.8,353.0,20.7,20.7,25.4,68.2,5.7,3.6,27.5,0.56,1.3,20.4,0.7,43.5,16.0,5.1,8.0,49.20565300000001,-122.849334,0.0,0.0,0,1,0,1,1,0,0,4.0,1.3333333333333335,6.6,0.0,0.0
Chetwynd Hospital and Health Centre,922CD,Northern Health,HA,5500 Hospital road,Chetwynd,V0C1J0,Hospital Act,Accredited,7,0.0,79.0,88.6,36.4,9.1,897.0,59.1,27.3,13.6,18.2,0.0,3.5,31.8,0.6,9.1,4.5,0.0,63.6,26.1,0.0,1.0,55.695633,-121.645304,0.0,0.0,0,0,0,0,0,0,0,,,0.0,0.0,114.28571428571428
Christenson Village,92I30,Vancouver Coastal Health,PNP,585 Shaw Road,Gibsons,V0N1V8,Community Care & Assisted Living Act,Accredited,80,0.0,86.0,77.0,67.1,2.1,,29.3,32.3,49.5,75.8,7.9,2.6,54.4,0.57,8.5,4.8,0.0,65.9,15.6,14.3,2.0,49.4045,-123.519,0.0,0.0,0,0,0,0,1,1,0,0.0,0.0,12.5,0.0,5.0
Columbia Garden Village,93DHA,Interior Health,PFP,"800-10 Ave., Box 578",Invermere,V0A1K0,Community Care & Assisted Living Act,Accredited,34,0.0,81.0,61.6,55.0,12.6,300.0,14.8,18.5,20.0,63.7,9.6,2.4,49.6,0.5,4.4,55.6,0.0,43.7,28.9,3.2,1.0,50.50146,-116.03312,0.0,0.0,0,0,0,0,1,0,0,2.941176470588235,0.0,41.1,0.0,11.76470588235294
Columbia House - Invermere District Hospital,915C7,Interior Health,HA,1030 - 10th Street,Invermere,V0A1K0,Community Care & Assisted Living Act,Accredited,35,0.0,84.0,61.9,58.9,8.9,,23.1,21.4,20.5,67.5,4.3,2.8,46.2,0.56,32.5,70.9,4.3,13.7,5.7,23.7,0.0,50.5060821,-116.0328794,0.0,0.0,0,0,0,0,1,1,0,0.0,0.0,5.8,0.0,0.0
Columbia View Lodge,98H3C,Interior Health,HA,2920 Laburnum Dr,Trail,V1R4N2,Community Care & Assisted Living Act,Accredited,76,0.0,85.0,70.4,59.5,5.0,969.0,34.1,31.9,40.5,73.8,5.0,3.2,34.8,0.57,38.7,71.3,26.5,73.1,14.4,2.2,0.0,49.09953,-117.6793694,0.0,0.0,0,0,0,0,1,1,0,0.0,0.0,15.600000000000001,0.0,0.0
Columbus Residence,9BHG7,Vancouver Coastal Health,PNP,704 West 69th Avenue,Vancouver,V6P2W3,Community Care & Assisted Living Act,Accredited,76,0.0,85.0,77.6,60.4,0.9,,18.8,35.6,25.7,69.3,7.6,3.3,35.6,0.54,14.2,60.1,0.7,35.3,23.6,20.4,3.0,49.208775,-123.121,0.0,0.0,0,1,0,1,1,1,0,1.3157894736842104,0.0,6.5,0.0,0.0
Comox Valley Seniors Village,936F0,Vancouver Island Health,PFP,4640 Headquarters Rd.,Courtenay,V9N7J3,Community Care & Assisted Living Act,Accredited,136,0.7,83.0,59.7,50.7,4.2,858.0,31.8,22.2,21.7,65.8,13.3,3.2,36.4,0.55,7.7,24.1,0.5,50.1,39.3,11.8,3.0,49.702595,-124.99339,0.0,0.0,0,1,0,1,1,1,1,12.5,2.941176470588235,11.8,0.0,0.7352941176470588
Cormorant Island Health Centre,9A72D,Vancouver Island Health,HA,49 School Road,Alert Bay,V0N1A0,Hospital Act,Accredited,10,,80.0,71.4,64.3,19.0,,23.1,20.5,17.9,46.2,5.1,3.7,25.6,0.48,2.6,0.0,0.0,28.2,16.4,0.0,1.0,50.594297,-126.9423575,0.0,0.0,0,0,0,0,1,1,0,0.0,0.0,0.0,0.0,40.0
Cottage and Worthington Pavilions - MSA Hospital,9A6GA,Fraser Health,HA,33457 Cottage Lane,Abbotsford,V2S0B3,Hospital Act,Unknown,119,0.8,89.0,65.6,73.9,3.2,90.0,17.3,38.8,27.1,32.0,5.8,2.3,62.6,0.58,25.2,75.7,1.2,48.6,20.7,7.8,1.0,49.04118560000001,-122.2963164,7.0,1.0,1,1,1,1,1,1,0,2.5210084033613445,0.8403361344537815,0.0,0.0,0.0
Cottonwoods Care Centre,9A6EF,Interior Health,HA,2255 Ethel Street,Kelowna,V1Y2Z9,Hospital Act,Accredited,221,1.8,85.0,66.2,64.0,6.3,668.0,28.1,31.1,30.1,60.7,6.7,2.9,38.7,0.61,6.0,36.6,25.4,39.2,25.8,4.3,1.0,49.8729257,-119.482555,0.0,0.0,0,1,1,1,1,1,0,0.0,0.0,35.5,0.4524886877828055,1.8099547511312215
Creekside Landing,934BA,Interior Health,PFP,6190 Okanagan Landing Rd,Vernon,V1H1M3,Community Care & Assisted Living Act,Accredited,70,0.0,84.0,57.7,57.4,3.6,,52.3,21.2,36.7,66.4,2.1,2.7,45.6,0.7,4.9,57.6,2.1,64.0,23.1,1.9,2.0,50.2465633,-119.3223493,0.0,0.0,0,0,0,0,1,1,0,1.4285714285714286,1.4285714285714286,17.1,0.0,8.571428571428571
Crescent Gardens,91GD7,Fraser Health,PFP,1222 King George Boulevard,Surrey,V4A9W6,Community Care & Assisted Living Act,Unknown,75,2.7,89.0,70.6,72.7,1.7,638.0,8.0,13.7,9.0,44.0,6.7,2.6,51.3,0.54,1.0,1.3,0.0,34.7,22.2,5.5,3.0,49.02467100000001,-122.76523600000002,0.0,0.0,0,1,0,1,1,1,1,2.666666666666667,0.0,15.900000000000002,0.0,5.333333333333334
Crest View Village,92DG0,Interior Health,PFP,800 Cavell Street,Creston,V0B1G4,Community Care & Assisted Living Act,Accredited,32,3.1,88.0,63.1,78.0,0.0,534.0,33.3,28.9,11.9,66.7,4.4,2.9,39.3,0.56,0.7,2.2,0.7,37.8,23.3,10.8,0.0,49.1042985,-116.5148918,0.0,0.0,0,0,0,0,1,1,1,0.0,0.0,9.3,0.0,0.0
Cumberland Lodge,995I0,Vancouver Island Health,HA,2696 Windermere Ave,Cumberland,V0R1S0,Community Care & Assisted Living Act,Accredited,66,0.0,87.0,70.8,62.9,2.1,730.0,31.0,29.5,17.9,66.4,6.7,4.2,16.8,0.57,26.9,37.7,2.2,56.3,26.9,11.3,3.0,49.62206725,-125.03102586836599,0.0,0.0,0,1,0,1,1,0,0,1.5151515151515151,0.0,0.0,0.0,3.0303030303030303
Czorny Alzheimer Centre,9327A,Fraser Health,HA,16850 66th Avenue,Surrey,V3S5M1,Hospital Act,Unknown,72,0.0,83.0,54.3,40.4,2.2,656.0,4.6,27.2,60.2,65.1,12.6,1.5,74.3,0.53,0.8,59.4,0.0,34.9,45.7,0.0,2.0,49.12241,-122.75509,1.0,0.0,1,0,0,0,0,0,0,0.0,0.0,15.3,0.0,1.3888888888888888
Dania Home,99C1E,Fraser Health,PNP,4175 Norland Avenue,Burnaby,V5G3S7,Community Care & Assisted Living Act,Accredited,102,1.0,83.0,64.7,56.3,9.9,,19.3,16.7,14.1,59.0,5.0,2.9,40.2,0.61,15.4,56.7,0.3,41.0,13.1,12.4,3.0,49.247584,-122.975187,1.0,0.0,1,0,0,0,1,1,0,0.9803921568627451,0.0,8.9,0.9803921568627451,0.9803921568627451
David Lloyd Jones Home,99127,Interior Health,HA,934 Bernard Ave,Kelowna,V1Y6P8,Community Care & Assisted Living Act,Accredited,64,4.7,86.0,65.3,63.3,5.5,625.0,33.2,43.0,26.2,70.3,8.6,2.9,37.5,0.57,2.7,19.9,29.7,54.7,35.8,3.9,1.0,49.8869222,-119.4815286,0.0,0.0,0,0,0,0,1,1,0,0.0,0.0,11.1,0.0,6.25
Delta View Habilitation Centre,9C280,Fraser Health,PFP,9341 Burns Drive,Delta,V4K3N3,Hospital Act,Accredited,80,0.0,79.0,66.7,33.3,0.0,,0.0,0.0,0.0,0.0,0.0,,0.0,,0.0,0.0,0.0,0.0,0.0,0.0,1.0,49.09220420000001,-122.96504725675072,0.0,0.0,0,1,0,1,1,1,1,0.0,0.0,6.3,0.0,0.0
Delta View Life Enrichment Centre,9940H,Fraser Health,PFP,9321 Burns Drive,Delta,V4K3N3,Hospital Act,Accredited,212,0.0,85.0,66.2,55.0,2.8,942.0,26.4,39.7,48.4,73.9,18.7,1.9,69.6,0.61,38.2,0.0,0.0,47.0,15.9,0.3,1.0,49.09130415,-122.96486604215154,1.0,0.0,1,1,0,1,1,1,1,0.0,0.0,6.6,0.0,0.0
Deni House,93B40,Interior Health,HA,517 6th Ave N.,Williams Lake,V2G2G8,Hospital Act,Accredited,28,0.0,80.0,43.3,48.4,17.8,381.0,23.4,29.9,39.0,61.0,5.2,3.7,27.3,0.58,0.0,24.7,0.0,51.9,41.0,8.8,1.0,52.1378197,-122.1436286,0.0,0.0,0,0,1,1,1,0,0,0.0,0.0,39.300000000000004,0.0,3.571428571428571
Discovery Harbour Seniors Community,9353A,Vancouver Island Health,PFP,850 14th Avenue,Campbell River,V9W4H4,Community Care & Assisted Living Act,Unknown,142,0.7,84.0,57.6,56.4,2.5,912.0,26.8,22.0,31.3,73.9,9.7,1.2,81.5,0.62,0.6,0.0,0.2,58.8,28.2,9.9,5.0,50.0293746,-125.2748504,0.0,0.0,0,1,0,1,1,1,0,11.267605633802818,6.338028169014084,30.9,0.0,4.225352112676056
Dogwood Lodge,999F1,Vancouver Coastal Health,HA,500 West 57th Avenue,Vancouver,V6P6E8,Community Care & Assisted Living Act,Accredited,83,0.0,84.0,78.0,56.0,1.6,914.0,25.9,43.5,42.3,61.7,6.8,2.6,53.4,0.54,35.8,2.2,0.3,44.4,20.4,0.9,1.0,49.218578,-123.118,0.0,0.0,0,0,0,0,1,1,0,0.0,0.0,3.6,0.0,0.0
Dr. Andrew Pavilion - Summerland Health Centre,9AJF4,Interior Health,HA,12815 Atkinson Rd.,Summerland,V0H1Z0,Hospital Act,Accredited,50,2.0,89.0,75.5,76.7,0.4,619.0,22.3,45.1,18.7,71.5,1.0,2.2,60.1,0.58,0.0,0.0,0.0,34.7,23.7,6.7,0.0,49.6027035,-119.6679222,0.0,0.0,0,1,1,1,1,1,0,0.0,0.0,4.0,0.0,2.0
Dr. F. W. Green Memorial Home,98F1A,Interior Health,HA,1700 4th Street St. South,Cranbrook,V1C6E1,Community Care & Assisted Living Act,Accredited,58,1.7,84.0,62.9,59.5,7.9,,29.1,45.5,30.7,85.2,4.2,2.3,55.6,0.59,0.0,0.0,0.0,47.6,25.6,6.9,0.0,49.50527,-115.75737,0.0,0.0,0,0,0,0,0,1,0,0.0,0.0,15.4,0.0,0.0
Dufferin Care Centre,919C4,Fraser Health,PFP,1131 Dufferin St,Coquitlam,V3B7X5,Hospital Act,Accredited,153,0.7,84.0,73.9,53.6,1.4,601.0,19.0,39.1,49.8,77.3,15.6,0.9,88.4,0.57,0.0,55.3,0.0,43.1,27.3,4.6,3.0,49.2791682,-122.80399579999998,22.0,4.0,1,1,0,1,0,0,1,2.6143790849673203,0.6535947712418301,17.0,0.0,3.9215686274509802
Dufferin Place,9A6D2,Vancouver Island Health,HA,1200 Dufferin Crescent,Nanaimo,V9S2B7,Hospital Act,Accredited,146,,84.0,74.5,55.5,4.4,463.0,37.4,26.4,22.7,44.6,2.5,3.8,26.4,0.58,44.4,0.0,30.1,54.2,6.1,2.0,1.0,49.1848743,-123.96984534779169,0.0,0.0,0,1,1,1,1,1,0,0.684931506849315,0.0,0.0,0.0,0.684931506849315
Dunrovin Park Lodge,99617,Northern Health,HA,900 St Laurent Avenue,Quesnel,V2J3S3,Community Care & Assisted Living Act,Accredited,117,0.0,82.0,64.4,48.2,12.2,885.0,34.1,33.2,34.1,72.1,17.3,2.6,51.9,0.56,12.5,37.5,5.8,67.3,32.8,13.6,1.0,52.979626,-122.48601,0.0,0.0,0,1,0,1,1,1,0,0.8547008547008548,0.8547008547008548,11.2,0.0,11.11111111111111
Eagle Park Health Care Facility,9154A,Vancouver Island Health,HA,777 Jones St,Qualicum Beach,V9K2L1,Hospital Act,Accredited,75,,83.0,62.6,51.2,5.5,463.0,27.4,26.7,35.8,76.1,4.6,3.7,28.4,0.58,0.7,0.4,71.2,57.2,53.4,10.9,1.0,49.3409296,-124.4492447,0.0,0.0,0,1,0,1,1,1,0,1.3333333333333335,0.0,0.0,1.3333333333333335,4.0
Eagle Ridge Manor - Port Hardy,923C0,Vancouver Island Health,HA,9120 Granville Street,Port Hardy,V0N2P0,Hospital Act,Accredited,22,,83.0,58.5,46.8,4.3,,11.0,19.5,29.3,74.4,8.5,2.9,40.2,0.56,1.2,1.2,0.0,50.0,30.4,14.3,1.0,50.71997325,-127.5028512640254,0.0,0.0,0,0,0,0,1,1,0,0.0,0.0,0.0,0.0,13.636363636363635
Eagle Ridge Manor - Port Moody,9C6EC,Fraser Health,HA,475 Guildford Way,Port Moody,V3H3W9,Hospital Act,Unknown,75,0.0,86.0,55.7,61.1,3.0,,31.6,52.5,33.8,48.7,1.9,3.6,30.0,0.63,26.2,57.4,7.6,41.8,14.0,7.4,0.0,49.28553745,-122.82369973641943,0.0,0.0,0,1,0,1,1,1,0,1.3333333333333335,1.3333333333333335,0.0,0.0,0.0
Echo Village,9C2F7,Vancouver Island Health,PNP,4200 10th Avenue,Port Alberni,V9Y4X3,Hospital Act,Accredited,67,,83.0,61.2,52.7,7.8,443.0,15.4,39.1,26.3,62.4,3.0,3.8,21.6,0.59,0.0,0.0,0.0,54.1,29.2,0.0,1.0,49.2367453,-124.7978368,0.0,0.0,0,0,0,0,1,0,1,2.9850746268656714,0.0,0.0,0.0,2.9850746268656714
Eden Care Centre,9AB4F,Fraser Health,PFP,9100 Charles Street,Chilliwack,V2P5K6,Community Care & Assisted Living Act,Not Accredited,89,4.5,88.0,64.6,66.1,0.2,586.0,16.8,3.5,20.4,57.1,2.7,2.5,64.6,0.48,0.0,76.1,0.0,43.4,35.9,8.5,7.0,49.1672383,-121.9419001,8.0,1.0,1,0,0,0,1,1,0,7.865168539325842,3.3707865168539324,16.8,1.1235955056179776,7.865168539325843
Eden Gardens,9951E,Vancouver Island Health,PNP,1917 Northfield Road,Nanaimo,V9S3B6,Community Care & Assisted Living Act,Unknown,130,0.0,83.0,64.0,47.0,2.7,778.0,22.4,31.8,43.3,89.8,8.6,2.0,63.8,0.57,0.8,4.2,1.0,57.5,36.5,10.4,4.0,49.191744,-123.98389,0.0,0.0,0,0,0,0,1,1,0,6.153846153846154,1.5384615384615385,19.200000000000003,0.0,2.307692307692308
Elim Village - The Harrison / Harrison West,9371A,Fraser Health,PNP,9025 160 Street,Surrey,V4N2X7,Community Care & Assisted Living Act,Accredited,194,2.1,87.0,67.5,67.2,2.1,772.0,22.9,36.8,23.5,63.2,11.8,2.8,46.5,0.61,0.7,6.4,0.0,42.6,24.2,4.2,6.0,49.167023,-122.7815006,1.0,0.0,1,1,0,1,1,1,1,1.0309278350515463,0.0,10.3,0.0,0.0
Evergreen - The Terraces / The Pointe,99420,Fraser Health,PNP,1550 Oxford St,White Rock,V4B3R5,Community Care & Assisted Living Act,Accredited,252,2.4,87.0,65.1,64.7,1.2,861.0,12.3,18.1,21.2,66.3,14.7,2.5,53.2,0.56,0.3,0.0,0.0,50.1,33.9,8.3,12.0,49.0264665,-122.8122029,0.0,0.0,0,0,0,0,1,1,1,1.5873015873015872,0.3968253968253968,15.900000000000002,0.0,1.1904761904761905
Evergreen Extended Care - Powell River Hospital,9A551,Vancouver Coastal Health,HA,4970 Joyce Ave.,Powell River,V8A5P2,Hospital Act,Accredited,75,1.3,84.0,63.1,61.1,4.1,777.0,11.3,32.5,27.4,42.0,5.7,2.2,59.0,0.58,1.9,0.5,0.5,50.9,34.8,24.4,2.0,49.8489957,-124.5226255,0.0,0.0,0,1,1,1,1,1,0,0.0,0.0,4.0,0.0,5.333333333333334
Evergreen House - Lions Gate Hospital,9A55C,Vancouver Coastal Health,HA,231 East 15th Street,North Vancouver,V7L2L7,Hospital Act,Accredited,289,0.3,84.0,63.7,55.8,5.7,575.0,23.6,36.4,28.0,55.9,5.6,3.0,39.1,0.61,28.2,14.6,6.9,55.5,28.6,1.6,3.0,49.32097835,-123.06767192461285,1.0,0.0,1,1,1,1,1,1,0,0.0,0.0,12.8,0.0,3.1141868512110724
Evergreen Seniors Home,92J70,Vancouver Island Health,PFP,635 Evergreen Rd,Campbell River,V9W3R7,Community Care & Assisted Living Act,Accredited,64,0.0,84.0,58.6,59.6,4.0,789.0,10.2,25.0,21.6,60.2,9.1,4.1,14.8,0.55,21.6,42.0,6.8,50.0,18.3,0.0,4.0,50.007318,-125.24818,0.0,0.0,0,1,0,1,1,1,1,0.0,0.0,1.6,0.0,0.0
Fair Haven - Burnaby,99C49,Fraser Health,PNP,7557 Sussex Ave.,Burnaby,V5J3V6,Community Care & Assisted Living Act,Accredited,100,1.0,87.0,66.8,63.7,0.8,,16.7,43.8,48.7,57.8,11.4,2.2,58.5,0.57,9.2,84.3,0.0,36.6,25.4,12.6,3.0,49.21526995,-123.0059056805597,0.0,0.0,0,0,0,0,1,1,0,2.0,1.0,25.0,1.0,4.0
Fellburn Care Centre,9A575,Fraser Health,HA,6050 Hastings St.,Burnaby,V5B1R6,Hospital Act,Accredited,81,0.0,87.0,66.8,64.6,7.3,606.0,15.4,43.0,35.5,51.5,14.0,2.2,59.7,0.65,14.7,39.6,4.4,31.7,10.4,2.4,2.0,49.2803168,-122.9624341,0.0,0.0,0,1,1,1,1,1,0,3.7037037037037033,0.0,4.9,1.2345679012345678,4.938271604938271
Finnish Home,999CF,Vancouver Coastal Health,PNP,2288 Harrison Drive,Vancouver,V5P2P6,Community Care & Assisted Living Act,Not Accredited,64,1.6,86.0,66.7,60.1,1.1,902.0,30.4,36.5,27.7,62.7,5.4,2.2,61.2,0.59,20.4,0.0,0.4,54.6,25.4,6.3,1.0,49.20822879999999,-123.06074540000002,0.0,0.0,0,0,0,0,1,1,0,0.0,0.0,12.5,0.0,1.5625
Fir Park Village,9A919,Vancouver Island Health,PNP,4411 Wallace Street,Port Alberni,V9Y7Y5,Community Care & Assisted Living Act,Accredited,66,3.0,86.0,67.9,58.9,0.0,885.0,31.6,24.9,13.0,63.2,4.9,4.7,10.8,0.55,0.0,0.0,0.0,65.1,32.5,0.7,5.0,49.250749,-124.79915,0.0,0.0,0,0,0,0,1,0,1,1.5151515151515151,0.0,22.7,0.0,4.545454545454546
Fischer Place/Mill Site Lodge,9B9DF,Interior Health,HA,555 Cedar Ave. South,100 Mile House,V0K2E0,Hospital Act & Community Care & Assisted Living Act,Accredited,93,0.0,84.0,64.9,53.1,3.8,761.0,48.1,26.7,26.7,74.5,7.3,2.8,41.3,0.57,0.3,37.0,0.3,60.4,29.0,7.0,0.0,51.6444141,-121.2939045,0.0,0.0,0,0,0,0,1,0,0,0.0,0.0,21.6,0.0,0.0
Fleetwood Place,993E2,Fraser Health,PFP,16011 83rd Ave,Surrey,V4N0N2,Community Care & Assisted Living Act,Accredited,111,0.0,88.0,61.7,66.7,2.2,,9.5,37.8,38.1,50.0,7.4,2.6,53.7,0.58,50.3,65.9,0.5,54.8,28.2,19.0,2.0,49.153895,-122.778049,0.0,0.0,0,0,0,0,1,1,1,0.9009009009009009,0.0,11.700000000000001,0.0,3.6036036036036037
Forest View Place,92960,Interior Health,HA,640 Park Dr.,Clearwater,V0E1N1,Hospital Act,Accredited,21,0.0,90.0,52.9,66.5,2.4,,26.3,12.3,14.0,75.4,8.8,2.7,52.6,0.53,0.0,1.8,0.0,45.6,35.2,6.3,0.0,51.64507195,-120.01774781423934,0.0,0.0,0,0,0,0,1,1,0,0.0,0.0,14.3,0.0,33.33333333333333
Fort Langley Seniors Community,9ACEC,Fraser Health,PFP,8838 Glover Road,Langley,V1M2R4,Hospital Act,Unknown,96,0.0,90.0,66.2,75.7,0.4,,17.0,38.3,31.6,73.5,5.3,2.6,37.7,0.6,25.4,69.8,0.0,47.5,20.1,0.0,10.0,49.1132513,-122.6442649,0.0,0.0,0,1,0,1,1,1,1,4.166666666666666,1.0416666666666665,12.4,1.0416666666666665,3.1249999999999996
Fort Nelson Multi Level Unit,91552,Northern Health,HA,5315 Liard St,Fort Nelson,V0C1R0,Hospital Act,Accredited,7,0.0,78.0,57.6,33.3,3.0,,12.5,12.5,0.0,25.0,0.0,3.6,25.0,0.5,0.0,0.0,0.0,25.0,8.5,11.9,1.0,58.80894549999999,-122.7049735049242,0.0,0.0,0,0,0,0,0,0,0,,,0.0,0.0,0.0
Foyer Maillard,992J9,Fraser Health,PNP,1010 Alderson Avenue,Coquitlam,V3K1W1,Community Care & Assisted Living Act,Not Accredited,125,0.0,87.0,69.4,62.0,1.0,570.0,32.4,24.5,24.5,64.1,10.4,2.6,50.6,0.56,24.3,27.6,0.4,43.2,26.2,4.5,1.0,49.23926289999999,-122.8662457,0.0,0.0,0,0,0,0,1,1,0,0.0,0.0,3.2,0.0,0.8
Fraser Hope Lodge,9BJC6,Fraser Health,HA,1275-7th Avenue,Hope,V0X1L4,Hospital Act,Unknown,50,0.0,89.0,53.6,70.0,3.7,,34.6,18.7,33.0,67.0,8.8,3.1,47.3,0.59,22.0,67.0,4.9,58.8,22.5,2.1,1.0,49.3773925,-121.42378463532327,0.0,0.0,0,1,0,1,1,1,0,0.0,0.0,6.0,0.0,6.0
Fraserview,99BEI,Vancouver Coastal Health,PFP,9580 Williams Road,Richmond,V7A1H2,Community Care & Assisted Living Act,Accredited,101,1.0,90.0,83.7,80.7,0.2,,18.5,49.0,19.0,75.1,3.3,1.9,71.1,0.57,1.8,1.0,0.0,21.1,23.1,3.1,3.0,49.140789700000006,-123.1141556,0.0,0.0,0,1,0,1,1,1,0,0.0,0.0,7.0,0.0,0.0
Gateway Lodge Residential Care,937I0,Northern Health,HA,1488 20th Ave.,Prince George,V2L0A5,Community Care & Assisted Living Act,Accredited,120,0.0,80.0,52.8,35.9,12.0,,25.6,22.8,26.8,48.1,5.2,2.8,44.1,0.55,0.6,44.1,1.2,62.2,34.2,6.6,3.0,53.905584,-122.7520213,0.0,0.0,0,0,0,0,1,1,0,0.8333333333333334,0.8333333333333334,4.8999999999999995,0.0,0.8333333333333334
George Derby Centre,9BC9J,Fraser Health,PNP,7550 Cumberland St,Burnaby,V3N3X5,Community Care & Assisted Living Act,Accredited,300,0.0,87.0,32.8,65.9,1.4,699.0,19.2,28.8,22.1,60.5,18.1,2.2,60.9,0.56,0.9,9.3,0.6,40.4,26.1,5.9,9.0,49.23360200000001,-122.916488,8.0,1.0,1,1,0,1,1,1,0,1.6666666666666667,0.6666666666666667,16.0,0.6666666666666667,10.666666666666666
George Pearson Centre,9A5BF,Vancouver Coastal Health,HA,700 West 57th Ave.,Vancouver,V6P1S1,Hospital Act,Accredited,114,0.0,59.0,24.4,2.9,67.5,,15.4,64.6,31.3,3.9,2.5,3.1,29.4,0.89,54.5,56.1,32.4,47.4,24.7,18.6,3.0,49.21877,-123.121144,0.0,0.0,0,1,1,1,1,0,0,0.8771929824561403,0.8771929824561403,16.6,0.0,7.017543859649122
German Canadian Care Home,999D6,Vancouver Coastal Health,PNP,2010 Harrison Drive,Vancouver,V5P2P6,Community Care & Assisted Living Act,Accredited,132,0.0,83.0,47.6,52.5,5.4,688.0,14.2,36.4,37.3,52.3,7.2,2.5,42.4,0.52,37.5,76.5,42.3,40.1,40.5,10.0,7.0,49.2098793,-123.0651145,1.0,0.0,1,1,0,1,1,1,0,0.0,0.0,16.0,0.0,0.7575757575757576
Gillis House,9AAGI,Interior Health,HA,1699 Tutill Court,Merritt,V1K1C6,Hospital Act & Community Care & Assisted Living Act,Accredited,74,0.0,83.0,59.4,46.5,4.7,484.0,15.9,33.6,29.0,51.2,5.7,2.1,60.8,0.6,1.4,0.0,0.7,49.5,34.4,5.7,0.0,50.1075263,-120.7861348,0.0,0.0,0,1,1,1,1,1,0,2.7027027027027026,1.3513513513513513,20.4,0.0,2.7027027027027026
Glacier View Lodge,99605,Vancouver Island Health,PNP,2450 Back Road,Courtenay,V9N8B5,Community Care & Assisted Living Act,Accredited,102,1.0,81.0,56.9,41.7,7.8,969.0,29.0,20.1,28.0,73.5,11.8,2.8,41.5,0.58,25.1,15.0,6.4,60.4,34.2,7.2,4.0,49.690363,-124.96434,0.0,0.0,0,0,0,0,1,1,0,1.9607843137254901,0.9803921568627451,23.599999999999998,0.0,7.8431372549019605
Glengarry Hospital,9A60F,Vancouver Island Health,HA,1780 Fairfield Rd.,Victoria,V8S1G7,Hospital Act,Accredited,135,,82.0,71.9,46.3,9.1,,20.1,36.7,31.5,59.7,10.1,2.6,48.9,0.59,0.4,62.7,61.4,43.6,21.4,8.8,1.0,48.4152829,-123.3318857,0.0,0.0,0,1,1,1,0,1,0,0.7407407407407408,0.0,0.0,0.0,1.4814814814814816
Glenmore Lodge,93GE4,Interior Health,PFP,325 Drysdale Blvd.,Kelowna,V1V1P5,Community Care & Assisted Living Act,Unknown,118,0.0,85.0,60.7,59.5,4.9,490.0,9.2,10.9,15.6,44.8,5.3,2.9,42.4,0.55,0.0,0.2,36.9,36.7,18.9,3.7,1.0,49.9163179,-119.4400778,0.0,0.0,0,0,0,0,0,0,1,0.847457627118644,0.0,25.5,0.0,1.694915254237288
Glenwarren Lodge,9B7A0,Vancouver Island Health,PFP,1230 Balmoral Rd,Victoria,V8T1B3,Hospital Act,Accredited,104,,86.0,85.9,62.8,2.9,514.0,25.3,31.1,39.3,70.4,8.7,3.1,34.7,0.6,1.0,10.8,0.0,54.2,19.7,4.2,1.0,48.4283883,-123.3486649,0.0,0.0,0,1,1,1,1,1,0,0.9615384615384616,0.0,0.0,0.0,1.9230769230769231
Glenwood Seniors Community,923FA,Fraser Health,PFP,1458 Glenwood Dr,Agassiz,V0M1A3,Community Care & Assisted Living Act,Unknown,44,0.0,89.0,64.8,73.0,0.5,638.0,25.0,12.9,22.6,80.6,21.8,2.8,50.8,0.58,4.8,81.5,0.0,38.7,7.3,0.0,4.0,49.2308549,-121.75817859999998,0.0,0.0,0,0,0,0,1,1,1,2.272727272727273,0.0,6.8999999999999995,0.0,22.727272727272727
Gorge Road Hospital,93000,Vancouver Island Health,HA,63 Gorge Road East,Victoria,V9A1L2,Hospital Act,Accredited,111,,83.0,56.4,51.3,8.1,332.0,25.6,29.0,26.3,53.5,8.3,3.4,36.2,0.58,1.2,67.7,50.7,44.2,25.1,7.7,1.0,48.44178385,-123.38810164430215,0.0,0.0,0,1,1,1,1,1,0,4.504504504504505,0.0,0.0,0.0,2.7027027027027026
Greenwoods,99DD4,Vancouver Island Health,PNP,133 Blain Road,Salt Spring Island,V8K1Z9,Community Care & Assisted Living Act,Accredited,51,0.0,88.0,65.0,74.7,0.0,862.0,9.7,38.9,36.2,85.9,8.6,1.6,70.8,0.56,0.5,0.0,0.0,41.1,33.1,19.5,18.0,48.86170900000001,-123.51033,0.0,0.0,0,0,0,0,0,1,0,27.450980392156865,17.647058823529413,31.4,0.0,21.568627450980394
Guildford Seniors Village,926CA,Fraser Health,PFP,14568 104a Ave.,Surrey,V3R1R3,Community Care & Assisted Living Act,Accredited,101,0.0,83.0,44.9,50.7,4.4,873.0,22.1,33.3,40.4,69.7,11.1,2.2,61.1,0.6,0.0,62.2,0.0,44.2,26.5,15.1,7.0,49.192422,-122.8183,1.0,0.0,1,0,0,0,1,1,1,0.0,0.0,16.9,0.0,0.0
Haida Gwaii Hospital and Health Centre,9A76C,Northern Health,HA,3209 Oceanview Drive,Queen Charlotte,V0T1S0,Hospital Act,Accredited,8,0.0,83.0,64.7,47.1,0.0,,4.3,60.9,52.2,65.2,21.7,1.5,73.9,0.62,0.0,0.0,0.0,21.7,50.9,1.1,1.0,53.254868,-132.070526,0.0,0.0,0,1,1,1,0,0,0,,,12.5,0.0,50.0
Hardy View Lodge,9ADB9,Interior Health,HA,7649 22nd St.,Grand Forks,V0H1H2,Community Care & Assisted Living Act,Accredited,80,0.0,85.0,64.5,56.5,3.3,855.0,21.3,32.6,13.0,59.6,3.9,3.2,32.2,0.57,0.0,10.9,0.0,41.7,31.7,5.3,1.0,49.030261,-118.467798,0.0,0.0,0,1,0,1,1,1,0,0.0,0.0,3.9000000000000004,0.0,3.75
Haro Park Centre,9A4I4,Vancouver Coastal Health,PNP,1233 Haro Street,Vancouver,V6E3Y5,Community Care & Assisted Living Act,Unknown,154,0.0,84.0,73.5,55.1,4.3,839.0,36.1,21.4,22.1,67.1,8.7,3.3,33.5,0.52,3.9,83.7,1.1,53.3,34.1,7.2,7.0,49.285771,-123.129,89.0,13.0,1,0,0,0,1,0,0,1.2987012987012987,0.0,39.5,0.0,2.5974025974025974
Haven Hill Retirement Centre,9C2CB,Interior Health,PFP,415 Haven Hill Road,Penticton,V2A4E9,Community Care & Assisted Living Act,Accredited,152,0.0,86.0,66.6,63.1,3.5,,17.8,28.9,28.3,72.6,6.5,2.5,52.4,0.57,38.9,1.3,2.4,34.1,26.3,11.0,3.0,49.497463,-119.58078,0.0,0.0,0,0,0,0,1,1,1,6.578947368421052,1.3157894736842104,21.7,0.6578947368421052,10.526315789473685
Hawthorne Seniors Care Community,992JA,Fraser Health,PNP,2111 Hawthorne Ave,Port Coquitlam,V3C1W3,Hospital Act,Unknown,131,0.8,82.0,55.5,49.0,6.6,772.0,12.2,41.9,44.1,53.7,12.8,2.2,65.6,0.59,0.0,56.9,0.0,41.9,32.7,2.2,1.0,49.2570112,-122.7792222,0.0,0.0,0,1,0,1,1,1,0,0.0,0.0,21.3,0.7633587786259541,6.106870229007634
Henry Durand Manor,9A7GF,Interior Health,HA,803 9th St South,Golden,V0A1H0,Community Care & Assisted Living Act,Accredited,28,0.0,85.0,64.7,67.6,6.3,573.0,29.4,33.3,38.2,73.5,2.9,2.1,59.8,0.57,8.8,38.2,0.0,56.9,25.3,9.3,2.0,51.2961409,-116.9734392,0.0,0.0,0,0,0,0,1,1,0,0.0,0.0,57.199999999999996,0.0,35.714285714285715
Heritage Square,9BI83,Interior Health,PFP,3904 27th St.,Vernon,V1T4X7,Community Care & Assisted Living Act,Accredited,50,0.0,86.0,64.4,66.1,5.4,,53.6,18.8,12.6,68.1,2.4,3.2,29.0,0.68,4.8,75.8,6.3,67.6,9.3,6.4,1.0,50.270687,-119.26823,0.0,0.0,0,0,0,0,1,1,0,0.0,2.0,28.0,0.0,8.0
Heritage Village,9C5BC,Fraser Health,HA,7525 Topaz Dr,Chilliwack,V2R3C9,Hospital Act,Accredited,100,2.0,85.0,54.4,58.4,3.4,940.0,11.8,31.0,43.4,64.8,12.7,2.3,55.2,0.57,3.4,58.0,0.0,54.9,27.3,3.4,2.0,49.1407098,-121.9665418,0.0,0.0,0,1,1,1,1,1,0,0.0,0.0,25.0,1.0,9.0
Heron Grove,92IIA,Interior Health,PNP,4900 - 20th Street,Vernon,V1T9W3,Community Care & Assisted Living Act,Accredited,76,0.0,83.0,64.1,56.2,7.6,876.0,41.5,29.3,26.0,63.3,7.4,2.7,47.6,0.66,6.1,8.7,2.6,55.3,12.7,10.8,2.0,50.28272,-119.26055,0.0,0.0,0,0,0,0,1,1,0,0.0,0.0,14.5,0.0,2.631578947368421
Hillside Village,92FC0,Interior Health,PNP,2891 15 Ave NE,Salmon Arm,V1E2B8,Community Care & Assisted Living Act,Accredited,112,0.9,86.0,66.8,57.9,2.4,915.0,17.6,24.0,27.9,75.4,10.9,4.1,17.6,0.57,1.7,12.0,5.7,56.2,26.6,15.4,1.0,50.71122329999999,-119.252111,0.0,0.0,0,0,0,0,1,1,0,0.8928571428571428,0.0,16.1,0.0,3.571428571428571
Hilltop House,9AIC3,Vancouver Coastal Health,HA,38146 Behrner Drive,Squamish,V8B0C8,Community Care & Assisted Living Act,Accredited,86,0.0,80.0,62.5,50.0,12.5,817.0,35.4,27.7,18.0,59.2,6.1,1.7,68.5,0.56,5.1,4.8,0.0,49.8,16.6,1.4,3.0,49.699648,-123.14,0.0,0.0,0,1,0,1,1,1,0,0.0,0.0,15.2,0.0,4.651162790697675
Hilton Villa Seniors Community,917D8,Fraser Health,PFP,13525 Hilton Rd,Surrey,V3R5J3,Community Care & Assisted Living Act,Accredited,157,1.9,86.0,69.8,62.9,5.1,749.0,20.7,33.2,37.5,66.5,12.7,2.9,43.1,0.59,45.3,3.8,0.0,45.8,10.2,6.7,10.0,49.20242145,-122.84672725264092,0.0,0.0,0,1,0,1,1,1,1,1.910828025477707,0.6369426751592357,14.0,0.0,0.6369426751592357
Hogg and Weatherby Pavilions - Peace Arch Hospital,9A58I,Fraser Health,HA,15521 Russell Ave.,White Rock,V4B2R4,Hospital Act,Unknown,234,0.9,90.0,73.9,76.9,2.2,785.0,17.7,28.0,24.2,48.3,8.6,2.6,52.3,0.57,15.5,67.0,12.4,48.2,18.8,3.2,2.0,49.03015955,-122.79236955,0.0,0.0,0,1,1,1,1,1,0,0.8547008547008548,0.0,11.600000000000001,0.0,1.282051282051282
Holy Family Hospital,9A5D8,Vancouver Coastal Health,PNP,7801 Argyle St.,Vancouver,V5P3L6,Hospital Act,Accredited,126,1.6,85.0,79.1,58.3,4.0,761.0,24.8,36.6,29.7,52.8,3.9,2.8,48.6,0.62,7.3,9.6,7.3,49.2,17.5,2.9,2.0,49.213284,-123.073098,88.0,21.0,1,1,1,1,1,1,0,0.0,0.0,5.6,0.0,3.1746031746031744
Holyrood Manor,91842,Fraser Health,PFP,22710 Holyrood Ave,Maple Ridge,V2X3E6,Hospital Act,Accredited,125,0.8,86.0,81.5,58.3,3.3,,31.0,19.9,25.2,71.9,11.9,2.3,52.8,0.61,0.0,70.6,0.0,50.1,20.0,1.2,1.0,49.2122959,-122.5939042,0.0,0.0,0,1,0,1,0,1,1,0.0,0.0,17.6,0.8,1.5999999999999999
Houston Health Centre,937C0,Northern Health,HA,3202 - 14th St,Houston,V0J1Z0,Community Care & Assisted Living Act,Accredited,6,0.0,82.0,81.0,42.9,19.0,701.0,18.2,27.3,27.3,72.7,0.0,2.5,54.5,0.56,45.5,54.5,0.0,63.6,81.0,8.7,2.0,54.39621800000001,-126.65281,0.0,0.0,0,0,0,0,0,0,0,0.0,0.0,0.0,0.0,216.66666666666666
Inglewood Care Centre,999J9,Vancouver Coastal Health,PFP,725 Inglewood Avenue,West Vancouver,V7T1X5,Hospital Act & Community Care & Assisted Living Act,Unknown,230,0.0,86.0,65.4,66.4,2.1,,29.2,30.0,38.9,76.3,11.9,2.9,40.9,0.54,6.3,22.5,0.0,53.4,19.9,3.8,13.0,49.3354367,-123.1356688,1.0,0.0,1,1,0,1,1,1,0,2.1739130434782608,1.7391304347826086,26.000000000000004,0.0,3.4782608695652173
Jackman Manor,9ADHD,Fraser Health,PNP,27477 28 Ave,Aldergrove,V4W3L9,Community Care & Assisted Living Act,Not Accredited,88,0.0,88.0,70.1,72.0,1.4,,22.6,28.7,36.4,77.7,7.3,2.2,58.7,0.54,7.9,2.1,0.0,44.9,15.5,4.9,3.0,49.0538233,-122.4630403,0.0,0.0,0,0,0,0,1,1,0,2.272727272727273,1.1363636363636365,1.1,0.0,10.227272727272728
Jackson House - Ashcroft Hospital and Health Centre,9A6I3,Interior Health,HA,700 Ash-Cache Creek Hwy,Ashcroft,V0K1A0,Hospital Act,Accredited,22,0.0,87.0,72.5,60.0,2.5,,28.6,40.5,9.5,56.0,1.2,3.3,33.3,0.58,16.7,0.0,0.0,44.0,32.9,1.9,1.0,50.731887,-121.278471,0.0,0.0,0,1,1,1,1,1,0,0.0,0.0,13.5,0.0,22.727272727272727
James Bay Care Centre,9C426,Vancouver Island Health,PFP,336 Simcoe St.,Victoria,V8V1L2,Community Care & Assisted Living Act,Accredited,115,0.0,85.0,71.6,59.0,2.3,673.0,29.3,13.1,17.4,71.2,10.6,2.8,47.1,0.58,0.0,72.4,0.0,49.2,10.9,0.4,2.0,48.4173083,-123.376914,0.0,0.0,0,1,0,1,1,0,0,0.8695652173913043,0.0,13.1,0.0,4.3478260869565215
Joseph Creek Village,92IJA,Interior Health,PFP,1901 Willowbrook Dr,Cranbrook,V1C6S4,Community Care & Assisted Living Act,Unknown,102,0.0,80.0,64.3,39.3,11.3,,25.8,24.0,29.3,56.8,5.0,3.3,31.5,0.61,29.8,72.8,42.0,45.0,29.8,5.2,8.0,49.5270986,-115.7452938,0.0,0.0,0,0,0,0,1,1,1,3.9215686274509802,0.9803921568627451,17.700000000000003,0.0,14.705882352941178
Jubilee Lodge,9A69E,Northern Health,HA,1475 Edmonton Street,Prince George,V2M1S2,Hospital Act,Accredited,66,0.0,83.0,50.1,48.9,5.2,,17.8,38.2,40.8,65.8,3.3,2.5,47.4,0.59,0.0,61.2,1.3,42.8,24.6,16.5,1.0,53.9120966,-122.7626315,0.0,0.0,0,1,1,1,1,1,0,,,0.0,0.0,9.090909090909092
Jubilee Multi Generational Housing Society,99C25,Fraser Health,PNP,3460 Kalyk Avenue,Burnaby,V5G3B2,Community Care & Assisted Living Act,Not Accredited,60,3.3,89.0,68.9,71.6,0.0,656.0,20.9,37.8,47.4,28.3,4.3,3.4,33.5,0.59,12.6,1.3,0.0,40.0,7.7,1.3,3.0,49.2528169,-123.01300249999998,0.0,0.0,0,1,1,1,1,1,0,5.0,1.6666666666666667,21.7,5.0,13.333333333333332
Kamloops Seniors Village,92DCA,Interior Health,PFP,1220 Hugh Allan Dr.,Kamloops,V1S2B3,Community Care & Assisted Living Act,Accredited,114,1.8,85.0,65.0,61.1,4.1,784.0,14.6,38.3,21.5,75.0,6.4,2.8,42.1,0.56,0.0,46.0,19.7,53.7,17.4,6.4,0.0,50.6499607,-120.3729788,0.0,0.0,0,0,0,0,1,1,1,0.8771929824561403,0.0,22.7,0.0,0.0
Kimberley Special Care Home,91711,Interior Health,HA,386 2nd Ave,Kimberley,V1A2Z8,Community Care & Assisted Living Act,Accredited,55,0.0,87.0,61.5,69.2,2.9,632.0,27.8,39.6,26.4,80.2,3.3,2.8,51.9,0.58,40.6,0.0,0.9,49.5,7.6,23.4,1.0,49.6899979,-115.9896466,0.0,0.0,0,1,0,1,1,1,0,0.0,0.0,10.9,0.0,5.454545454545454
KinVillage West Court,9A4JH,Fraser Health,PNP,5410 10th Ave.,Delta,V4M3X8,Community Care & Assisted Living Act,Accredited,100,0.0,90.0,67.1,76.3,1.4,,21.8,24.1,34.7,60.3,5.0,2.4,58.8,0.57,17.6,65.3,2.1,40.6,16.2,8.0,0.0,49.021494,-123.07365800000001,0.0,0.0,0,0,0,0,1,0,0,1.0,0.0,4.0,0.0,0.0
Kinsmen Lodge,9942B,Fraser Health,PNP,9650 137A Street,Surrey,V3T4H9,Community Care & Assisted Living Act,Accredited,157,0.0,86.0,60.5,58.3,5.8,,25.8,33.2,20.6,49.9,14.6,2.3,59.4,0.6,0.9,82.0,0.0,40.9,15.8,1.9,6.0,49.1777346,-122.8417995,0.0,0.0,0,1,0,1,1,1,0,1.910828025477707,0.0,8.3,0.0,0.0
Kiwanis Care Centre,9AD1I,Fraser Health,PNP,35 Clute Street,New Westminster,V3L1Z5,Community Care & Assisted Living Act,Accredited,75,1.3,88.0,94.6,69.5,0.6,,20.9,28.0,20.9,57.1,6.7,3.2,31.3,0.65,55.6,70.9,34.7,50.4,13.0,4.5,1.0,49.2232118,-122.9150878,0.0,0.0,0,1,0,1,1,1,0,0.0,0.0,13.3,0.0,1.3333333333333335
Kiwanis Pavilion,9AC36,Vancouver Island Health,PNP,3034 Cedar Hill Road,Victoria,V8T3J3,Community Care & Assisted Living Act,Accredited,122,0.8,83.0,66.6,54.8,3.8,700.0,26.9,28.5,39.6,86.9,13.8,2.8,50.6,0.6,20.6,17.7,2.9,61.0,15.9,3.8,2.0,48.4464163,-123.3467929,0.0,0.0,0,0,0,0,0,1,1,0.0,0.0,13.9,0.819672131147541,3.2786885245901636
Kiwanis Village Lodge,995AE,Vancouver Island Health,PNP,1221 Kiwanis Crescent,Nanaimo,V9S5Y1,Community Care & Assisted Living Act,Unknown,75,0.0,85.0,74.6,60.8,9.6,,25.8,33.3,19.9,63.3,6.7,2.7,47.2,0.59,1.1,0.0,0.7,44.9,26.9,8.8,7.0,49.186109,-123.96893,0.0,0.0,0,0,0,0,1,1,0,5.333333333333334,4.0,16.0,0.0,2.666666666666667
Kopernik Lodge,99A2I,Vancouver Coastal Health,PNP,3150 Rosemont Drive,Vancouver,V5S2C9,Community Care & Assisted Living Act,Not Accredited,87,1.1,87.0,86.4,65.2,2.6,951.0,34.3,38.5,26.4,53.3,12.4,2.2,56.7,0.59,1.6,12.7,0.5,50.7,29.6,11.7,3.0,49.21522,-123.039,0.0,0.0,0,1,0,1,1,1,0,2.2988505747126435,1.1494252873563218,24.0,0.0,4.597701149425287
Lady Minto Hospital,9A5G5,Vancouver Island Health,HA,135 Crofton Rd,Salt Spring Island,V8K1T1,Hospital Act,Accredited,29,,88.0,74.6,73.1,2.2,675.0,6.4,32.7,36.4,30.9,5.5,1.7,74.5,0.6,2.7,0.9,0.0,34.5,8.4,13.2,1.0,48.8617,-123.5084,0.0,0.0,0,1,1,1,1,1,0,0.0,0.0,0.0,0.0,6.896551724137931
Lake Country Lodge,9B969,Interior Health,PFP,100-10163 Konschuh Rd,Winfield,V4V2M2,Community Care & Assisted Living Act,Unknown,49,2.0,87.0,70.2,65.1,4.1,602.0,23.5,11.0,19.0,63.0,4.0,5.3,7.0,0.59,1.0,2.0,9.5,57.5,22.1,6.9,1.0,50.0291435,-119.3984578,0.0,0.0,0,1,0,1,1,1,1,0.0,0.0,28.599999999999998,0.0,6.122448979591836
Lakeshore Care Centre,992HG,Fraser Health,PFP,657 Gatensbury Street,Coquitlam,V3J5G9,Hospital Act,Not Accredited,56,0.0,85.0,70.4,64.5,6.5,,21.7,43.4,44.8,78.3,12.6,2.2,60.1,0.6,0.7,11.9,0.0,36.4,17.0,11.2,2.0,49.2595472,-122.85635159999998,0.0,0.0,0,1,0,1,1,1,1,1.7857142857142856,1.7857142857142856,3.6,0.0,5.357142857142857
Lakeview Care Centre,9C477,Vancouver Coastal Health,PFP,3490 Porter Street,Vancouver,V5N5W4,Hospital Act,Accredited,177,1.1,87.0,64.3,69.3,1.6,,23.8,21.8,29.3,58.5,9.6,4.1,20.0,0.56,0.0,2.3,0.0,34.7,10.6,1.4,4.0,49.25348995,-123.06648814723715,0.0,0.0,0,1,0,1,1,1,0,0.0,0.0,6.699999999999999,0.5649717514124294,3.3898305084745766
Lakeview Lodge,93DAA,Interior Health,PFP,2337 Butt Road,West Kelowna,V4T3L3,Community Care & Assisted Living Act,Unknown,114,0.9,85.0,68.1,62.7,4.6,805.0,8.0,17.4,32.8,76.7,6.3,3.4,33.0,0.56,12.6,50.0,0.4,53.0,12.6,7.9,1.0,49.83701729999999,-119.6237769,0.0,0.0,0,0,0,0,1,1,1,0.0,0.0,37.7,0.0,0.0
Langley Gardens,925CA,Fraser Health,PFP,8888 202nd Street,Langley,V1M4A7,Community Care & Assisted Living Act,Accredited,92,1.1,89.0,69.5,81.0,1.2,535.0,12.7,33.9,15.1,60.6,4.0,2.3,59.0,0.58,38.1,40.5,5.3,33.3,9.8,0.0,4.0,49.1663494,-122.6609691,6.0,0.0,1,1,0,1,1,1,1,1.0869565217391304,0.0,18.5,0.0,1.0869565217391304
Langley Lodge,98JIE,Fraser Health,PNP,5451-204th St,Langley,V3A5M9,Community Care & Assisted Living Act,Accredited,139,0.0,88.0,66.2,71.4,2.3,831.0,18.9,29.8,29.2,57.9,10.7,2.4,58.3,0.57,8.5,11.0,0.2,47.2,18.1,1.4,2.0,49.10156729999999,-122.6573035,68.0,26.0,1,1,0,1,1,1,1,0.0,0.0,0.7,0.7194244604316548,5.755395683453237
Langley Memorial Hospital ECU,9A5E0,Fraser Health,HA,22051 Fraser Hwy,Langley,V3A4H4,Hospital Act,Unknown,230,0.4,89.0,72.1,71.2,3.0,597.0,13.7,26.9,25.8,54.2,7.1,2.6,53.1,0.57,6.5,52.3,4.0,46.7,23.3,2.4,6.0,49.0944775,-122.6116674454287,3.0,1.0,1,1,1,1,1,0,0,2.1739130434782608,0.43478260869565216,1.7000000000000002,0.43478260869565216,3.913043478260869
Laurel Place,9359A,Fraser Health,PFP,9688 137A St,Surrey,V3T4H9,Community Care & Assisted Living Act,Accredited,215,0.0,85.0,58.4,60.4,5.9,899.0,18.9,37.9,25.2,58.0,6.1,2.4,60.7,0.6,16.7,1.7,0.2,39.6,15.6,16.6,4.0,49.1784219,-122.8417807,0.0,0.0,0,1,0,1,1,1,1,0.46511627906976744,0.0,8.8,0.0,0.9302325581395349
Little Mountain Place,9BA01,Vancouver Coastal Health,PNP,330 East 36th Avenue,Vancouver,V5W3Z4,Community Care & Assisted Living Act,Not Accredited,117,1.7,84.0,55.5,51.4,3.0,,22.2,33.1,21.0,60.6,10.3,2.4,57.4,0.53,0.2,1.3,0.4,37.1,18.5,9.3,3.0,49.2376636,-123.0998532,1.0,0.0,1,0,0,0,1,1,0,0.8547008547008548,0.0,34.199999999999996,0.0,1.7094017094017095
Louis Brier Home and Hospital,999G3,Vancouver Coastal Health,PNP,1055 West 41st Ave,Vancouver,V6M1W9,Hospital Act & Community Care & Assisted Living Act,Accredited,215,0.9,85.0,61.4,59.0,3.9,,18.2,45.7,33.9,57.4,13.4,1.9,69.1,0.58,15.9,20.7,8.2,51.7,34.7,1.9,6.0,49.2346366,-123.12927274582044,0.0,0.0,0,1,0,1,1,1,0,0.46511627906976744,0.46511627906976744,20.9,0.0,7.441860465116279
Luther Court,99DIG,Vancouver Island Health,PNP,1525 Cedar Hill Cross Rd,Victoria,V8P5M1,Community Care & Assisted Living Act,Accredited,60,0.0,84.0,64.1,59.3,5.6,762.0,35.1,36.7,55.8,73.3,7.2,1.8,72.1,0.59,8.0,0.0,0.0,55.0,11.6,1.2,2.0,48.4619202,-123.3364271,0.0,0.0,0,0,0,0,0,0,0,0.0,0.0,8.3,0.0,1.6666666666666667
Lynn Valley Care Centre,9B5JB,Vancouver Coastal Health,PFP,"1070 Lynn Valley Rd, North",North Vancouver,V7J1Z8,Hospital Act & Community Care & Assisted Living Act,Accredited,201,0.0,87.0,64.3,69.3,2.4,,19.9,31.3,16.9,62.9,7.7,2.6,47.3,0.56,7.2,8.2,0.0,58.2,25.6,8.7,3.0,49.33396,-123.045,79.0,20.0,1,1,0,1,1,1,1,0.0,0.0,4.5,0.0,0.9950248756218906
MSA Manor,98H7B,Fraser Health,PNP,2510 Gladwin Rd,Abbotsford,V2T3N9,Community Care & Assisted Living Act,Accredited,34,0.0,90.0,61.5,73.5,0.3,944.0,21.3,27.9,23.5,51.5,4.4,2.6,47.8,0.58,1.5,5.1,0.0,61.0,36.6,2.0,1.0,49.04747485,-122.31462286620344,1.0,0.0,1,0,0,0,1,0,0,0.0,0.0,11.700000000000001,2.941176470588235,5.882352941176471
Mackenzie and District Hospital and Health Centre,93790,Northern Health,HA,45 Centennial Drive,Mackenzie,V0J2C0,Hospital Act,Accredited,5,,,,,,,,,,,,,,,,,,,,,1.0,55.3375782,-123.100648,0.0,0.0,0,0,0,0,0,0,0,,,0.0,0.0,40.0
Malaspina Gardens,99I1B,Vancouver Island Health,PFP,100 Eleventh Street,Nanaimo,V9R6R6,Community Care & Assisted Living Act,Accredited,136,0.7,81.0,60.2,46.1,11.2,854.0,27.5,25.3,23.0,61.9,5.5,3.2,35.8,0.57,3.9,0.9,1.8,45.3,12.6,1.3,1.0,49.1298617,-123.9227916,0.0,0.0,0,0,0,0,1,1,1,0.7352941176470588,0.0,25.0,0.0,0.0
Maple Ridge Seniors Village,9376A,Fraser Health,PFP,22141 - 119th Avenue,Maple Ridge,V2X2Y7,Community Care & Assisted Living Act,Accredited,108,0.0,85.0,60.1,57.5,1.5,614.0,23.9,30.9,41.2,77.0,14.9,2.3,62.9,0.57,5.8,10.3,0.3,35.8,27.3,9.5,6.0,49.2193789,-122.6084592,1.0,0.0,1,0,0,0,1,1,1,6.481481481481481,2.7777777777777777,34.3,0.0,1.8518518518518516
Maplewood House,9BE34,Fraser Health,PNP,1919 Jackson St.,Abbotsford,V2S2Z8,Community Care & Assisted Living Act,Accredited,78,0.0,85.0,59.8,58.0,6.2,607.0,18.4,37.5,39.8,66.6,18.1,1.9,66.2,0.6,4.0,33.1,2.0,53.5,36.3,12.8,3.0,49.03660720000001,-122.3091484,0.0,0.0,0,0,0,0,1,0,0,1.282051282051282,0.0,12.9,1.282051282051282,2.5641025641025643
Mariposa Gardens,935JA,Interior Health,PFP,8816 97th Street (highway 97),Osoyoos,V0H1V5,Community Care & Assisted Living Act,Unknown,109,2.8,86.0,72.4,62.0,0.9,801.0,16.9,10.8,42.9,88.1,11.2,4.1,11.0,0.58,14.8,34.7,0.0,65.6,13.6,5.7,3.0,49.034727,-119.47705829999998,0.0,0.0,0,1,0,1,1,1,1,1.834862385321101,0.9174311926605505,21.1,0.0,9.174311926605505
McBride and District Hospital,9A681,Northern Health,HA,1136 5th Avenue,McBride,V0J2E0,Hospital Act,Accredited,9,0.0,93.0,50.0,100.0,0.0,,19.4,51.6,35.5,96.8,3.2,3.6,19.4,0.59,9.7,0.0,0.0,45.2,37.3,20.0,1.0,53.30163979999999,-120.1608281,0.0,0.0,0,1,0,1,0,0,0,,,0.0,0.0,100.0
McKinney Place - South Okanagan General Hospital,9A722,Interior Health,HA,911 McKinney Road,Oliver,V0H1T3,Hospital Act,Accredited,75,1.3,86.0,62.1,66.5,2.3,210.0,25.7,22.9,28.6,66.9,3.7,1.7,74.3,0.54,9.4,22.4,2.9,28.6,15.8,4.1,0.0,49.1835315,-119.53900043064311,0.0,0.0,0,1,1,1,1,1,0,0.0,0.0,13.3,0.0,0.0
Menno Home,98H8D,Fraser Health,PNP,32910 Brundige Ave,Abbotsford,V2S1N2,Community Care & Assisted Living Act,Accredited,196,0.0,87.0,64.1,62.8,2.2,780.0,22.4,15.1,23.9,81.8,16.6,3.0,44.3,0.56,5.9,84.3,4.4,58.0,12.3,3.6,3.0,49.0401555,-122.3081538,0.0,0.0,0,1,0,1,1,1,0,1.0204081632653061,0.0,11.7,0.0,0.0
Menno Hospital,9A6H1,Fraser Health,PNP,32945 Marshall Road,Abbotsford,V2S1K1,Hospital Act,Accredited,151,0.7,88.0,76.3,73.2,3.3,834.0,24.0,25.7,18.0,61.1,8.5,2.3,57.9,0.59,10.6,70.7,6.4,51.8,5.1,4.4,0.0,49.03929855,-122.31110698892836,0.0,0.0,0,1,1,1,1,1,0,0.0,0.0,12.6,0.0,0.0
Minoru Residence,9A5B4,Vancouver Coastal Health,HA,7333 Gollner Avenue,Richmond,V6Y0J1,Hospital Act,Accredited,250,0.8,84.0,58.3,57.2,5.5,,17.5,52.7,32.8,38.5,3.8,2.1,63.5,0.6,32.8,1.8,14.9,40.2,24.0,6.2,2.0,49.16897,-123.15,0.0,0.0,0,1,0,1,1,1,0,0.0,0.0,5.6,0.0,3.2
Minto House - Arrow Lakes Hospital,9A5A2,Interior Health,HA,97 1st Avenue NE,Nakusp,V0G1R0,Hospital Act,Accredited,16,12.5,86.0,64.1,62.4,4.3,604.0,0.0,39.0,32.2,79.7,3.4,3.5,28.8,0.57,33.9,0.0,0.0,42.4,23.9,0.0,0.0,50.2392729,-117.795712,0.0,0.0,0,0,0,0,1,1,0,0.0,0.0,0.0,0.0,0.0
Mission Creek Landing,98J5G,Interior Health,PFP,3081 Hall Rd,Kelowna,V1W2R5,Community Care & Assisted Living Act,Accredited,104,1.9,88.0,76.0,75.4,1.0,590.0,28.9,22.1,23.4,74.7,4.4,3.4,31.5,0.54,1.0,0.3,12.8,54.9,7.5,2.2,5.0,49.8697756,-119.429557,0.0,0.0,0,1,0,1,1,1,1,0.0,1.9230769230769231,14.5,1.9230769230769231,14.423076923076923
Monashee Mews,93D80,Interior Health,PFP,2165 Norris Avenue,Lumby,V0E2G5,Community Care & Assisted Living Act,Accredited,46,0.0,85.0,62.7,67.5,8.3,724.0,51.9,27.1,30.9,73.5,10.5,2.4,58.6,0.59,10.5,37.6,18.8,71.3,23.3,17.6,1.0,50.2498936,-118.9617267,0.0,0.0,0,0,0,0,1,1,0,0.0,0.0,23.8,0.0,8.695652173913043
Morgan Place,926A0,Fraser Health,PFP,3288 156a St,Surrey,V3Z9T1,Community Care & Assisted Living Act,Accredited,141,0.0,90.0,55.4,75.3,1.1,458.0,23.7,33.1,25.1,67.1,10.3,2.6,49.2,0.6,38.9,63.4,0.0,57.0,13.8,9.1,1.0,49.062332,-122.790069,0.0,0.0,0,1,0,1,1,1,1,0.0,0.0,2.8,0.0,0.0
Mount Cartier Court - Queen Victoria Hospital,92JJ0,Interior Health,HA,1200 Newlands Rd,Revelstoke,V0E2S1,Community Care & Assisted Living Act,Accredited,44,2.3,87.0,68.6,64.3,7.1,,26.8,34.5,31.5,73.2,6.5,3.1,38.7,0.61,7.7,10.7,9.5,60.7,15.8,4.3,0.0,50.9769146,-118.1847111,0.0,0.0,0,1,0,1,1,1,0,0.0,0.0,11.399999999999999,0.0,0.0
Mount Ida Mews,93D60,Interior Health,PFP,100 5th Avenue SE,Salmon Arm,V1E4H4,Community Care & Assisted Living Act,Accredited,132,0.0,86.0,62.1,55.8,2.3,837.0,36.1,8.4,23.9,73.9,20.6,2.3,54.5,0.56,4.2,19.7,3.5,56.5,13.0,11.5,2.0,50.69600300000001,-119.28418,0.0,0.0,0,0,0,0,1,1,1,0.7575757575757576,0.0,10.7,0.0,1.5151515151515151
Mount Saint Joseph Hospital,9A54J,Vancouver Coastal Health,PNP,3080 Prince Edward Street,Vancouver,V5T3N4,Hospital Act,Accredited,99,1.0,88.0,72.8,72.3,1.7,,22.3,41.5,40.2,58.8,5.0,1.8,71.9,0.62,16.5,5.2,18.1,31.5,15.4,2.1,1.0,49.257699,-123.096358,0.0,0.0,0,1,1,1,1,1,0,0.0,0.0,8.1,0.0,0.0
Mount St. Mary Hospital,9A6A6,Vancouver Island Health,PNP,861 Fairfield Rd.,Victoria,V8V5A9,Hospital Act,Unknown,200,,83.0,74.5,55.6,9.7,883.0,28.5,31.4,29.2,53.7,5.2,2.7,46.3,0.6,1.3,9.6,43.3,58.5,25.2,0.6,1.0,48.4132064,-123.3446919,0.0,0.0,0,1,0,1,1,1,0,2.5,0.0,0.0,0.0,1.0
Mount Tolmie Hospital,9A5JC,Vancouver Island Health,HA,3690 Richmond Rd.,Victoria,V8P4R6,Hospital Act,Accredited,72,,85.0,81.5,59.4,1.2,580.0,35.3,31.3,24.3,53.3,5.3,3.3,35.7,0.61,0.7,76.0,25.3,53.7,23.6,3.7,1.0,48.459924,-123.330454,0.0,0.0,0,1,1,1,1,1,0,0.0,0.0,0.0,0.0,5.555555555555555
Mountain Lake Seniors Community,92HIA,Interior Health,PFP,908 11th St,Nelson,V1L7A6,Community Care & Assisted Living Act,Unknown,92,0.0,84.0,65.5,59.5,8.1,980.0,26.2,14.5,25.5,67.9,10.0,3.3,31.7,0.57,3.4,0.3,0.7,40.7,25.3,0.0,2.0,49.5081403,-117.26611815013092,0.0,0.0,0,0,0,0,1,1,1,1.0869565217391304,1.0869565217391304,10.799999999999999,0.0,2.1739130434782608
Mountain View Lodge - Lillooet Hospital and Health Centre,9A4E5,Interior Health,HA,951 Murray St. ,Lillooet,V0K1V0,Community Care & Assisted Living Act,Accredited,22,0.0,87.0,72.3,66.0,3.9,,47.0,42.2,38.6,78.3,10.8,2.6,49.4,0.65,44.6,2.4,0.0,57.8,30.6,0.3,1.0,50.68929895,-121.93935595579315,0.0,0.0,0,1,0,1,1,1,0,0.0,0.0,4.5,0.0,9.090909090909092
Mountain View Manor - Delta Hospital,9A56E,Fraser Health,HA,5800 Mountain View Boulevard,Delta,V4K3V6,Hospital Act,Unknown,92,0.0,90.0,64.6,73.6,1.1,911.0,11.5,44.7,28.1,45.3,5.0,1.7,72.5,0.58,21.6,63.0,1.5,37.9,22.0,3.6,1.0,49.085682399999996,-123.06125243089485,0.0,0.0,0,1,1,1,1,1,0,0.0,0.0,4.4,0.0,0.0
Mountainview Lodge - Kitimat General Hospital,9A630,Northern Health,HA,920 Lahakas Blvd. S,Kitimat,V8C2S3,Hospital Act,Accredited,36,0.0,82.0,73.6,45.9,5.0,,47.6,48.4,41.1,47.6,0.8,2.5,51.6,0.62,0.0,8.1,0.0,45.2,21.0,8.0,2.0,54.05427370000001,-128.6552266,0.0,0.0,0,1,0,1,1,1,0,,,2.8,0.0,25.0
Mountainview Village,93240,Interior Health,PNP,1540 K.L.O. Road,Kelowna,V1W3P6,Community Care & Assisted Living Act,Accredited,90,0.0,84.0,61.8,59.8,5.3,782.0,20.4,19.6,34.9,71.5,15.3,2.9,34.7,0.59,1.1,10.2,0.3,53.0,42.9,6.8,1.0,49.8610063,-119.4565603,0.0,0.0,0,0,0,0,1,1,0,0.0,0.0,26.6,0.0,3.3333333333333335
Nanaimo Seniors Village,9261A,Vancouver Island Health,PFP,6085 Uplands Drive,Nanaimo,V9V1T8,Community Care & Assisted Living Act,Accredited,150,0.0,85.0,67.2,61.7,5.1,906.0,28.4,28.0,31.9,55.8,8.2,3.4,26.1,0.57,1.6,4.3,0.0,40.5,37.7,16.3,5.0,49.236311,-124.03886,0.0,0.0,0,0,0,0,1,1,1,2.666666666666667,0.6666666666666667,22.099999999999998,0.0,1.3333333333333335
Nelson Jubilee Manor,98G4A,Interior Health,HA,500 Beasley St West,Nelson,V1L6G9,Community Care & Assisted Living Act,Accredited,39,2.6,85.0,71.2,61.9,8.5,607.0,29.4,48.4,22.9,52.9,3.3,2.2,61.4,0.6,10.5,0.0,10.5,49.7,22.2,9.1,1.0,49.4795674,-117.29899609999998,0.0,0.0,0,0,0,0,1,1,0,0.0,0.0,10.299999999999999,0.0,7.6923076923076925
New Vista Care Home,99C37,Fraser Health,PNP,7550 Rosewood Street,Burnaby,V5E3Z3,Community Care & Assisted Living Act,Accredited,236,0.0,83.0,62.5,49.3,4.7,,14.4,29.5,31.9,72.9,13.3,2.7,48.8,0.52,21.0,37.6,0.0,52.4,32.8,8.1,5.0,49.2239438,-122.94541269093858,20.0,3.0,1,0,0,0,1,1,0,1.2711864406779663,0.423728813559322,24.1,0.0,6.779661016949152
Nicola Lodge,93GBA,Fraser Health,PFP,2240 Hawkins St.,Port Coquitlam,V3B0M2,Community Care & Assisted Living Act,Unknown,230,0.9,84.0,58.6,56.1,4.3,620.0,18.9,11.8,18.4,60.9,7.0,1.7,80.5,0.58,16.4,55.4,2.7,41.6,12.5,4.0,6.0,49.255787,-122.737523,1.0,0.0,1,1,0,1,0,0,1,1.7391304347826086,0.43478260869565216,14.8,0.0,0.43478260869565216
Noric House,98IF3,Interior Health,HA,1400 Mission Rd,Vernon,V1T9C3,Community Care & Assisted Living Act,Accredited,85,1.2,85.0,74.4,59.5,2.5,599.0,40.5,39.9,26.0,77.5,9.2,2.3,61.5,0.64,34.3,59.5,52.4,69.8,25.3,7.6,1.0,50.251193,-119.282587,0.0,0.0,0,0,0,0,1,1,0,0.0,0.0,29.499999999999996,1.1764705882352942,3.5294117647058822
Normanna Rest Home,9C489,Fraser Health,PNP,7725-4th St,Burnaby,V3N5B6,Community Care & Assisted Living Act,Unknown,100,0.0,86.0,80.2,61.0,2.5,,27.3,34.9,20.6,62.8,16.1,2.9,38.8,0.6,13.5,49.5,0.8,44.8,25.9,9.4,1.0,49.22202645,-122.92761074114857,0.0,0.0,0,1,0,1,1,1,0,0.0,0.0,3.0,0.0,1.0
Northcrest Care Centre,9C5G2,Fraser Health,PFP,6771-120th Street,Delta,V4E2A7,Community Care & Assisted Living Act,Accredited,106,0.0,84.0,67.6,51.7,6.2,278.0,52.9,45.2,30.4,70.1,16.1,1.8,69.7,0.58,0.7,84.9,0.2,70.5,22.5,10.4,5.0,49.126449,-122.891122,0.0,0.0,0,1,0,1,1,1,0,0.0,0.0,4.699999999999999,0.0,0.0
Northern Haida Gwaii Hospital and Health Centre,91F3C,Northern Health,HA,2520 Harrison Avenue,Masset,V0T1M0,Hospital Act,Accredited,5,,,,,,,,,,,,,,,,,,,,,1.0,54.020576,-132.157074,0.0,0.0,0,0,0,0,0,0,0,,,0.0,0.0,160.0
Oak Bay Lodge,99D3D,Vancouver Island Health,HA,2251 Cadboro Bay Rd.,Victoria,V8R5H3,Community Care & Assisted Living Act,Accredited,235,0.4,88.0,67.3,69.7,1.1,730.0,29.4,14.3,19.7,82.8,5.8,3.2,37.0,0.54,0.4,1.1,4.3,52.8,35.3,3.6,19.0,48.432936,-123.3138,0.0,0.0,0,1,0,1,0,0,0,12.76595744680851,3.404255319148936,39.599999999999994,0.425531914893617,8.936170212765958
Orchard Haven - South Similkameen Health Centre,9252A,Interior Health,HA,700 3rd St,Keremeos,V0X1N0,Community Care & Assisted Living Act,Accredited,38,2.6,82.0,66.5,50.2,4.4,643.0,41.7,30.3,29.5,69.7,6.1,3.1,43.9,0.6,12.1,3.0,3.8,50.0,26.7,21.4,2.0,49.2069196,-119.8315278,0.0,0.0,0,0,0,0,1,1,0,0.0,0.0,49.9,0.0,28.947368421052634
Overlander Residential Care,9A708,Interior Health,HA,953 Southill Street,Kamloops,V2B7Z9,Hospital Act,Accredited,183,2.2,81.0,68.3,42.6,9.0,726.0,37.3,50.5,36.4,67.6,9.6,2.5,49.9,0.62,21.7,44.4,17.3,59.9,37.3,8.3,0.0,50.70373370000001,-120.3973241,0.0,0.0,0,1,1,1,1,1,0,0.0,0.0,18.0,0.0,1.639344262295082
Oyster Harbour Seniors Community,99G47,Vancouver Island Health,PFP,1127 4th Ave,Ladysmith,V9G1A6,Community Care & Assisted Living Act,Not Accredited,89,0.0,83.0,68.2,51.4,5.4,,17.5,18.6,25.7,70.1,8.8,3.1,40.7,0.55,2.3,0.3,0.0,42.7,17.0,0.5,1.0,48.9966463,-123.8287358,0.0,0.0,0,1,0,1,1,1,0,3.3707865168539324,1.1235955056179776,11.2,0.0,3.3707865168539324
Parkside Care,9AI58,Northern Health,HA,788 Ospika Boulevard,Prince George,V2M6Y2,Community Care & Assisted Living Act,Accredited,58,0.0,83.0,63.9,54.2,6.7,,28.3,31.3,32.5,69.9,2.4,3.0,36.7,0.57,0.0,83.1,0.0,49.4,29.9,9.8,1.0,53.91781,-122.79478700000001,0.0,0.0,0,0,0,0,1,1,0,1.7241379310344827,1.7241379310344827,8.6,3.4482758620689653,5.172413793103449
Parkview Place,98IEB,Interior Health,HA,707 3rd Ave,Enderby,V0E1V0,Community Care & Assisted Living Act,Accredited,31,3.2,87.0,63.1,69.4,0.6,500.0,26.4,23.1,30.6,68.6,8.3,2.5,51.2,0.58,0.0,50.4,0.0,57.0,20.5,9.0,0.0,50.5466217,-119.1407493,0.0,0.0,0,0,0,0,1,1,0,0.0,0.0,0.0,0.0,0.0
Peace Portal Seniors Village,9C47I,Fraser Health,PFP,15441 - 16th Avenue,Surrey,V4A8T8,Community Care & Assisted Living Act,Accredited,84,1.2,87.0,71.3,71.3,0.5,535.0,35.5,25.5,35.5,61.7,8.5,2.9,47.5,0.53,3.5,48.2,0.0,46.1,15.2,15.8,4.0,49.031282,-122.7945296,0.0,0.0,0,1,0,1,1,1,1,0.0,0.0,23.9,0.0,4.761904761904762
Peace Villa,9BDGA,Northern Health,HA,8407 112 Avenue,Fort St John,V1J0J5,Community Care & Assisted Living Act,Accredited,124,0.0,81.0,62.8,41.8,10.0,932.0,7.9,27.0,22.7,58.7,5.7,2.8,38.5,0.57,0.0,0.5,0.5,40.7,37.2,19.8,4.0,56.25673199999999,-120.81792,0.0,0.0,0,0,0,0,1,1,0,0.0,0.0,6.4,0.0,6.451612903225806
Piccadilly Seniors Community,931AA,Interior Health,PFP,821 10th Avenue SW,Salmon Arm,V1E1T2,Community Care & Assisted Living Act,Accredited,59,0.0,89.0,58.8,73.4,2.4,574.0,28.0,22.9,33.6,61.2,7.0,3.6,22.4,0.58,0.0,0.0,0.0,51.4,20.4,4.7,0.0,50.692591,-119.29439599999999,0.0,0.0,0,1,0,1,1,1,1,0.0,0.0,25.5,0.0,0.0
Pine Acres Home,9BDAH,Interior Health,PNP,1902 Pheasant Lane,Westbank,V4T2H4,Community Care & Assisted Living Act,Accredited,63,0.0,80.0,49.2,35.0,12.3,725.0,17.2,18.5,25.6,73.1,5.0,2.7,42.9,0.54,1.3,11.3,7.1,35.7,51.7,4.9,0.0,49.839286,-119.59551,0.0,0.0,0,1,0,1,1,1,1,0.0,0.0,19.0,0.0,0.0
Pine Grove Seniors Community,9A9G2,Interior Health,PFP,313 Mcgowan Street,Kamloops,V2B2N8,Community Care & Assisted Living Act,Unknown,75,2.7,87.0,74.2,62.8,2.0,395.0,29.1,37.0,29.8,63.3,7.6,3.2,38.8,0.62,11.8,9.3,0.0,50.9,17.2,9.1,1.0,50.64479145,-120.3440998,0.0,0.0,0,1,0,1,1,1,0,1.3333333333333335,0.0,17.3,1.3333333333333335,5.333333333333334
Pinegrove Place,9AG59,Vancouver Coastal Health,PNP,11331 Mellis Drive,Richmond,V6X1L8,Community Care & Assisted Living Act,Accredited,76,0.0,84.0,58.6,57.4,4.0,,24.5,46.2,37.4,72.0,12.6,1.8,69.8,0.59,0.3,65.4,0.3,46.9,20.1,9.2,5.0,49.1867925,-123.0984471,0.0,0.0,0,0,0,0,1,1,0,0.0,0.0,1.3,0.0,2.631578947368421
Pleasant Valley Manor,9BJG5,Interior Health,HA,3800 Patten Dr.,Armstrong,V0E1B2,Hospital Act,Accredited,82,0.0,87.0,64.1,72.0,4.0,601.0,28.6,43.2,23.5,72.9,5.1,3.0,38.1,0.59,0.9,71.4,0.0,51.2,25.4,11.8,0.0,50.43928579999999,-119.2079969,0.0,0.0,0,0,0,0,1,1,0,0.0,0.0,14.599999999999998,0.0,0.0
Point Grey Private Hospital,9995A,Vancouver Coastal Health,PFP,2423 Cornwall Avenue,Vancouver,V6K1B9,Hospital Act,Not Accredited,72,1.4,86.0,60.4,64.3,0.4,749.0,30.5,29.7,27.1,75.1,12.6,3.6,29.0,0.59,3.3,0.0,1.1,55.8,24.7,32.7,1.0,49.2724948,-123.1496031,0.0,0.0,0,1,0,1,1,0,1,0.0,0.0,4.199999999999999,0.0,2.7777777777777777
Polson Residential Care - Vernon Jubilee Hospital,9A628,Interior Health,HA,2101 32nd Street,Vernon,V1T5L2,Hospital Act,Accredited,97,2.1,85.0,65.7,55.8,2.3,542.0,43.8,36.9,30.8,73.7,4.2,2.3,54.4,0.61,2.9,31.0,2.9,72.9,31.0,14.5,0.0,50.256926,-119.271624,0.0,0.0,0,1,1,1,1,1,0,0.0,0.0,18.6,0.0,0.0
Ponderosa Lodge,98FA9,Interior Health,HA,425 Columbia St,Kamloops,V2C2T4,Community Care & Assisted Living Act,Accredited,98,2.0,84.0,47.9,48.4,2.8,237.0,22.3,31.0,33.2,71.2,7.1,3.1,37.0,0.58,47.3,0.0,35.9,52.2,30.5,0.9,1.0,50.670828,-120.331933,0.0,0.0,0,1,0,1,0,1,0,0.0,0.0,24.5,0.0,3.061224489795918
Poplar Ridge Pavilion - Kootenay Boundary Hospital,9A667,Interior Health,HA,1200 Hospital Bench,Trail,V1R4M1,Hospital Act,Accredited,49,4.1,87.0,67.4,63.2,4.5,287.0,25.4,58.5,26.3,56.1,3.9,2.8,49.3,0.62,20.0,49.3,20.5,67.3,17.9,8.8,0.0,49.1035546,-117.7011867,0.0,0.0,0,1,1,1,1,1,0,0.0,0.0,6.1,0.0,0.0
Purdy Pavilion - UBC Hospital,9A5C6,Vancouver Coastal Health,HA,2221 Wesbrook Mall,Vancouver,V6T1Z9,Hospital Act,Accredited,199,0.0,81.0,55.1,44.3,9.2,760.0,16.1,45.5,43.1,44.7,5.1,2.4,55.3,0.62,34.7,19.6,6.9,47.0,33.3,13.6,1.0,49.2632866,-123.24586939010037,0.0,0.0,0,0,1,1,1,1,0,0.5025125628140703,0.0,1.0,0.0,1.0050251256281406
Qualicum Manor,92EE0,Vancouver Island Health,PFP,124 Fourth Ave East,Qualicum Beach,V9K1N6,Community Care & Assisted Living Act,Unknown,59,0.0,89.0,91.3,75.8,0.0,,23.0,37.8,24.4,83.7,10.4,2.1,59.3,0.58,0.7,2.2,0.0,74.8,36.9,7.2,1.0,49.3449157,-124.4405245,0.0,0.0,0,1,0,1,1,1,1,6.779661016949152,1.694915254237288,11.9,0.0,1.694915254237288
Queen's Park Care Centre,9A5GG,Fraser Health,HA,315 McBride Blvd.,New Westminster,V3L5E8,Hospital Act,Unknown,148,0.0,84.0,64.1,58.6,9.6,548.0,11.8,38.7,22.0,51.8,6.0,2.7,50.3,0.58,2.5,20.0,2.3,36.7,13.2,7.1,1.0,49.2158542,-122.9036695,6.0,1.0,1,1,1,1,1,1,0,0.0,0.0,5.5,1.3513513513513513,2.702702702702703
R. W. Large Memorial Hospital,9A773,Vancouver Coastal Health,HA,88 Waglisla Street,Bella Bella,V0T1Z0,Hospital Act,Accredited,7,,,,,,,,,,,,,,,,,,,,,1.0,52.1612112,-128.1433195843372,0.0,0.0,0,0,0,0,0,0,0,,,0.0,0.0,14.285714285714285
Rainbow Lodge,9315A,Northern Health,HA,1000 Liard Drive,Prince George,V2M3Z3,Community Care & Assisted Living Act,Accredited,18,0.0,82.0,86.0,43.0,0.0,393.0,17.6,19.6,19.6,82.4,2.0,3.4,37.3,0.5,0.0,88.2,0.0,51.0,27.5,18.6,1.0,49.2238303,-122.9332908,0.0,0.0,0,0,0,0,1,1,0,0.0,0.0,5.6,5.555555555555555,44.44444444444444
Renfrew Care Centre,9193F,Vancouver Coastal Health,PFP,1880 Renfrew Street,Vancouver,V5M3H9,Community Care & Assisted Living Act,Accredited,106,0.9,84.0,58.8,56.6,3.5,,15.9,42.4,39.4,74.9,9.2,3.1,41.2,0.57,0.0,65.0,0.5,29.0,24.7,6.6,1.0,49.26786,-123.044,0.0,0.0,0,1,0,1,1,1,0,0.0,0.0,14.100000000000001,0.0,0.0
Rest Haven Lodge,9ADH2,Vancouver Island Health,PNP,2281 Mills Road,Sidney,V8L2C3,Community Care & Assisted Living Act,Accredited,73,0.0,86.0,66.8,65.5,1.2,624.0,47.8,31.3,33.0,79.5,9.8,2.6,54.5,0.61,12.1,44.8,0.0,60.3,19.5,3.8,2.0,48.654974,-123.40484,0.0,0.0,0,0,0,0,1,1,0,1.36986301369863,0.0,6.9,0.0,1.36986301369863
Richmond Lions Manor,99BGD,Vancouver Coastal Health,HA,9020 Bridgeport Road,Richmond,V6X1S1,Community Care & Assisted Living Act,Accredited,93,0.0,87.0,72.0,63.1,2.5,,18.0,21.8,37.8,58.2,8.8,2.2,59.5,0.61,37.1,10.9,43.9,40.5,29.5,3.2,4.0,49.1914932,-123.1252982423324,1.0,0.0,1,1,0,1,1,1,0,1.0752688172043012,1.0752688172043012,11.9,1.0752688172043012,2.150537634408602
Ridgeview Lodge,93530,Interior Health,PFP,920 Desmond Street,Kamloops,V2B5K6,Community Care & Assisted Living Act,Unknown,129,0.8,85.0,61.4,55.8,4.0,,16.5,22.4,19.6,36.1,13.3,3.5,30.0,0.6,1.6,0.0,0.2,45.2,26.8,3.2,2.0,50.7034312,-120.39313490000002,0.0,0.0,0,0,0,0,0,0,1,0.0,0.7751937984496124,33.5,0.0,4.651162790697675
Ridgewood Lodge - Princeton General Hospital,9A4J6,Interior Health,HA,98 Ridgewood Drive,Princeton,V0X1W0,Community Care & Assisted Living Act,Accredited,37,0.0,84.0,59.2,52.0,1.7,404.0,27.7,22.7,27.7,67.4,9.9,3.1,38.3,0.56,38.3,15.6,7.8,41.1,17.7,12.3,1.0,49.45459015,-120.52645140910023,0.0,0.0,0,1,0,1,1,1,0,2.7027027027027026,0.0,13.5,0.0,2.7027027027027026
Rocky Mountain Village,92D60,Interior Health,PFP,55 Cokato Road,Fernie,V0B1M4,Community Care & Assisted Living Act,Unknown,62,1.6,83.0,63.1,49.6,4.4,442.0,14.2,15.6,31.1,67.6,6.7,3.4,25.3,0.59,48.4,88.0,11.6,48.0,32.7,13.0,5.0,49.4906726,-115.0647647,0.0,0.0,0,0,0,0,1,1,1,0.0,0.0,43.5,1.6129032258064515,22.580645161290324
Rose Wood Village,92CB0,Interior Health,PFP,8125 Devito Drive,Trail,V1R4X9,Community Care & Assisted Living Act,Unknown,46,0.0,81.0,58.0,57.0,14.0,362.0,22.4,23.4,37.5,44.8,5.2,1.8,62.0,0.63,26.0,4.2,1.6,49.0,20.4,5.6,2.0,49.0957762,-117.64176299999998,0.0,0.0,0,0,0,0,1,1,1,4.3478260869565215,2.1739130434782608,23.9,0.0,8.695652173913043
Rosemary Heights Seniors Village,935CA,Fraser Health,PFP,15240-34th Avenue,Surrey,V3Z2J9,Community Care & Assisted Living Act,Accredited,90,1.1,86.0,67.7,58.4,1.1,,17.0,20.7,39.0,73.1,6.5,3.0,39.9,0.56,3.1,48.0,0.0,45.8,15.5,1.6,4.0,49.0635552,-122.8006006,0.0,0.0,0,1,0,1,1,0,1,1.1111111111111112,0.0,32.1,2.2222222222222223,5.555555555555555
Rosewood Manor,9ADI4,Vancouver Coastal Health,PNP,6260 Blundell Rd,Richmond,V7C5C4,Community Care & Assisted Living Act,Not Accredited,151,0.0,85.0,62.7,55.4,1.4,,23.0,28.9,17.0,67.1,7.0,3.2,28.5,0.5,19.8,60.2,0.2,38.1,28.5,0.9,1.0,49.1551041,-123.1553156,0.0,0.0,0,0,0,0,1,1,0,0.0,0.0,21.2,0.0,2.6490066225165565
Rotary Manor,9976D,Northern Health,HA,1121 90th Avenue,Dawson Creek,V1G5A3,Community Care & Assisted Living Act,Accredited,115,0.9,82.0,60.7,49.4,8.9,,21.4,26.5,23.1,61.2,7.8,3.6,31.6,0.56,9.5,0.0,0.0,41.8,39.7,18.6,2.0,55.773403,-120.23466,0.0,0.0,0,0,0,0,1,0,0,0.0,0.0,10.4,0.0,3.4782608695652173
Royal Arch Masonic Home,9AAG7,Vancouver Coastal Health,PNP,7850 Champlain Cresc,Vancouver,V5S4C7,Community Care & Assisted Living Act,Not Accredited,151,1.3,86.0,60.1,61.0,4.2,,17.4,37.1,21.6,61.9,6.2,3.4,29.4,0.54,15.5,83.7,13.4,41.2,23.4,5.1,1.0,49.2135328,-123.0288043,37.0,12.0,1,0,0,0,1,1,0,0.0,0.0,24.599999999999998,0.0,0.0
Royal Ascot Care Centre,917JC,Vancouver Coastal Health,PFP,2455 East Broadway,Vancouver,V5M1Y1,Hospital Act,Not Accredited,82,1.2,85.0,74.5,60.7,3.4,708.0,36.6,31.5,32.7,68.5,6.5,3.1,37.2,0.56,0.3,0.0,3.0,54.8,9.3,0.0,2.0,49.26239535,-123.0555417,0.0,0.0,0,1,0,1,1,1,1,1.2195121951219512,0.0,15.799999999999999,0.0,2.4390243902439024
Royal City Manor,91JJ3,Fraser Health,PFP,77 Jamieson Court,New Westminster,V3L5P8,Community Care & Assisted Living Act,Accredited,165,0.0,85.0,58.1,62.2,4.1,643.0,31.4,23.1,20.5,73.3,5.2,2.6,49.2,0.58,5.0,14.0,0.0,35.3,10.0,0.0,12.0,49.2153153,-122.8951618,0.0,0.0,0,1,0,1,1,1,1,3.6363636363636362,1.2121212121212122,8.499999999999998,0.0,1.2121212121212122
Saanich Peninsula Hospital Residential Care,9A6B8,Vancouver Island Health,HA,2166 Mt Newton X Rd,Saanichton,V8M2B2,Hospital Act,Accredited,143,,87.0,71.6,69.3,1.1,751.0,15.1,42.7,34.1,62.8,0.9,2.9,45.3,0.6,19.0,77.6,33.8,46.4,12.5,7.3,1.0,48.596018,-123.40711499999999,0.0,0.0,0,1,1,1,1,1,0,0.0,0.0,0.0,0.0,0.0
Selkirk Seniors Village,93570,Vancouver Island Health,PFP,385 Waterfront Crescent,Victoria,V8T5K7,Community Care & Assisted Living Act,Accredited,217,0.0,84.0,58.4,61.1,5.2,851.0,14.2,21.2,25.7,44.0,12.3,3.0,40.6,0.56,0.1,0.1,0.0,48.7,32.9,14.1,12.0,48.441914,-123.37798,0.0,0.0,0,1,0,1,1,1,1,2.7649769585253456,1.3824884792626728,19.700000000000003,0.0,5.0691244239631335
Shorncliffe,9AHA5,Vancouver Coastal Health,HA,5847 Medusa Street,Sechelt,V0N3A0,Community Care & Assisted Living Act,Accredited,59,0.0,83.0,59.6,52.8,2.0,782.0,15.1,30.1,42.9,67.6,3.7,2.7,46.6,0.53,0.0,5.9,2.7,41.1,36.9,6.5,2.0,49.474191,-123.765,0.0,0.0,0,0,0,0,1,1,0,0.0,0.0,3.4,1.694915254237288,15.254237288135592
Sidney Care Home,9BHDB,Vancouver Island Health,PFP,9888 Fifth St.,Sidney,V8L2X3,Community Care & Assisted Living Act,Unknown,54,0.0,87.0,79.0,72.4,2.5,797.0,24.1,26.8,34.4,58.5,2.2,1.3,86.6,0.57,0.4,0.0,0.0,51.8,6.0,1.1,1.0,48.6512125,-123.4010229,0.0,0.0,0,1,0,1,0,1,0,0.0,0.0,14.9,0.0,0.0
Silver Kettle Village,93CIA,Interior Health,PFP,2350 72nd Avenue,Grand Forks,V0H1H4,Community Care & Assisted Living Act,Unknown,42,0.0,81.0,67.2,45.0,8.3,557.0,12.6,15.5,21.3,63.8,0.6,3.4,29.3,0.51,5.2,58.6,1.7,48.3,25.5,1.6,1.0,49.0246317,-118.4649688,0.0,0.0,0,0,0,0,1,1,1,0.0,0.0,7.199999999999999,2.380952380952381,7.142857142857142
Simon Fraser Lodge,9B65F,Northern Health,PFP,2410 Laurier Cres.,Prince George,V2M2B3,Hospital Act,Accredited,130,1.5,82.0,60.7,43.5,5.6,,22.5,18.1,30.8,65.4,16.5,2.9,44.0,0.52,0.0,1.6,0.0,50.0,27.4,8.9,1.0,53.9153784,-122.7642509,0.0,0.0,0,0,0,0,1,1,0,,,6.2,0.0,5.384615384615385
Simon K.Y. Lee Seniors Care Home,926I0,Vancouver Coastal Health,PNP,555 Carrall Street,Vancouver,V6B2J8,Community Care & Assisted Living Act,Unknown,114,0.0,88.0,70.8,72.9,2.5,,18.0,36.7,22.8,67.2,10.4,3.1,37.0,0.55,16.7,0.2,0.7,33.0,20.8,6.5,6.0,49.2814788,-123.1043333,0.0,0.0,0,1,0,1,1,1,1,1.7543859649122806,0.8771929824561403,8.9,0.0,2.631578947368421
Slocan Community Health Centre - The Pavillion,98G52,Interior Health,HA,401 Galena Ave,New Denver,V0G1S0,Community Care & Assisted Living Act,Accredited,28,0.0,87.0,64.1,62.7,2.6,510.0,15.7,25.9,10.2,64.8,2.8,4.1,25.0,0.55,31.5,0.0,10.2,49.1,15.7,0.0,1.0,49.9843977,-117.3754623,0.0,0.0,0,1,0,1,1,1,0,0.0,0.0,10.7,0.0,10.714285714285714
Sluggett House,9373A,Vancouver Island Health,PNP,1336 Marchant Rd.,Brentwood Bay,V8M1G5,Community Care & Assisted Living Act,Accredited,16,0.0,83.0,54.9,60.6,2.8,519.0,6.2,0.0,7.7,89.2,1.5,3.4,27.7,0.46,0.0,0.0,0.0,30.8,9.9,0.0,2.0,48.572695,-123.44301000000002,0.0,0.0,0,0,0,0,1,1,0,0.0,0.0,37.6,0.0,0.0
Spring Valley Seniors Community,990F2,Interior Health,PFP,355 Terai Court,Kelowna,V1X5X6,Community Care & Assisted Living Act,Unknown,151,0.7,86.0,61.5,62.7,4.6,675.0,24.2,21.7,22.1,69.5,10.9,2.9,42.2,0.56,0.3,27.2,10.4,43.3,23.4,3.8,3.0,49.8855029,-119.416278,0.0,0.0,0,1,0,1,1,1,1,1.9867549668874174,0.6622516556291391,25.1,0.6622516556291391,5.298013245033113
St. Jude's Anglican Home,999GE,Vancouver Coastal Health,PNP,810 West 27th Avenue,Vancouver,V5Z2G7,Community Care & Assisted Living Act,Not Accredited,55,1.8,85.0,83.1,62.9,2.4,638.0,31.3,45.5,42.9,71.0,14.7,2.8,47.8,0.58,0.0,84.4,0.9,47.8,39.5,10.8,3.0,49.2468877,-123.1227326,0.0,0.0,0,1,0,1,1,1,1,0.0,0.0,7.3,0.0,5.454545454545454
St. Michael's Centre,9A9FB,Fraser Health,PNP,7451 Sussex Avenue,Burnaby,V5J5C2,Hospital Act,Not Accredited,144,0.0,84.0,63.5,53.8,3.0,603.0,16.9,41.0,23.5,59.4,7.7,2.0,64.6,0.63,0.8,43.3,18.5,45.6,17.1,15.3,7.0,49.2157228,-123.0052424,0.0,0.0,0,1,1,1,1,1,0,1.3888888888888888,0.0,6.3,0.6944444444444444,2.7777777777777777
St. Vincent's - Brock Fahrni Pavilion,9A587,Vancouver Coastal Health,PNP,4650 Oak St.,Vancouver,V6H4J4,Hospital Act,Accredited,148,0.0,83.0,32.8,55.1,8.9,741.0,25.7,34.5,30.4,53.2,4.9,2.0,68.7,0.59,1.4,0.2,0.7,36.9,16.5,2.7,3.0,49.2432438,-123.12301099560094,0.0,0.0,0,1,1,1,1,0,0,0.0,0.0,4.1,0.0,1.3513513513513513
St. Vincent's - Langara,9C05H,Vancouver Coastal Health,PNP,255 W 62nd Ave,Vancouver,V5X4V4,Hospital Act,Accredited,197,0.5,85.0,75.1,56.0,4.5,,21.2,40.5,37.6,55.7,4.6,2.2,62.0,0.61,12.5,4.3,6.3,31.8,16.2,3.9,2.0,49.2147869,-123.11081877119535,0.0,0.0,0,1,1,1,1,1,0,0.0,0.0,10.1,0.0,1.015228426395939
Stanford Seniors Village,93590,Vancouver Island Health,PFP,250 Craig St,Parksville,V9P0A7,Community Care & Assisted Living Act,Accredited,182,0.5,84.0,55.8,58.1,6.6,786.0,26.9,21.7,22.8,51.3,8.1,3.0,40.2,0.56,12.4,11.3,3.3,51.5,36.2,4.9,15.0,49.316749,-124.31121,0.0,0.0,0,1,0,1,1,1,1,9.89010989010989,4.395604395604396,26.9,0.5494505494505495,2.7472527472527473
Stuart Lake Hospital,928GA,Northern Health,HA,600 Stuart Drive E,Fort St. James,V0J1P0,Hospital Act,Accredited,6,0.0,88.0,65.2,73.9,0.0,,18.8,0.0,37.5,25.0,0.0,3.1,25.0,0.48,0.0,0.0,0.0,12.5,5.5,0.0,1.0,54.44140520000001,-124.242352,0.0,0.0,0,0,0,0,0,0,0,,,0.0,0.0,50.0
Stuart Nechako Manor,997BF,Northern Health,HA,3277 Hospital Road,Vanderhoof,V0J3A2,Community Care & Assisted Living Act,Accredited,53,0.0,79.0,57.1,35.5,14.7,,26.9,24.1,38.6,60.0,13.8,2.7,50.3,0.57,0.7,12.4,2.1,74.5,35.9,6.6,4.0,54.028787,-124.00926,0.0,0.0,0,1,0,1,1,1,0,1.8867924528301887,1.8867924528301887,28.3,0.0,3.7735849056603774
Summerland Seniors Village,92HB0,Interior Health,PFP,12803 Atkinson Road,Summerland,V0H1Z4,Community Care & Assisted Living Act,Accredited,112,2.7,87.0,69.4,72.3,1.3,855.0,13.6,29.3,33.9,88.6,15.4,2.9,38.6,0.56,0.4,56.1,3.6,51.8,40.4,4.0,7.0,49.6000555,-119.6687918,0.0,0.0,0,0,0,0,1,1,1,2.6785714285714284,4.464285714285714,21.499999999999996,0.0,19.642857142857142
Sun Pointe Village,92450,Interior Health,PNP,700 Rutland Road N,Kelowna,V1X7W8,Community Care & Assisted Living Act,Unknown,100,2.0,84.0,69.1,56.2,6.0,984.0,35.9,30.4,45.2,84.7,10.4,2.3,52.1,0.57,0.0,46.8,2.2,61.4,25.7,2.4,0.0,49.8958819,-119.3870785,0.0,0.0,0,0,0,0,1,1,0,0.0,0.0,20.0,0.0,0.0
Suncreek Village,9370A,Fraser Health,PFP,13687 62nd Avenue,Surrey,V3X0B5,Community Care & Assisted Living Act,Unknown,134,0.0,82.0,65.0,50.1,9.8,849.0,20.0,46.2,34.9,59.8,10.3,1.5,75.6,0.59,50.6,55.4,4.4,52.6,35.3,1.4,5.0,49.1156408,-122.8450108,0.0,0.0,0,0,0,0,1,1,1,0.7462686567164178,0.0,13.399999999999999,0.0,0.7462686567164178
Sunnybank Retirement Home,98IDJ,Interior Health,HA,6553 Park Drive,Oliver,V0H1T0,Community Care & Assisted Living Act,Accredited,51,2.0,88.0,58.8,74.6,3.8,565.0,29.0,24.1,17.3,54.9,3.1,2.5,47.5,0.57,22.8,35.2,6.8,34.6,21.0,5.1,1.0,49.18796645,-119.53956620008628,0.0,0.0,0,0,0,0,1,1,0,0.0,0.0,23.5,0.0,3.9215686274509802
Sunridge Place Seniors Community,93580,Vancouver Island Health,PFP,361 Bundock Ave,Duncan,V9L3P1,Community Care & Assisted Living Act,Not Accredited,160,0.6,82.0,60.5,47.2,9.1,,16.0,20.6,25.9,70.9,9.1,2.6,49.5,0.55,1.4,0.3,6.4,61.4,26.2,2.2,5.0,48.7787315,-123.696975,0.0,0.0,0,0,0,0,1,1,0,11.875,5.625,25.0,0.0,6.25
Sunset Lodge,99ICF,Vancouver Island Health,PNP,952 Arm Street,Esquimalt,V9A4G7,Community Care & Assisted Living Act,Accredited,108,0.9,83.0,59.2,52.0,6.4,862.0,28.0,32.0,45.8,65.9,8.9,2.0,63.1,0.55,1.9,1.6,0.7,66.1,43.3,2.4,6.0,48.441883,-123.393387,0.0,0.0,0,0,0,0,1,1,0,9.25925925925926,0.9259259259259258,26.999999999999996,1.8518518518518516,6.481481481481481
Swan Valley Lodge,98F21,Interior Health,HA,818 Vancouver St,Creston,V0B1G4,Hospital Act & Community Care & Assisted Living Act,Accredited,90,0.0,84.0,63.2,49.0,4.7,777.0,18.3,32.2,25.7,71.6,10.7,2.9,43.2,0.56,16.9,1.5,0.0,52.7,23.6,7.6,0.0,49.097877200000006,-116.5163929,0.0,0.0,0,0,0,0,1,1,0,0.0,0.0,12.1,0.0,0.0
Tabor Home,98H94,Fraser Health,PNP,31944 Sunrise Cres,Abbotsford,V2T1N5,Community Care & Assisted Living Act,Unknown,118,0.8,90.0,73.6,76.1,2.8,804.0,17.3,10.2,31.6,76.9,8.2,3.2,38.6,0.57,28.8,15.1,0.0,56.1,33.6,4.9,2.0,49.047016,-122.338899,1.0,1.0,1,1,0,1,1,1,0,1.694915254237288,0.0,11.799999999999999,0.0,0.0
Talarico Place - Castlegar District Community Health Centre,9C0DE,Interior Health,HA,709 10th Street,Castlegar,V1N2H7,Community Care & Assisted Living Act,Accredited,60,1.7,88.0,71.7,72.4,1.6,721.0,24.4,44.9,32.7,57.1,8.8,2.4,48.3,0.6,21.5,0.0,1.0,44.9,6.6,0.0,1.0,49.3144174,-117.6608054,0.0,0.0,0,1,0,1,1,1,0,1.6666666666666667,0.0,13.3,1.6666666666666667,1.6666666666666667
Terraceview Lodge,9AIHF,Northern Health,HA,4707 Kerby Avenue,Terrace,V8G2W2,Community Care & Assisted Living Act,Accredited,99,1.0,81.0,56.2,48.6,12.4,,17.9,25.4,40.3,66.7,12.9,2.3,55.2,0.56,3.0,4.5,4.0,36.3,27.6,10.3,1.0,54.533333,-128.59333999999998,0.0,0.0,0,0,0,0,1,1,0,0.0,0.0,4.0,0.0,3.0303030303030303
The Cascades Care Community,9A599,Fraser Health,PFP,45586 Mcintosh Drive,Chilliwack,V2P7W8,Community Care & Assisted Living Act,Unknown,119,0.0,88.0,66.0,72.3,3.4,710.0,14.8,27.7,29.6,66.6,13.8,2.2,64.2,0.6,0.2,1.9,0.0,59.4,20.0,7.1,1.0,49.1608031,-121.9656901,0.0,0.0,0,1,0,1,1,1,1,0.0,0.0,16.7,0.0,1.680672268907563
The Gardens at Qualicum Beach,9C6H8,Vancouver Island Health,PFP,650 Berwick Road North,Qualicum Beach,V9K2T8,Community Care & Assisted Living Act,Accredited,100,1.0,87.0,68.3,71.3,3.8,925.0,22.7,19.9,27.8,50.9,4.5,3.4,37.8,0.55,3.4,11.4,0.0,44.0,25.3,15.6,6.0,49.348341,-124.43764,0.0,0.0,0,1,0,1,1,1,1,6.0,4.0,21.0,0.0,5.0
The Gateby,9AFCB,Interior Health,HA,3000 Gateby Place,Vernon,V1T8V8,Community Care & Assisted Living Act,Accredited,75,5.3,85.0,66.1,58.2,1.6,607.0,40.9,38.7,24.3,69.6,7.8,2.9,40.0,0.63,15.2,63.9,8.7,51.7,24.2,15.2,1.0,50.2642353,-119.28130149999998,0.0,0.0,0,0,0,0,1,1,0,0.0,0.0,29.4,0.0,1.3333333333333335
The Hamlets at Penticton,93510,Interior Health,PFP,103 Duncan Ave West,Penticton,V2A2Y3,Community Care & Assisted Living Act,Unknown,89,1.1,83.0,62.4,52.6,10.8,,30.3,18.0,18.0,60.7,6.7,3.6,28.1,0.58,0.0,11.2,32.6,42.7,24.2,4.0,4.0,49.4840616,-119.5897419,0.0,0.0,0,1,0,1,1,1,1,5.617977528089887,0.0,13.399999999999999,0.0,1.1235955056179776
The Hamlets at Westsyde,930H0,Interior Health,PFP,3255 Overlander Drive,Kamloops,V2B0A5,Community Care & Assisted Living Act,Unknown,112,1.8,81.0,52.4,52.7,20.0,,32.1,14.2,28.4,47.4,4.7,3.2,31.6,0.57,3.2,0.5,0.0,58.4,38.0,3.8,3.0,50.77082100000001,-120.341961,0.0,0.0,0,0,0,0,1,1,1,4.464285714285714,0.0,18.8,0.0,2.6785714285714284
The Heights at Mount View,93F7A,Vancouver Island Health,PNP,3814 Carey Road,Victoria,V8Z4C4,Community Care & Assisted Living Act,Unknown,260,0.4,83.0,65.2,51.7,5.4,,28.4,29.7,41.3,74.9,12.3,2.7,43.1,0.58,0.8,25.1,0.2,57.2,24.8,0.2,9.0,48.459499,-123.38131,0.0,0.0,0,0,0,0,0,1,0,7.307692307692308,4.230769230769231,40.4,0.7692307692307693,5.76923076923077
The Madison Care Centre,935IA,Fraser Health,PFP,1399 Foster Avenue,Coquitlam,V3J2N1,Hospital Act,Not Accredited,137,0.0,89.0,87.0,79.7,0.0,,25.5,36.1,34.3,68.1,7.5,2.5,51.7,0.55,9.9,6.0,0.5,47.8,16.5,24.6,5.0,49.2568192,-122.89315220000002,0.0,0.0,0,1,0,1,1,1,1,4.37956204379562,0.7299270072992701,5.0,0.0,0.7299270072992701
The Mayfair,9C3GE,Fraser Health,PNP,33433 Marshall Road,Abbotsford,V2S1K8,Community Care & Assisted Living Act,Not Accredited,91,2.2,84.0,68.2,58.5,7.4,838.0,45.2,34.3,32.3,66.5,12.9,2.3,59.7,0.56,5.6,5.2,0.0,59.7,19.7,13.5,3.0,49.03936815,-122.29768336109244,0.0,0.0,0,1,0,1,1,1,1,1.098901098901099,1.098901098901099,17.6,1.098901098901099,2.197802197802198
The Pines,9C373,Northern Health,HA,800 Centre St.,Burns Lake,V0J1E0,Hospital Act,Accredited,36,2.8,87.0,71.2,64.4,2.3,34.0,8.1,19.9,35.3,62.5,12.5,3.0,44.9,0.53,0.0,5.9,22.8,41.2,36.0,7.8,1.0,54.2365817,-125.7600106,0.0,0.0,0,1,0,1,1,1,0,,,2.8,0.0,8.333333333333332
The Priory - Heritage Woods,921JD,Vancouver Island Health,HA,567 Goldstream Ave.,Langford,V9B2W4,Hospital Act,Accredited,75,,85.0,78.0,54.7,2.4,925.0,49.5,13.0,31.7,83.3,6.1,2.8,51.9,0.55,0.0,84.3,15.7,68.6,38.4,1.1,1.0,48.44513565,-123.48827996082501,0.0,0.0,0,0,0,0,1,1,0,1.3333333333333335,0.0,0.0,0.0,1.3333333333333335
The Priory - Hiscock,9A604,Vancouver Island Health,HA,567 Goldstream Ave.,Langford,V9B2W4,Hospital Act,Accredited,75,,83.0,76.8,52.5,6.1,428.0,24.0,45.2,42.3,58.7,9.0,3.1,40.4,0.61,0.0,73.4,73.4,41.7,14.9,1.4,1.0,48.44513565,-123.48827996082501,0.0,0.0,0,1,1,1,1,1,0,1.3333333333333335,0.0,0.0,0.0,0.0
The Residence at Clayton Heights,93CAA,Fraser Health,PFP,18788 71st Avenue,Surrey,V4N6L9,Community Care & Assisted Living Act,Not Accredited,87,0.0,83.0,42.2,47.8,1.7,632.0,20.6,34.1,16.6,72.5,15.2,2.5,53.3,0.57,1.7,22.3,1.1,50.4,28.1,0.5,3.0,49.1317703,-122.7026815,5.0,2.0,1,0,0,0,1,0,0,3.4482758620689653,1.1494252873563218,11.4,0.0,2.2988505747126435
The Residence at Morgan Heights,9375A,Fraser Health,PFP,15955 27th Avenue,Surrey,V3Z3W3,Community Care & Assisted Living Act,Not Accredited,116,0.0,89.0,67.4,78.0,1.4,,14.4,22.7,15.0,74.2,11.0,3.0,41.5,0.56,29.2,65.7,5.9,50.4,29.5,3.1,5.0,49.051178,-122.779875,0.0,0.0,0,1,0,1,0,1,1,3.4482758620689653,0.8620689655172413,2.6,0.0,0.8620689655172413
The Residence in Mission,93F40,Fraser Health,HA,7324 Hurd Street,Mission,V2V3H5,Community Care & Assisted Living Act,Unknown,200,0.5,85.0,62.6,57.7,4.1,869.0,23.9,31.6,31.9,58.0,13.0,2.4,56.2,0.57,4.7,48.0,1.4,52.8,35.1,1.6,7.0,49.135354,-122.330124,0.0,0.0,0,1,0,1,1,1,0,0.5,0.0,13.5,0.5,2.5
The Views - St. Joseph's General Hospital,9A6DD,Vancouver Island Health,PNP,2137 Comox Avenue,Comox,V9M1P2,Hospital Act,Accredited,145,,85.0,75.1,59.0,4.2,624.0,24.0,26.2,18.3,71.7,6.1,3.4,33.7,0.61,6.8,27.9,8.6,60.3,26.9,12.3,1.0,49.67354215,-124.9422815862309,0.0,0.0,0,1,1,1,1,1,0,1.3793103448275863,0.0,0.0,0.0,1.3793103448275863
Three Links Care Centre,9AC12,Vancouver Coastal Health,PNP,2934 East 22nd Ave,Vancouver,V5M2Y4,Community Care & Assisted Living Act,Accredited,90,0.0,84.0,50.8,52.8,7.0,957.0,24.1,40.3,29.7,68.6,8.1,3.7,21.8,0.59,1.7,3.4,7.3,54.6,25.4,1.0,1.0,49.2503144,-123.0429307,0.0,0.0,0,0,0,0,1,1,0,0.0,0.0,17.8,0.0,0.0
Three Links Manor,9AHHB,Interior Health,HA,1449 Kelglen Cres,Kelowna,V1Y8P4,Community Care & Assisted Living Act,Accredited,82,1.2,86.0,65.9,56.1,3.7,810.0,21.9,40.1,35.6,77.8,13.7,1.8,69.9,0.63,6.7,18.8,26.4,42.2,29.2,17.4,1.0,49.883268,-119.4669195,0.0,0.0,0,0,0,0,1,1,0,0.0,0.0,15.9,0.0,1.2195121951219512
Totem Lodge - Sechelt Hospital,9A563,Vancouver Coastal Health,HA,5544 Sunshine Coast Highway,Sechelt,V0N3A0,Hospital Act,Accredited,49,0.0,85.0,67.8,57.6,7.3,683.0,22.6,33.9,31.0,60.1,6.0,2.0,67.3,0.59,4.8,0.0,0.0,49.4,16.0,14.8,1.0,49.50828092664089,-123.89803176719371,0.0,0.0,0,1,1,1,1,1,0,0.0,0.0,2.0,0.0,10.204081632653061
Trillium Lodge,9AD7B,Vancouver Island Health,HA,401 Moilliet St,Parksville,V9P1N3,Hospital Act & Community Care & Assisted Living Act,Accredited,91,0.0,84.0,74.9,58.5,1.0,450.0,23.9,28.7,29.3,59.1,4.2,3.0,38.5,0.56,3.0,11.6,14.0,54.6,31.0,7.1,4.0,49.311376,-124.32514,0.0,0.0,0,1,1,1,1,1,0,2.197802197802198,1.098901098901099,3.3,0.0,3.296703296703297
Trinity Care Centre,9AGF1,Interior Health,HA,75 Green Ave West,Penticton,V2A7N6,Community Care & Assisted Living Act,Accredited,75,2.7,83.0,64.5,49.9,6.1,741.0,11.9,48.1,19.5,54.9,2.4,2.8,43.3,0.56,12.3,0.0,0.3,37.9,27.1,6.3,1.0,49.46314520000001,-119.5894601,0.0,0.0,0,0,0,0,1,1,0,0.0,0.0,4.0,0.0,4.0
Tsawaayuus - Rainbow Gardens,9C2FI,Vancouver Island Health,PNP,6151 Russell Place,Port Alberni,V9Y7W3,Hospital Act,Unknown,30,,80.0,53.6,42.0,12.3,802.0,18.8,26.6,15.6,42.2,3.9,2.9,30.5,0.53,0.0,0.0,0.0,49.2,22.1,0.0,1.0,49.2690022,-124.8462038,0.0,0.0,0,0,0,0,1,0,0,0.0,0.0,0.0,0.0,6.666666666666667
Valhaven Rest Home,98H9F,Fraser Health,PNP,4212 Balmoral St,Abbotsford,V4X1Y5,Community Care & Assisted Living Act,Accredited,26,0.0,91.0,73.7,82.5,1.5,,4.3,27.7,21.3,74.5,10.6,3.8,28.7,0.62,14.9,0.0,0.0,53.2,29.3,5.3,3.0,49.0789671,-122.3857153,9.0,1.0,1,0,0,0,1,1,1,3.8461538461538463,0.0,7.7,0.0,19.230769230769234
Valleyhaven,98HA8,Fraser Health,PFP,45450 Menholm Rd.,Chilliwack,V2P1M2,Community Care & Assisted Living Act,Accredited,91,0.0,87.0,63.5,66.4,3.7,576.0,18.8,19.9,25.7,61.0,9.2,2.4,50.7,0.55,8.5,69.9,0.0,48.2,19.6,6.0,2.0,49.1664458,-121.96614440000002,0.0,0.0,0,1,0,1,1,1,1,3.296703296703297,0.0,19.799999999999997,0.0,2.197802197802198
Veterans Memorial Lodge,916HD,Vancouver Island Health,PNP,4579 Chatterton Way,Saanich,V8X4Y7,Hospital Act,Accredited,225,,89.0,39.3,73.3,2.2,706.0,19.6,26.7,38.3,71.8,7.8,2.7,47.7,0.59,2.8,0.1,1.4,35.8,17.3,2.2,1.0,48.4968,-123.3785,0.0,0.0,0,1,0,1,0,1,0,0.4444444444444444,0.0,0.0,0.0,0.8888888888888888
Victoria Chinatown Care Centre,9AC99,Vancouver Island Health,PNP,555 Herald Street,Victoria,V8W1S5,Community Care & Assisted Living Act,Accredited,31,0.0,85.0,62.0,66.7,0.8,,25.4,23.0,20.5,73.8,4.9,2.9,42.6,0.52,0.8,59.8,7.4,50.0,5.1,0.8,2.0,48.42991129999999,-123.3676465,0.0,0.0,0,1,0,1,1,1,0,3.225806451612903,3.225806451612903,35.5,3.225806451612903,16.129032258064516
Victorian Community Health Centre of Kaslo,98GA3,Interior Health,HA,673A Avenue,Kaslo,V0G1M0,Community Care & Assisted Living Act,Accredited,20,0.0,88.0,70.8,73.6,7.5,,37.8,32.4,17.6,59.5,14.9,3.3,31.1,0.61,40.5,6.8,1.4,70.3,35.3,1.1,1.0,49.91347860000001,-116.9140496,0.0,0.0,0,1,0,1,1,1,0,0.0,0.0,5.0,0.0,25.0
Villa Carital,9198G,Vancouver Coastal Health,PNP,3050 Penticton St,Vancouver,V5M4W2,Community Care & Assisted Living Act,Not Accredited,81,0.0,88.0,81.2,73.5,1.1,,39.3,37.4,45.1,68.7,17.2,2.4,54.3,0.61,14.7,90.5,2.5,69.9,41.9,5.0,2.0,49.2565839,-123.0521465,0.0,0.0,0,1,0,1,1,1,1,1.2345679012345678,0.0,17.3,0.0,0.0
Villa Cathay Care Home,999II,Vancouver Coastal Health,PNP,970 Union Street,Vancouver,V6A3V1,Community Care & Assisted Living Act,Not Accredited,134,0.0,89.0,79.2,77.0,0.6,,16.3,44.8,13.0,50.2,3.7,3.5,33.9,0.53,0.0,0.4,0.2,28.5,15.6,11.4,2.0,49.277208,-123.084,1.0,0.0,1,1,0,1,1,1,1,0.0,0.0,2.2,0.0,0.0
Village at Mill Creek,9911G,Interior Health,PNP,1450 Sutherland Avenue,Kelowna,V1Y5Y5,Hospital Act,Unknown,96,0.0,86.0,62.9,66.1,4.2,,25.2,28.5,23.5,83.4,15.5,2.5,55.1,0.53,3.0,41.6,14.1,37.1,22.0,0.0,0.0,49.8803526,-119.46813059999998,0.0,0.0,0,0,0,0,1,1,1,0.0,0.0,12.5,0.0,0.0
Village at Smith Creek,9C1H6,Interior Health,PNP,2425 Orlin Road,West Kelowna,V4T3C7,Community Care & Assisted Living Act,Unknown,139,2.9,86.0,62.8,61.9,3.5,937.0,31.7,30.2,29.2,69.8,6.0,2.8,40.8,0.56,3.8,29.0,0.0,58.1,24.8,3.0,0.0,49.8433445,-119.6279642,0.0,0.0,0,1,0,1,1,1,1,0.0,0.0,31.6,0.0,0.0
Village by the Station,92CBA,Interior Health,PNP,270 Hastings Avenue,Penticton,V2A2V6,Community Care & Assisted Living Act,Accredited,100,2.0,84.0,70.7,50.2,2.9,646.0,18.2,19.7,26.5,72.2,8.3,2.6,53.5,0.55,14.9,10.6,0.8,34.3,35.6,8.2,1.0,49.4851093,-119.5957646,0.0,0.0,0,1,0,1,1,1,0,1.0,0.0,23.0,0.0,0.0
Waverly Seniors Village,922DF,Fraser Health,PFP,8445 Young Rd,Chilliwack,V2P4P2,Community Care & Assisted Living Act,Accredited,53,3.8,87.0,74.2,77.4,5.0,511.0,31.1,36.1,29.4,73.1,10.1,2.9,32.8,0.6,0.8,62.2,0.0,47.9,27.3,15.5,3.0,49.155593,-121.95191,0.0,0.0,0,1,0,1,1,1,1,1.8867924528301887,1.8867924528301887,11.4,1.8867924528301887,13.20754716981132
West Shore Laylum,9927D,Fraser Health,PFP,4900 Central Ave,Delta,V4K2G7,Community Care & Assisted Living Act,Not Accredited,55,0.0,89.0,76.1,72.9,0.0,304.0,38.6,30.7,29.7,69.3,8.9,1.7,73.3,0.52,29.7,68.3,0.0,49.5,21.5,12.0,0.0,49.0482742,-122.7977542,0.0,0.0,0,1,0,1,1,1,0,0.0,0.0,1.8,0.0,0.0
West Vancouver Care Centre,9B9IG,Vancouver Coastal Health,PFP,1675 27th Street,West Vancouver,V7V4K9,Hospital Act,Unknown,78,0.0,87.0,75.4,70.4,1.8,987.0,26.1,30.7,21.8,60.4,2.5,2.6,52.5,0.58,34.6,3.9,3.2,52.9,27.7,3.2,1.0,49.3404055,-123.18877820000002,0.0,0.0,0,1,1,1,1,1,1,0.0,0.0,10.3,0.0,2.564102564102564
Westhaven,9A642,Vancouver Island Health,HA,3949 Pt. Alberni Hwy,Port Alberni,V9Y4S1,Hospital Act,Accredited,32,,80.0,64.8,40.8,7.2,794.0,18.3,26.6,30.3,44.0,2.8,3.0,45.0,0.55,24.8,20.2,0.9,52.3,14.7,0.0,1.0,49.2665244,-124.7749064,0.0,0.0,0,0,0,0,0,0,0,0.0,0.0,0.0,0.0,0.0
Westview Extended Care - Pentiction Regional Hospital,9A6F7,Interior Health,HA,550 Carmi Ave,Penticton,V2A8P9,Hospital Act,Accredited,102,1.0,86.0,58.8,68.2,4.4,739.0,15.8,31.3,15.5,62.3,4.2,3.2,36.8,0.58,11.3,3.2,10.3,32.6,38.3,6.6,1.0,49.4826229,-119.5763397,0.0,0.0,0,1,1,1,1,1,0,0.0,0.0,6.9,0.9803921568627451,2.941176470588235
Wexford Creek Seniors Community,9358A,Vancouver Island Health,PFP,80 10th Street,Nanaimo,V9R0A8,Community Care & Assisted Living Act,Accredited,110,0.0,85.0,64.7,53.6,3.2,856.0,22.8,16.1,20.3,68.1,13.1,1.4,77.2,0.56,0.0,5.7,0.0,48.3,30.9,7.4,5.0,49.13114,-123.92518799999999,0.0,0.0,0,0,0,0,1,1,0,5.454545454545454,1.8181818181818181,9.100000000000001,0.9090909090909091,10.0
White Rock Seniors Village,993I1,Fraser Health,PFP,1183 Maple Street,White Rock,V8B5K9,Community Care & Assisted Living Act,Accredited,71,1.4,89.0,84.3,71.9,0.0,405.0,26.6,27.0,30.3,79.1,15.6,3.8,21.7,0.57,20.9,61.9,7.4,55.7,26.8,24.8,6.0,49.0236424,-122.7891502,0.0,0.0,0,1,0,1,1,1,1,0.0,0.0,11.3,2.8169014084507045,12.676056338028168
William Rudd House,91828,Fraser Health,HA,95 Blackberry Drive,New Westminster,V3L5S7,Hospital Act,Unknown,12,0.0,46.0,48.5,0.0,93.9,,8.2,34.7,0.0,0.0,0.0,4.5,12.2,0.69,10.2,67.3,10.2,59.2,1.6,19.5,1.0,49.21725645,-122.90105809581377,0.0,0.0,0,0,0,0,1,0,0,0.0,0.0,0.0,0.0,25.0
Williams Lake Seniors Village,92CIA,Interior Health,PFP,1455 Western Avenue,Williams Lake,V2G5N1,Community Care & Assisted Living Act,Accredited,113,0.0,81.0,65.8,47.6,7.5,306.0,12.3,24.8,24.8,66.9,3.7,3.2,36.5,0.55,0.0,10.4,0.0,44.0,29.9,1.8,1.0,52.1520084,-122.1593926,0.0,0.0,0,0,0,0,1,1,0,0.0,0.0,11.600000000000001,0.0,0.8849557522123894
Willingdon Care Centre,9B79H,Fraser Health,PFP,4435 Grange St,Burnaby,V5H1P4,Hospital Act,Unknown,95,1.1,89.0,77.0,72.3,2.0,907.0,19.4,27.8,8.9,61.2,1.0,2.9,44.9,0.56,3.7,26.0,2.4,28.1,9.9,2.4,1.0,49.23233265,-123.00484883141232,0.0,0.0,0,1,1,1,1,0,0,0.0,0.0,12.6,0.0,4.2105263157894735
Willingdon Creek Village,93FB0,Vancouver Coastal Health,HA,4980 Kiwanis Drive,Powell River,V8A5H5,Community Care & Assisted Living Act,Accredited,102,0.0,83.0,64.0,52.0,4.2,664.0,21.3,23.4,32.9,75.3,14.4,2.6,51.2,0.55,0.3,0.3,0.0,60.4,51.0,34.3,1.0,49.849859,-124.519,0.0,0.0,0,0,0,0,1,1,0,0.9803921568627451,0.0,4.9,0.0,3.9215686274509802
Windermere Care Centre,9C2G9,Vancouver Coastal Health,PFP,900 West 12th Avenue,Vancouver,V5Z1N3,Community Care & Assisted Living Act,Not Accredited,210,1.0,87.0,78.2,61.0,0.5,959.0,22.9,26.8,7.0,64.0,2.6,4.6,0.4,0.54,5.8,2.6,0.0,41.8,15.3,4.4,1.0,49.260325,-123.125,14.0,1.0,1,1,0,1,1,1,1,0.0,0.0,13.4,0.0,0.0
Woodgrove Manor,91FGB,Vancouver Island Health,PFP,6304 Metral Drive,Nanaimo,V9T2L8,Community Care & Assisted Living Act,Not Accredited,43,0.0,,,,,,,,,,,,,,,,,,,,2.0,49.229161100000006,-124.04333429999998,0.0,0.0,0,0,0,0,1,1,1,2.3255813953488373,0.0,30.2,0.0,2.3255813953488373
Wrinch Memorial Hospital,9A63B,Northern Health,HA,2510 West Hwy 62,Hazelton,V0J1Y0,Hospital Act,Accredited,10,0.0,88.0,31.4,65.7,0.0,,13.0,17.4,26.1,47.8,17.4,3.1,34.8,0.52,0.0,0.0,0.0,17.4,45.1,18.8,1.0,55.25957560000001,-127.651258,0.0,0.0,0,1,0,1,0,0,0,,,0.0,0.0,80.0
Yaletown House,9B0I5,Vancouver Coastal Health,PNP,1099 Cambie Street,Vancouver,V6B5A8,Community Care & Assisted Living Act,Not Accredited,127,0.0,82.0,51.9,45.9,10.4,,27.6,26.7,40.9,72.6,8.1,4.0,20.7,0.52,10.7,63.7,0.4,48.8,17.3,10.6,4.0,49.275272,-123.119,0.0,0.0,0,0,0,0,1,1,0,0.0,0.0,14.2,0.0,1.574803149606299
Youville Residence,99A15,Vancouver Coastal Health,PNP,4950 Heather Street,Vancouver,V5Z3L9,Community Care & Assisted Living Act,Accredited,42,0.0,79.0,60.0,29.7,8.6,,24.2,31.7,61.5,82.6,20.5,1.2,83.2,0.59,23.0,5.6,18.6,54.7,49.6,5.2,5.0,49.24058,-123.12,0.0,0.0,0,0,0,0,1,1,0,0.0,0.0,9.5,0.0,11.904761904761903
Yucalta Lodge,99EJC,Vancouver Island Health,HA,555 - 2nd Avenue,Campbell River,V9W3V1,Community Care & Assisted Living Act,Accredited,99,0.0,82.0,60.5,45.9,6.1,,37.0,34.6,35.1,76.8,7.3,3.9,27.3,0.59,9.2,0.0,0.8,64.3,32.7,9.6,4.0,50.009873,-125.24531,0.0,0.0,0,0,0,0,1,0,0,12.121212121212121,5.05050505050505,23.2,0.0,2.0202020202020203
Zion Park Manor,99444,Fraser Health,PNP,5939-180th St,Surrey,V3S4L2,Community Care & Assisted Living Act,Not Accredited,99,0.0,85.0,70.6,61.4,1.2,,13.9,23.2,23.2,55.1,8.6,3.0,40.7,0.57,0.5,0.0,2.3,47.0,8.2,2.7,1.0,49.1101454,-122.724215,0.0,0.0,0,0,0,0,1,1,1,0.0,0.0,11.1,0.0,2.0202020202020203
Harmony Court Care Centre,91BCE,Fraser Health,PFP,7195 Canada Way,Burnaby,V5E3R7,Community Care & Assisted Living Act,Unknown,80,0.0,84.6875,78.19375,58.34375,3.15625,782.6875,14.2875,30.3875,28.6375,83.275,8.5,2.63125,51.05,0.515625,1.4875,71.125,0.0,43.18125,16.35625,13.26875,2.0,49.224537,-122.942499,0.0,0.0,0,1,0,1,0,1,0,2.5,0.0,25.5,0.0,0.0
Berkley Care Centre,91GB3,Vancouver Coastal Health,HA,2444 Burr Place,North Vancouver,V7H3A5,Community Care & Assisted Living Act,Accredited,189,0.6,83.61904761904762,59.17936507936508,55.099999999999994,6.963492063492064,,23.35079365079365,47.31269841269842,52.955555555555556,67.36349206349206,12.146031746031747,2.0619047619047617,66.53492063492064,0.5768253968253969,14.984126984126984,64.60952380952381,4.5888888888888895,58.15238095238095,34.49523809523809,27.599999999999998,1.0,49.312278000000006,-123.006,25.0,5.0,1,1,0,1,1,1,0,0.0,0.0,3.4,0.0,2.1164021164021163
Fair Haven - Vancouver,999HG,Vancouver Coastal Health,PNP,2720 East 48th Ave.,Vancouver,V5S1G7,Community Care & Assisted Living Act,Accredited,101,0.0,83.24752475247524,58.59504950495049,50.07821782178217,2.374257425742574,,17.055445544554452,38.82277227722773,39.16435643564356,74.25247524752476,12.842574257425742,2.7306930693069305,47.845544554455444,0.5805940594059406,8.200990099009902,66.1950495049505,3.0039603960396044,51.51287128712872,35.13069306930693,13.159405940594059,3.0,49.225452,-123.0365843,0.0,0.0,0,1,0,1,1,1,0,0.9900990099009901,0.9900990099009901,14.6,0.0,7.920792079207921
