,FACILITY_NAME,Number of dead,HCC_CODE,HLTH_AUTH,STREET_ADDRESS,CITY,POSTAL,PHONE,OPEN_DATE,COUNCIL,ACCRED_STATUS,BEDS_PRIVATE,BEDS_PUBLIC,BEDS_TOTAL,ROOMS_PRIVATE,ROOMS_SEMI,ROOMS_MULTI,COMPLAINTS,SUB_COMPLAINTS,INCIDENT_OUTBREAK,INCIDENT_ABUSE,INCIDENT_FALL,INCIDENT_POISON,INCIDENT_MEDICATION,INCIDENT_WANDERING,INCIDENT_INJURY,INCIDENT_AGGRESSION,INCIDENT_OUTBREAK_100,INCIDENT_ABUSE_100,INCIDENT_FALL_100,INCIDENT_POISON_100,INCIDENT_MEDICATION_100,INCIDENT_WANDERING_100,INCIDENT_INJURY_100,INCIDENT_AGGRESSION_100,AGE,FEMALE,AGE_85_PLUS,AGE_UNDER_65,STAY_LENGTH,DEPRESSION,ADL_DEPENDENT,CPS_SEVERE,DEMENTIA,ABS_PHYS_ABUSIVE,ISE,ISE_LOW,CMI,THERAPY_PT,THERAPY_RT,THERAPY_OT,MEDS_DEPRESSION,MEDS_ANTIPSYCHOTICS,RESTRAINTS,INSPECTIONS,INFRACTIONS,INFRACTIONS_LICENSING,INFRACTIONS_FACILITY,INFRACTIONS_STAFFING,INFRACTIONS_POLICY,INFRACTIONS_CARE,INFRACTIONS_DISEASE,INFRACTIONS_FOOD,INFRACTIONS_MEDICATION,INFRACTIONS_PROGRAM,INFRACTIONS_REPORTING,INFRACTIONS_RIGHTS,INFRACTIONS_OTHER,outbreak_status,residents_council,family_council,accreditation,home_type,years_operating,facility_name,index,source_facility_type,odhf_facility_type,provider,unit,street_no,street_name,postal_code,city,province,source_format_str_address,CSDname,CSDuid,Pruid,latitude,longitude,address,location,point,geo_lat,geo_lon
5,Evergreen House - Lions Gate Hospital,8,9A55C,Vancouver Coastal Health,231 East 15th Street,North Vancouver,V7L2L7,(604) 984-5811,1971,"Resident Council, Family Council",Accredited,0,289,289,22,11,60,0,0,1,0,25,0,0,3,8,1,0.3,0,8.7,0,0,1,2.8,0.3,84,0.637,0.558,0.057,575,0.236,0.364,0.28,0.559,0.056,3,0.391,0.61,0.282,0.146,0.069,0.555,0.286,0.016,3,9,0,3,0,0,3,0,0,2,0,1,0,0,yes,yes,yes,yes,health_authority,49,evergreen house - lions gate hospital,,,,,,,,,,,,,,,49.32097835,-123.0676719,"231 East 15th Street, North Vancouver, British Columbia, Canada","Lions Gate Hospital, 231, East 15th Street, Central Lonsdale, Keith-Lynn, North Vancouver City, Metro Vancouver Regional District, British Columbia, V7M, Canada","(49.320978350000004, -123.06767192461284, 0.0)",49.32097835,-123.0676719
7,Dufferin Care Centre,4,919C4,Fraser Health,1131 Dufferin St,Coquitlam,V3B7X5,(604) 552-1166,,,Accredited,25,128,153,0,0,0,4,1,1,0,23,0,0,1,2,0,0.7,0,15,0,0,0.7,1.3,0,84,0.739,0.536,0.014,601,0.19,0.391,0.498,0.773,0.156,0.9,0.884,0.57,0,0.553,0,0.431,0.273,0.046,3,6,0,2,1,0,2,0,1,0,0,0,0,0,yes,no,no,yes,for-profit,,dufferin care centre,,,,,,,,,,,,,,,49.2791682,-122.8039958,"1131 Dufferin St, Coquitlam, British Columbia, Canada","Dufferin Street, Hoy Creek Housing Coop, Harbour Village, Coquitlam, Metro Vancouver Regional District, British Columbia, V3B 7G5, Canada","(49.2791682, -122.8039958, 0.0)",49.2791682,-122.8039958
8,Baillie House,3,9A6G9,Fraser Health,11666 Laity St,Maple Ridge,V2X7G5,(604) 476-7888,2006,"Resident Council, Family Council",Unknown,0,148,148,116,16,0,3,2,2,1,16,0,0,0,3,0,1.4,0.7,10.8,0,0,0,2,0,86,0.636,0.635,0.041,1537,0.173,0.247,0.201,0.509,0.058,2.8,0.475,0.58,0.131,0.53,0.067,0.382,0.196,0.05,2,2,0,1,1,0,0,0,0,0,0,0,0,0,yes,yes,yes,unknown,health_authority,14,baillie house,428,long term care,Nursing and residential care facilities,Canadian Institute for Health Information,,,,V2X7G5,maple ridge,bc,,Maple Ridge,,59,49.2171373,-122.631898,"11666 Laity St, Maple Ridge, British Columbia, Canada","Laity Street, Haney, Maple Ridge, Metro Vancouver Regional District, British Columbia, V2X 2L1, Canada","(49.2171373, -122.631898, 0.0)",49.2171373,-122.631898
9,Cottage and Worthington Pavilions - MSA Hospital,3,9A6GA,Fraser Health,33457 Cottage Lane,Abbotsford,V2S0B3,(604) 870-7999,,Resident & Family Council (combined),Unknown,0,119,119,11,6,24,3,1,1,0,0,0,0,0,0,0,0.8,0,0,0,0,0,0,0,89,0.656,0.739,0.032,90,0.173,0.388,0.271,0.32,0.058,2.3,0.626,0.58,0.252,0.757,0.012,0.486,0.207,0.078,1,0,0,0,0,0,0,0,0,0,0,0,0,0,yes,yes,yes,unknown,health_authority,,cottage and worthington pavilions - msa hospital,,,,,,,,,,,,,,,49.0411856,-122.2963164,"33457 Cottage Lane, Abbotsford, British Columbia, Canada","Cottage Lane, Mill Lake, Abbotsford, British Columbia, V2S 6B8, Canada","(49.0411856, -122.2963164, 0.0)",49.0411856,-122.2963164
12,New Vista Care Home,1,99C37,Fraser Health,7550 Rosewood Street,Burnaby,V5E3Z3,(604) 521-7764,1975,"Resident Council, Family Council",Accredited,0,236,236,236,0,0,3,1,0,1,27,1,0,7,4,17,0,0.4,11.4,0.4,0,3,1.7,7.2,83,0.625,0.493,0.047,1087,0.144,0.295,0.319,0.729,0.133,2.7,0.488,0.52,0.21,0.376,0,0.524,0.328,0.081,5,16,0,3,4,4,2,0,1,0,0,2,0,0,yes,yes,yes,yes,non-profit,45,new vista care home,,,,,,,,,,,,,,,49.2239438,-122.9454127,"7550 Rosewood Street, Burnaby, British Columbia, Canada","New Vista Care Home, 7550, Rosewood Street, Eastburn, Burnaby, Metro Vancouver Regional District, British Columbia, V5E 0B1, Canada","(49.2239438, -122.94541269093861, 0.0)",49.2239438,-122.9454127
15,Aberdeen Hospital,0,9A616,Vancouver Island Health,1450 Hillside Ave.,Victoria,V8T2B7,(250) 370-5648,1982,Resident & Family Council (combined),Accredited,0,100,100,19,4,25,7,4,,,,,,,,,,,,,,,,,69,0.516,0.217,0.433,844,0.243,0.456,0.16,0.068,0.005,4,0.16,0.77,0.092,0.515,0.451,0.481,0.227,0.039,1,2,0,0,0,0,2,0,0,0,0,0,0,0,no,yes,yes,yes,health_authority,38,aberdeen hospital,,,,,,,,,,,,,,,48.4421967,-123.3432416,"1450 Hillside Ave., Victoria, British Columbia, Canada","Aberdeen Hospital, 1450, Hillside Avenue, Oaklands, Victoria, Capital Regional District, British Columbia, V8T 3B1, Canada","(48.4421967, -123.34324160465658, 0.0)",48.4421967,-123.3432416
20,Arbutus Care Centre,0,9B814,Vancouver Coastal Health,4505 Valley Drive,Vancouver,V6L2L1,(604) 261-4292,1986,"Resident Council, Family Council, Quality Council",Accredited,4,152,156,58,49,0,1,0,1,1,10,0,0,5,0,3,0.6,0.6,6.4,0,0,3.2,0,1.9,86,0.714,0.643,0.04,914,0.153,0.31,0.202,0.619,0.03,1.5,0.793,0.55,0.197,0.002,0.006,0.248,0.228,0.001,7,9,1,1,0,2,2,0,0,1,0,2,3,0,no,yes,yes,yes,for-profit,34,arbutus care centre,,,,,,,,,,,,,,,49.2478819,-123.1579085,"4505 Valley Drive, Vancouver, British Columbia, Canada","Valley Drive, Arbutus Ridge, Vancouver, Metro Vancouver Regional District, British Columbia, V6L","(49.2478819, -123.1579085, 0.0)",49.2478819,-123.1579085
24,Bastion Place,0,9C094,Interior Health,700 11 St. NE,Salmon Arm,V1E4P9,(250) 833-3616,1991,"Resident Council, Family Council",Accredited,0,80,80,69,2,3,0,0,0,2,6,0,0,0,3,1,0,2.5,7.5,0,0,0,3.8,1.3,82,0.676,0.463,0.094,1040,0.301,0.391,0.289,0.538,0.045,3.2,0.425,0.62,0.184,0.004,0.041,0.553,0.239,0.107,0,0,0,0,0,0,0,0,0,0,0,0,0,0,no,yes,yes,yes,health_authority,29,bastion place,442,long term care,Nursing and residential care facilities,Canadian Institute for Health Information,,,,V1E2S5,salmon arm,bc,,Salmon Arm,,59,50.7378252,-119.2720293,"700 11 St. NE, Salmon Arm, British Columbia, Canada","11 Street Northeast, Canoe, Salmon Arm, Columbia-Shuswap Regional District, British Columbia, V1E 2G3, Canada","(50.7378252, -119.2720293, 0.0)",50.7378252,-119.2720293
28,Belvedere Care Centre,0,9BG96,Fraser Health,739 Alderson Avenue,Coquitlam,V3K7B3,(604) 939-5991,2006,"Resident Council, Family Council",Unknown,67,56,123,146,2,0,5,1,0,1,7,0,0,0,3,0,0,0.8,5.7,0,0,0,2.4,0,88,0.757,0.696,0.004,660,0.224,0.333,0.294,0.625,0.088,3.9,0.265,0.58,0.081,0.75,0.009,0.458,0.121,0.033,4,2,0,0,0,0,1,1,0,0,0,0,0,0,no,yes,yes,unknown,for-profit,14,belvedere care centre,,,,,,,,,,,,,,,49.24008325,-122.8785698,"739 Alderson Avenue, Coquitlam, British Columbia, Canada","Belvedere Care Centre, 739, Alderson Avenue, Maillardville, Coquitlam, Metro Vancouver Regional District, British Columbia, V3K 7B3, Canada","(49.24008325, -122.8785698229799, 0.0)",49.24008325,-122.8785698
29,Berkley Care Centre - Special Unit,0,93A60,Vancouver Coastal Health,2444 Burr Place,North Vancouver,V7H3A5,(604) 924-8300,1998,"Resident Council, Family Council",Accredited,0,12,12,12,0,0,,,,,,,,,,,,,,,,,,,78,0.397,0.138,0.138,317,0.3,0.18,0.7,0.86,0.32,1.5,0.7,0.53,0,0.5,0,0.84,0.713,0.217,,,,,,,,,,,,,,,no,yes,yes,yes,health_authority,22,berkley care centre - special unit,,,,,,,,,,,,,,,49.1415955,-122.9054267,"2444 Burr Place, North Vancouver, British Columbia, Canada","Burr Place, North Delta, Delta, Metro Vancouver Regional District, British Columbia, V4E 1V4, Canada","(49.1415955, -122.9054267, 0.0)",49.1415955,-122.9054267
33,Braddan Private Hospital,0,91997,Vancouver Coastal Health,2450 West 2nd Ave,Vancouver,V6K1J6,(604) 731-2127,1979,"Resident Council, Family Council",Not Accredited,2,60,62,22,20,0,0,0,0,1,3,0,1,2,0,0,0,1.6,4.8,0,1.6,3.2,0,0,85,0.787,0.636,0.016,1111,0.133,0.261,0.178,0.544,0.033,2.1,0.61,0.54,0,0.718,0,0.369,0.08,0.147,2,0,0,0,0,0,0,0,0,0,0,0,0,0,no,yes,yes,no,for-profit,41,braddan private hospital,,,,,,,,,,,,,,,49.2697848,-123.1610417,"2450 West 2nd Ave, Vancouver, British Columbia, Canada","Braddan Private Hospital, 2450, West 2nd Avenue, Kitsilano, Vancouver, Metro Vancouver Regional District, British Columbia, V6K, Canada","(49.2697848, -123.1610416529879, 0.0)",49.2697848,-123.1610417
34,Bradley Center,0,9A6JG,Fraser Health,45600 Menholm Rd,Chilliwack,V2P1P7,(604) 795-4102,,Resident Council,Unknown,0,90,90,8,1,20,0,0,0,0,1,0,0,0,0,0,0,0,1.1,0,0,0,0,0,87,0.693,0.695,0.052,648,0.19,0.252,0.197,0.48,0.041,2.7,0.469,0.59,0.003,0.418,0.007,0.514,0.254,0.09,1,5,0,0,1,1,1,1,0,1,0,0,0,0,no,yes,no,unknown,health_authority,,bradley center,,,,,,,,,,,,,,,49.16730645,-121.9648572,"45600 Menholm Rd, Chilliwack, British Columbia, Canada","Chilliwack General Hospital, 45600, Menholm Road, Five Corners, Chilliwack, British Columbia, V2P 2N6, Canada","(49.16730645, -121.96485716719084, 0.0)",49.16730645,-121.9648572
39,Brookhaven Care Centre,0,917I9,Interior Health,1775 Shannon Lake Rd,West Kelowna,V4T2N7,(250) 862-4040,1995,"Resident Council, Family Council",Accredited,0,84,84,0,0,0,0,0,1,1,16,0,0,0,3,2,1.2,1.2,19,0,0,0,3.6,2.4,83,0.566,0.552,0.079,645,0.28,0.36,0.325,0.728,0.102,2.5,0.548,0.59,0.081,0.675,0.516,0.637,0.268,0,0,0,0,0,0,0,0,0,0,0,0,0,0,0,no,yes,yes,yes,health_authority,25,brookhaven care centre,510,long term care,Nursing and residential care facilities,Canadian Institute for Health Information,,,,V4T2N7,westbank,bc,,,,59,49.8648276,-119.5896005,"1775 Shannon Lake Rd, West Kelowna, British Columbia, Canada","1775, Shannon Lake Road, Shannon Lake, West Kelowna, Regional District of Central Okanagan, British Columbia, V1Z 1L9, Canada","(49.8648276, -119.5896005, 0.0)",49.8648276,-119.5896005
41,Buchanan Lodge,0,9A500,Fraser Health,409 Blair Ave,New Westminster,V3L4A4,(604) 522-7033,1997,"Resident Council, Family Council",Unknown,0,112,112,104,4,0,1,0,3,2,10,0,0,2,1,1,2.7,1.8,8.9,0,0,1.8,0.9,0.9,86,0.692,0.6,0.033,1386,0.137,0.399,0.267,0.67,0.084,2.2,0.62,0.57,0.084,0.023,0.002,0.396,0.194,0.126,3,3,0,1,1,0,0,1,0,0,0,0,0,0,no,yes,yes,unknown,non-profit,23,buchanan lodge,,,,,,,,,,,,,,,49.22877315,-122.8980863,"409 Blair Ave, New Westminster, British Columbia, Canada","Buchanan Lodge, 409, Blair Avenue, Victory Heights, Sapperton, New Westminster, Metro Vancouver Regional District, British Columbia, V3L 4C9, Canada","(49.228773149999995, -122.89808629846814, 0.0)",49.22877315,-122.8980863
43,Cairnsmore Place,0,9A5F3,Vancouver Island Health,250 Cairnsmore Street,Duncan,V9L4H2,(250) 709-3080,1965,Resident & Family Council (combined),Accredited,0,100,100,8,4,21,2,0,,,,,,,,,,,,,,,,,83,0.683,0.494,0.058,752,0.27,0.33,0.187,0.57,0.017,3.7,0.293,0.64,0.633,0,0.41,0.563,0.181,0.055,1,1,0,0,0,0,1,0,0,0,0,0,0,0,no,yes,yes,yes,health_authority,55,cairnsmore place,533,long term care,Nursing and residential care facilities,Canadian Institute for Health Information,,,,V9L4H2,duncan,bc,,Duncan,,59,48.7854979,-123.7106333,"250 Cairnsmore Street, Duncan, British Columbia, Canada","Cairnsmore Street, Duncan, Cowichan Valley Regional District, British Columbia, V9L 1V2, Canada","(48.7854979, -123.7106333, 0.0)",48.7854979,-123.7106333
48,Cartier House Seniors Community,0,992EJ,Fraser Health,1419 Cartier St,Coquitlam,V3K2C6,(604) 939-4654,1974,"Resident Council, Family Council",Unknown,0,78,78,30,24,0,1,1,2,1,8,0,0,0,0,0,2.6,1.3,10.3,0,0,0,0,0,88,0.831,0.688,0.016,346,0.402,0.248,0.267,0.743,0.106,2.6,0.511,0.59,0.042,0.273,0.006,0.492,0.237,0.083,2,5,0,1,3,1,0,0,0,0,0,0,0,0,no,yes,yes,unknown,for-profit,46,cartier house seniors community,,,,,,,,,,,,,,,49.28317715,-122.787349,"1419 Cartier St, Coquitlam, British Columbia, Canada","The Cartier, 1189, Eastwood Street, Hoy Creek Housing Coop, River Springs, Coquitlam, Metro Vancouver Regional District, British Columbia, V3B 7W7, Canada","(49.28317715, -122.78734899022074, 0.0)",49.28317715,-122.787349
58,Columbia House - Invermere District Hospital,0,915C7,Interior Health,1030 - 10th Street,Invermere,V0A1K0,(250) 342-2329,1994,"Resident Council, Family Council",Accredited,0,35,35,35,0,0,0,0,0,0,1,0,0,0,0,1,0,0,2.9,0,0,0,0,2.9,84,0.619,0.589,0.089,1116,0.231,0.214,0.205,0.675,0.043,2.8,0.462,0.56,0.325,0.709,0.043,0.137,0.057,0.237,0,0,0,0,0,0,0,0,0,0,0,0,0,0,no,yes,yes,yes,health_authority,26,columbia house - invermere district hospital,,,,,,,,,,,,,,,50.5060821,-116.0328794,"1030 - 10th Street, Invermere, British Columbia, Canada","Canadian Red Cross, 1030, 10th Street, Invermere, Regional District of East Kootenay, British Columbia, V0A 1K0, Canada","(50.5060821, -116.0328794, 0.0)",50.5060821,-116.0328794
63,Cottonwoods Care Centre,0,9A6EF,Interior Health,2255 Ethel Street,Kelowna,V1Y2Z9,(250) 862-4100,1976,Resident & Family Council (combined),Accredited,0,221,221,34,29,33,0,0,4,3,22,0,1,41,11,0,1.8,1.4,10,0,0.5,18.6,5,0,85,0.662,0.64,0.063,668,0.281,0.311,0.301,0.607,0.067,2.9,0.387,0.61,0.06,0.366,0.254,0.392,0.258,0.043,1,5,0,1,0,1,2,1,0,0,0,0,0,0,no,yes,yes,yes,health_authority,44,cottonwoods care centre,656,long term care,Nursing and residential care facilities,Canadian Institute for Health Information,,,,V1Y2Z9,kelowna,bc,,Kelowna,,59,49.8729257,-119.482555,"2255 Ethel Street, Kelowna, British Columbia, Canada","2255, Ethel Street, North Kelowna, Kelowna, Regional District of Central Okanagan, British Columbia, V1Y 5C1, Canada","(49.8729257, -119.482555, 0.0)",49.8729257,-119.482555
66,Crest View Village,0,92DG0,Interior Health,800 Cavell Street,Creston,V0B1G4,(250) 428-9986,2005,"Resident Council, Family Council",Accredited,2,30,32,32,0,0,0,0,1,1,1,0,0,0,1,0,3.1,3.1,3.1,0,0,0,3.1,0,88,0.631,0.78,0,534,0.333,0.289,0.119,0.667,0.044,2.9,0.393,0.56,0.007,0.022,0.007,0.378,0.233,0.108,0,0,0,0,0,0,0,0,0,0,0,0,0,0,no,yes,yes,yes,for-profit,15,crest view village,,,,,,,,,,,,,,,49.1042985,-116.5148918,"800 Cavell Street, Creston, British Columbia, Canada","800, Cavell Street, Creston Valley Mall, Creston, Regional District of Central Kootenay, British Columbia, V1B 1G0, Canada","(49.1042985, -116.5148918, 0.0)",49.1042985,-116.5148918
67,Cumberland Lodge,0,995I0,Vancouver Island Health,2696 Windermere Ave,Cumberland,V0R1S0,(250) 331-8505 x 68321,1977,Resident Council,Accredited,0,66,66,40,13,0,1,0,0,0,0,0,0,0,0,0,0,0,0,0,0,0,0,0,87,0.708,0.629,0.021,730,0.31,0.295,0.179,0.664,0.067,4.2,0.168,0.57,0.269,0.377,0.022,0.563,0.269,0.113,3,2,0,0,0,1,1,0,0,0,0,0,0,0,no,yes,no,yes,health_authority,43,cumberland lodge,,,,,,,,,,,,,,,49.62206725,-125.0310259,"2696 Windermere Ave, Cumberland, British Columbia, Canada","Cumberland Health Centre, 2696, Windermere Avenue, Cumberland, Comox Valley Regional District, British Columbia, V0R 1S0, Canada","(49.62206725, -125.031025868366, 0.0)",49.62206725,-125.0310259
71,Delta View Habilitation Centre,0,9C280,Fraser Health,9341 Burns Drive,Delta,V4K3N3,(604) 596-8842,1991,"Resident Council, Family Council",Accredited,9,71,80,72,4,0,0,0,0,0,4,0,0,1,0,0,0,0,5,0,0,1.3,0,0,79,0.667,0.333,0,,0,0,0,0,0,,0,,0,0,0,0,0,0,1,0,0,0,0,0,0,0,0,0,0,0,0,0,no,yes,yes,yes,for-profit,29,delta view habilitation centre,,,,,,,,,,,,,,,49.0922042,-122.9650473,"9341 Burns Drive, Delta, British Columbia, Canada","9341, Burns Drive, Delta, Metro Vancouver Regional District, British Columbia, V4K 3N3, Canada","(49.0922042, -122.96504725675072, 0.0)",49.0922042,-122.9650473
72,Delta View Life Enrichment Centre,0,9940H,Fraser Health,9321 Burns Drive,Delta,V4K3N3,(604) 501-6700,2004,"Resident Council, Family Council",Accredited,62,150,212,172,20,0,0,0,0,0,13,0,0,0,1,0,0,0,6.1,0,0,0,0.5,0,85,0.662,0.55,0.028,942,0.264,0.397,0.484,0.739,0.187,1.9,0.696,0.61,0.382,0,0,0.47,0.159,0.003,1,0,0,0,0,0,0,0,0,0,0,0,0,0,no,yes,yes,yes,for-profit,16,delta view life enrichment centre,,,,,,,,,,,,,,,49.09130415,-122.964866,"9321 Burns Drive, Delta, British Columbia, Canada","Delta View Life Enrichment Centre, 9321, Burns Drive, Delta, Metro Vancouver Regional District, British Columbia, V4K 3N3, Canada","(49.09130415, -122.96486604215154, 0.0)",49.09130415,-122.964866
73,Deni House,0,93B40,Interior Health,517 6th Ave N.,Williams Lake,V2G2G8,(250) 302-3208,2011,Resident Council (family can attend),Accredited,0,28,28,13,0,5,0,0,0,1,8,0,0,2,0,0,0,3.6,28.6,0,0,7.1,0,0,80,0.433,0.484,0.178,381,0.234,0.299,0.39,0.61,0.052,3.7,0.273,0.58,0,0.247,0,0.519,0.41,0.088,1,1,0,1,0,0,0,0,0,0,0,0,0,0,no,yes,no,yes,health_authority,9,deni house,697,long term care,Nursing and residential care facilities,Canadian Institute for Health Information,,,,V2G2G8,williams lake,bc,,Williams Lake,,59,52.1378197,-122.1436286,"517 6th Ave N., Williams Lake, British Columbia, Canada","Canadian Red Cross Williams Lake Office, 517, 6th Avenue North, Williams Lake, Cariboo Regional District, British Columbia, V2G 2G8, Canada","(52.1378197, -122.1436286, 0.0)",52.1378197,-122.1436286
74,Discovery Harbour Seniors Community,0,9353A,Vancouver Island Health,850 14th Avenue,Campbell River,V9W4H4,(250) 287-7166,2008,"Resident Council, Family Council",Unknown,0,142,142,90,4,0,16,9,1,9,21,0,1,6,0,7,0.7,6.3,14.8,0,0.7,4.2,0,4.9,84,0.576,0.564,0.025,912,0.268,0.22,0.313,0.739,0.097,1.2,0.815,0.62,0.006,0,0.002,0.588,0.282,0.099,5,6,0,0,0,1,0,0,0,0,0,5,0,0,no,yes,yes,unknown,for-profit,12,discovery harbour seniors community,,,,,,,,,,,,,,,50.0293746,-125.2748504,"850 14th Avenue, Campbell River, British Columbia, Canada","14th Avenue, Campbell River, Strathcona Regional District, British Columbia, V9W 8E8, Canada","(50.0293746, -125.2748504, 0.0)",50.0293746,-125.2748504
76,Dr. Andrew Pavilion - Summerland Health Centre,0,9AJF4,Interior Health,12815 Atkinson Rd.,Summerland,V0H1Z0,(250)  404-8020,1984,"Resident Council, Family Council",Accredited,0,50,50,4,5,8,0,0,1,1,1,0,0,0,0,0,2,2,2,0,0,0,0,0,89,0.755,0.767,0.004,619,0.223,0.451,0.187,0.715,0.01,2.2,0.601,0.58,0,0,0,0.347,0.237,0.067,0,1,0,1,0,0,0,0,0,0,0,0,0,0,no,yes,yes,yes,health_authority,36,dr. andrew pavilion - summerland health centre,,,,,,,,,,,,,,,49.6027035,-119.6679222,"12815 Atkinson Rd., Summerland, British Columbia, Canada","12815, Atkinson Road, Summerland, Regional District of Okanagan-Similkameen, British Columbia, V0H 1Z0, Canada","(49.6027035, -119.6679222, 0.0)",49.6027035,-119.6679222
78,Dufferin Place,0,9A6D2,Vancouver Island Health,1200 Dufferin Crescent,Nanaimo,V9S2B7,(250) 755-7632,1987,"Resident Council, Family Council",Accredited,0,146,146,14,8,29,1,0,,,,,,,,,,,,,,,,,84,0.745,0.555,0.044,463,0.374,0.264,0.227,0.446,0.025,3.8,0.264,0.58,0.444,0,0.301,0.542,0.061,0.02,1,1,0,0,0,0,1,0,0,0,0,0,0,0,no,yes,yes,yes,health_authority,33,dufferin place,717,long term care,Nursing and residential care facilities,Canadian Institute for Health Information,,,,V9S2B7,nanaimo,bc,,Nanaimo,,59,49.1848743,-123.9698453,"1200 Dufferin Crescent, Nanaimo, British Columbia, Canada","Nanaimo Regional General Hospital, 1200, Dufferin Crescent, Brechin Hill, Nanaimo, Regional District of Nanaimo, British Columbia, V9S 2B7, Canada","(49.184874300000004, -123.96984534779168, 0.0)",49.1848743,-123.9698453
80,Eagle Park Health Care Facility,0,9154A,Vancouver Island Health,777 Jones St,Qualicum Beach,V9K2L1,(250) 947-8220,1994,"Resident Council, Family Council",Accredited,0,75,75,55,20,0,1,0,,,,,,,,,,,,,,,,,83,0.626,0.512,0.055,463,0.274,0.267,0.358,0.761,0.046,3.7,0.284,0.58,0.007,0.004,0.712,0.572,0.534,0.109,1,4,0,1,0,0,1,1,0,1,0,0,0,0,no,yes,yes,yes,health_authority,26,eagle park health care facility,,,,,,,,,,,,,,,49.3409296,-124.4492447,"777 Jones St, Qualicum Beach, British Columbia, Canada","Jones Street, Qualicum Beach, Regional District of Nanaimo, British Columbia, V9K 1S4, Canada","(49.3409296, -124.4492447, 0.0)",49.3409296,-124.4492447
81,Eagle Ridge Manor - Port Hardy,0,923C0,Vancouver Island Health,9120 Granville Street,Port Hardy,V0N2P0,(250) 902-6043,2000,"Resident Council, Family Council",Accredited,0,22,22,22,0,0,0,0,,,,,,,,,,,,,,,,,83,0.585,0.468,0.043,1126,0.11,0.195,0.293,0.744,0.085,2.9,0.402,0.56,0.012,0.012,0,0.5,0.304,0.143,1,3,0,0,1,0,1,0,0,0,0,1,0,0,no,yes,yes,yes,health_authority,20,eagle ridge manor - port hardy,,,,,,,,,,,,,,,50.71997325,-127.5028513,"9120 Granville Street, Port Hardy, British Columbia, Canada","Port Hardy Hospital, 9120, Granville Street, Port Hardy, Regional District of Mount Waddington, British Columbia, V0N 2V0, Canada","(50.71997325, -127.50285126402541, 0.0)",50.71997325,-127.5028513
82,Eagle Ridge Manor - Port Moody,0,9C6EC,Fraser Health,475 Guildford Way,Port Moody,V3H3W9,(604) 469-3211,,Resident & Family Council (combined),Unknown,0,75,75,39,18,0,1,1,0,0,0,0,0,0,0,0,0,0,0,0,0,0,0,0,86,0.557,0.611,0.03,1103,0.316,0.525,0.338,0.487,0.019,3.6,0.3,0.63,0.262,0.574,0.076,0.418,0.14,0.074,0,0,0,0,0,0,0,0,0,0,0,0,0,0,no,yes,yes,unknown,health_authority,,eagle ridge manor - port moody,,,,,,,,,,,,,,,49.28553745,-122.8236997,"475 Guildford Way, Port Moody, British Columbia, Canada","Eagle Ridge Hospital, 475, Guildford Way, Eagle Ridge, Port Moody, Metro Vancouver Regional District, British Columbia, V3H 3W9, Canada","(49.28553745, -122.82369973641946, 0.0)",49.28553745,-122.8236997
83,Echo Village,0,9C2F7,Vancouver Island Health,4200 10th Avenue,Port Alberni,V9Y4X3,(250) 724-1090,1992,Resident Council,Accredited,2,65,67,67,0,0,2,0,,,,,,,,,,,,,,,,,83,0.612,0.527,0.078,443,0.154,0.391,0.263,0.624,0.03,3.8,0.216,0.59,0,0,0,0.541,0.292,0,1,2,0,0,1,0,1,0,0,0,0,0,0,0,no,yes,no,yes,non-profit,28,echo village,,,,,,,,,,,,,,,49.2367453,-124.7978368,"4200 10th Avenue, Port Alberni, British Columbia, Canada","10th Avenue, Cameron Heights, Alberni, Port Alberni, Alberni-Clayoquot Regional District, British Columbia, V9Y 2K5, Canada","(49.2367453, -124.7978368, 0.0)",49.2367453,-124.7978368
85,Elim Village - The Harrison / Harrison West,0,9371A,Fraser Health,9025 160 Street,Surrey,V4N2X7,(604) 587-8999,2009 / 2016,"Resident Council, Family Council",Accredited,18,176,194,181,6,0,2,0,4,1,17,0,0,1,1,0,2.1,0.5,8.8,0,0,0.5,0.5,0,87,0.675,0.672,0.021,772,0.229,0.368,0.235,0.632,0.118,2.8,0.465,0.61,0.007,0.064,0,0.426,0.242,0.042,6,0,0,0,0,0,0,0,0,0,0,0,0,0,no,yes,yes,yes,non-profit,,elim village - the harrison / harrison west,,,,,,,,,,,,,,,49.167023,-122.7815006,"9025 160 Street, Surrey, British Columbia, Canada","Rexall, 9025, 160 Street, Fleetwood, Surrey, Metro Vancouver Regional District, British Columbia, V4N 3A5, Canada","(49.167023, -122.7815006, 0.0)",49.167023,-122.7815006
86,Evergreen - The Terraces / The Pointe,0,99420,Fraser Health,1550 Oxford St,White Rock,V4B3R5,(604) 536-3344,1996,"Resident Council, Family Council",Accredited,3,249,252,252,0,0,4,1,6,2,31,0,0,2,3,2,2.4,0.8,12.3,0,0,0.8,1.2,0.8,87,0.651,0.647,0.012,861,0.123,0.181,0.212,0.663,0.147,2.5,0.532,0.56,0.003,0,0,0.501,0.339,0.083,12,3,0,0,0,1,1,0,0,0,0,1,0,0,no,yes,yes,yes,non-profit,24,evergreen - the terraces / the pointe,,,,,,,,,,,,,,,49.0264665,-122.8122029,"1550 Oxford St, White Rock, British Columbia, Canada","Oxford Street, Five Corners, West Beach, White Rock, Metro Vancouver Regional District, British Columbia, V4B 3R2, Canada","(49.0264665, -122.8122029, 0.0)",49.0264665,-122.8122029
87,Evergreen Extended Care - Powell River Hospital,0,9A551,Vancouver Coastal Health,4970 Joyce Ave.,Powell River,V8A5P2,(604) 485-2208,1980,"Resident Council, Family Council",Accredited,0,75,75,6,4,15,0,0,1,0,3,0,0,0,0,0,1.3,0,4,0,0,0,0,0,84,0.631,0.611,0.041,777,0.113,0.325,0.274,0.42,0.057,2.2,0.59,0.58,0.019,0.005,0.005,0.509,0.348,0.244,2,4,0,3,0,0,0,0,0,0,0,1,0,0,no,yes,yes,yes,health_authority,40,evergreen extended care - powell river hospital,,,,,,,,,,,,,,,49.8489957,-124.5226255,"4970 Joyce Ave., Powell River, British Columbia, Canada","Joyce Avenue, Powell River, qathet Regional District, British Columbia, V8A 5P4, Canada","(49.8489957, -124.5226255, 0.0)",49.8489957,-124.5226255
89,Fair Haven - Burnaby,0,99C49,Fraser Health,7557 Sussex Ave.,Burnaby,V5J3V6,(604) 435-0525,1994,"Resident Council, Family Council",Accredited,0,100,100,100,0,0,2,1,1,5,12,0,0,0,2,6,1,5,12,0,0,0,2,6,87,0.668,0.637,0.008,1698,0.167,0.438,0.487,0.578,0.114,2.2,0.585,0.57,0.092,0.843,0,0.366,0.254,0.126,3,5,0,1,0,1,0,1,0,0,0,1,1,0,no,yes,yes,yes,non-profit,26,fair haven - burnaby,,,,,,,,,,,,,,,49.21526995,-123.0059057,"7557 Sussex Ave., Burnaby, British Columbia, Canada","Fair Haven United Church Home, 7557, Sussex Avenue, Fairways at Nelson, South Slope, Burnaby, Metro Vancouver Regional District, British Columbia, V5J 5C2, Canada","(49.21526995, -123.00590568055972, 0.0)",49.21526995,-123.0059057
90,Fair Haven - Vancouver,0,999HG,Vancouver Coastal Health,2720 East 48th Ave.,Vancouver,V5S1G7,(604) 433-2939,1979,"Resident Council, Family Council",Accredited,0,82,82,70,6,0,1,1,0,0,9,0,0,2,1,0,0,0,11,0,0,2.4,1.2,0,84,0.658,0.548,0.026,1174,0.192,0.433,0.329,0.716,0.113,2.9,0.454,0.59,0.098,0.677,0.037,0.457,0.258,0.141,3,8,0,1,1,2,4,0,0,0,0,0,0,0,no,yes,yes,yes,non-profit,41,fair haven - vancouver,,,,,,,,,,,,,,,49.225452,-123.0365843,"2720 East 48th Ave., Vancouver, British Columbia, Canada","East 48th Avenue, Killarney, Vancouver, Metro Vancouver Regional District, British Columbia, V5S, Canada","(49.225452, -123.0365843, 0.0)",49.225452,-123.0365843
91,Fair Haven - Vancouver - Special Unit,0,93860,Vancouver Coastal Health,2720 East 48th Ave.,Vancouver,V5S1G7,(604) 433-2939,1979,"Resident Council, Family Council",Accredited,0,19,19,19,0,0,,,,,,,,,,,,,,,,,,,80,0.275,0.297,0.014,273,0.078,0.195,0.662,0.857,0.195,2,0.584,0.54,0.013,0.597,0,0.766,0.754,0.091,,,,,,,,,,,,,,,no,yes,yes,yes,non-profit,41,fair haven - vancouver - special unit,,,,,,,,,,,,,,,49.225452,-123.0365843,"2720 East 48th Ave., Vancouver, British Columbia, Canada","East 48th Avenue, Killarney, Vancouver, Metro Vancouver Regional District, British Columbia, V5S, Canada","(49.225452, -123.0365843, 0.0)",49.225452,-123.0365843
92,Fellburn Care Centre,0,9A575,Fraser Health,6050 Hastings St.,Burnaby,V5B1R6,(604) 412-6503,1964,Resident & Family Council (combined),Accredited,0,81,81,10,16,10,3,0,0,3,0,0,1,0,0,0,0,3.7,0,0,1.2,0,0,0,87,0.668,0.646,0.073,606,0.154,0.43,0.355,0.515,0.14,2.2,0.597,0.65,0.147,0.396,0.044,0.317,0.104,0.024,2,5,0,1,0,1,0,1,0,0,0,2,0,0,no,yes,yes,yes,health_authority,56,fellburn care centre,,,,,,,,,,,,,,,49.2803168,-122.9624341,"6050 Hastings St., Burnaby, British Columbia, Canada","Hastings Street, Westridge, Burnaby, Metro Vancouver Regional District, British Columbia, V5B 1S0, Canada","(49.2803168, -122.9624341, 0.0)",49.2803168,-122.9624341
95,Fischer Place/Mill Site Lodge,0,9B9DF,Interior Health,555 Cedar Ave. South,100 Mile House,V0K2E0,(250) 395-7696,1987,Resident Council,Accredited,0,93,93,93,0,0,0,0,0,0,13,0,0,1,6,0,0,0,14,0,0,1.1,6.5,0,84,0.649,0.531,0.038,761,0.481,0.267,0.267,0.745,0.073,2.8,0.413,0.57,0.003,0.37,0.003,0.604,0.29,0.07,0,0,0,0,0,0,0,0,0,0,0,0,0,0,no,yes,no,yes,health_authority,33,fischer place/mill site lodge,,,,,,,,,,,,,,,51.6444141,-121.2939045,"555 Cedar Ave. South, 100 Mile House, British Columbia, Canada","Cedar Avenue South, 100 Mile House, Cariboo Regional District, British Columbia, V0K 3E0, Canada","(51.6444141, -121.2939045, 0.0)",51.6444141,-121.2939045
97,Forest View Place,0,92960,Interior Health,640 Park Dr.,Clearwater,V0E1N1,(250) 674-2244,2002,"Resident Council, Family Council",Accredited,0,21,21,21,0,0,0,0,0,0,2,0,0,0,0,1,0,0,9.5,0,0,0,0,4.8,90,0.529,0.665,0.024,1317,0.263,0.123,0.14,0.754,0.088,2.7,0.526,0.53,0,0.018,0,0.456,0.352,0.063,0,7,0,0,1,0,3,0,0,0,0,3,0,0,no,yes,yes,yes,health_authority,18,forest view place,795,long term care,Nursing and residential care facilities,Canadian Institute for Health Information,,,,V0E1N0,clearwater,bc,,Clearwater,,59,51.64507195,-120.0177478,"640 Park Dr., Clearwater, British Columbia, Canada","Dr. Helmcken Memorial Hospital, 640, Park Drive, Clearwater, Thompson-Nicola Regional District, British Columbia, V0E 3Z0, Canada","(51.64507195, -120.01774781423934, 0.0)",51.64507195,-120.0177478
98,Fort Langley Seniors Community,0,9ACEC,Fraser Health,8838 Glover Road,Langley,V1M2R4,(604) 888-0711,2008,"Resident Council, Family Council",Unknown,5,91,96,68,14,0,4,1,0,0,10,0,0,0,1,1,0,0,10.4,0,0,0,1,1,90,0.662,0.757,0.004,1120,0.17,0.383,0.316,0.735,0.053,2.6,0.377,0.6,0.254,0.698,0,0.475,0.201,0,10,4,0,1,0,1,1,1,0,0,0,0,0,0,no,yes,yes,unknown,for-profit,12,fort langley seniors community,,,,,,,,,,,,,,,49.1132513,-122.6442649,"8838 Glover Road, Langley, British Columbia, Canada","Glover Road, City of Langley, Metro Vancouver Regional District, British Columbia, V3A 0A3, Canada","(49.1132513, -122.6442649, 0.0)",49.1132513,-122.6442649
99,Fort Nelson Multi Level Unit,0,91552,Northern Health,5315 Liard St,Fort Nelson,V0C1R0,(250) 774-8100,1963,No Councils,Accredited,0,7,7,7,0,0,,,0,0,0,0,0,0,0,0,0,0,0,0,0,0,0,0,78,0.576,0.333,0.03,3872,0.125,0.125,0,0.25,0,3.6,0.25,0.5,0,0,0,0.25,0.085,0.119,1,0,0,0,0,0,0,0,0,0,0,0,0,0,no,no,no,yes,health_authority,57,fort nelson multi level unit,800,long term care,Nursing and residential care facilities,Canadian Institute for Health Information,,,,V0C1R0,fort nelson,bc,,,,59,58.8089455,-122.7049735,"5315 Liard St, Fort Nelson, British Columbia, Canada","Fort Nelson General Hospital, 5315, Liard Street, Fort Nelson, Northern Rockies Regional Municipality, British Columbia, V0C 1R0, Canada","(58.8089455, -122.7049735049242, 0.0)",58.8089455,-122.7049735
101,Fraser Hope Lodge,0,9BJC6,Fraser Health,1275-7th Avenue,Hope,V0X1L4,(604) 860-7706,1991,"Resident Council, Family Council",Unknown,0,50,50,46,2,0,0,0,0,0,3,0,0,0,0,0,0,0,6,0,0,0,0,0,89,0.536,0.7,0.037,,0.346,0.187,0.33,0.67,0.088,3.1,0.473,0.59,0.22,0.67,0.049,0.588,0.225,0.021,1,3,0,0,1,1,0,0,0,0,0,1,0,0,no,yes,yes,unknown,health_authority,29,fraser hope lodge,809,long term care,Nursing and residential care facilities,Canadian Institute for Health Information,,,,V0X1L4,hope,bc,,Hope,,59,49.3773925,-121.4237846,"1275-7th Avenue, Hope, British Columbia, Canada","1275, 7th Avenue, Hope, British Columbia, V0X 1L4, Canada","(49.3773925, -121.42378463532327, 0.0)",49.3773925,-121.4237846
102,Fraserview,0,99BEI,Vancouver Coastal Health,9580 Williams Road,Richmond,V7A1H2,(604) 274-3510,1992,"Resident Council, Family Council",Accredited,0,101,101,33,37,0,0,0,1,0,4,0,0,3,0,0,1,0,4,0,0,3,0,0,90,0.837,0.807,0.002,1181,0.185,0.49,0.19,0.751,0.033,1.9,0.711,0.57,0.018,0.01,0,0.211,0.231,0.031,3,0,0,0,0,0,0,0,0,0,0,0,0,0,no,yes,yes,yes,for-profit,28,fraserview,,,,,,,,,,,,,,,49.1407897,-123.1141556,"9580 Williams Road, Richmond, British Columbia, Canada","Williams Road, Woodward's Landing, Southarm, Richmond, Metro Vancouver Regional District, British Columbia, V7A 1H4, Canada","(49.1407897, -123.1141556, 0.0)",49.1407897,-123.1141556
103,Gateway Lodge Residential Care,0,937I0,Northern Health,1488 20th Ave.,Prince George,V2L0A5,(250) 645-6100,2010,"Resident Council, Family Council",Accredited,0,120,120,120,0,0,1,1,0,0,4,0,1,0,1,0,0,0,3.3,0,0.8,0,0.8,0,80,0.528,0.359,0.12,1406,0.256,0.228,0.268,0.481,0.052,2.8,0.441,0.55,0.006,0.441,0.012,0.622,0.342,0.066,3,1,0,0,0,0,0,0,0,0,0,1,0,0,no,yes,yes,yes,health_authority,10,gateway lodge residential care,,,,,,,,,,,,,,,53.905584,-122.7520213,"1488 20th Ave., Prince George, British Columbia, Canada","1488, 20th Avenue, College Heights, Prince George, Regional District of Fraser-Fort George, British Columbia, V2L 1M1, Canada","(53.905584, -122.7520213, 0.0)",53.905584,-122.7520213
111,Glenwarren Lodge,0,9B7A0,Vancouver Island Health,1230 Balmoral Rd,Victoria,V8T1B3,(250) 383-2323,1967,"Resident Council, Family Council",Accredited,0,104,104,46,20,11,1,0,,,,,,,,,,,,,,,,,86,0.859,0.628,0.029,514,0.253,0.311,0.393,0.704,0.087,3.1,0.347,0.6,0.01,0.108,0,0.542,0.197,0.042,1,2,0,0,1,0,1,0,0,0,0,0,0,0,no,yes,yes,yes,for-profit,53,glenwarren lodge,,,,,,,,,,,,,,,48.4283883,-123.3486649,"1230 Balmoral Rd, Victoria, British Columbia, Canada","1230, Balmoral Road, Fernwood, Victoria, Capital Regional District, British Columbia, V8R 1L6, Canada","(48.4283883, -123.3486649, 0.0)",48.4283883,-123.3486649
113,Gorge Road Hospital,0,93000,Vancouver Island Health,63 Gorge Road East,Victoria,V9A1L2,Arbutus View: (250) 519-3510 / Water View: (250) 519-3514,1953,"Resident Council, Family Council",Accredited,0,111,111,11,4,27,5,0,,,,,,,,,,,,,,,,,83,0.564,0.513,0.081,332,0.256,0.29,0.263,0.535,0.083,3.4,0.362,0.58,0.012,0.677,0.507,0.442,0.251,0.077,1,3,0,0,0,0,1,0,0,0,0,2,0,0,no,yes,yes,yes,health_authority,67,gorge road hospital,866,"active acute hospital, long term care",Hospitals,Canadian Institute for Health Information,,,,V9A1L2,victoria,bc,,Victoria,,59,48.44178385,-123.3881016,"63 Gorge Road East, Victoria, British Columbia, Canada","Gorge Road Hospital, 63, Gorge Road East, Burnside, Victoria, Capital Regional District, British Columbia, V8T 5K3, Canada","(48.44178385, -123.38810164430217, 0.0)",48.44178385,-123.3881016
119,Harmony Court Care Centre  - Special Unit,0,93A2A,Fraser Health,7195 Canada Way,Burnaby,V5E3R7,(604) 527-3300,2011,Family Council,Unknown,0,25,25,25,0,0,,,,,,,,,,,,,,,,,,,84,0.872,0.569,0.046,705,0.136,0,0.01,0.951,0.019,2.7,0.505,0.44,0.019,0.417,0,0.35,0.31,0,,,,,,,,,,,,,,,no,no,yes,unknown,for-profit,9,harmony court care centre  - special unit,,,,,,,,,,,,,,,49.2534087,-122.989119,"7195 Canada Way, Burnaby, British Columbia, Canada","Canada Way, Discovery Park, Burnaby, Metro Vancouver Regional District, British Columbia, V5G 1G1, Canada","(49.2534087, -122.989119, 0.0)",49.2534087,-122.989119
121,Hawthorne Seniors Care Community,0,992JA,Fraser Health,2111 Hawthorne Ave,Port Coquitlam,V3C1W3,(604) 941-4051,,"Resident Council, Family Council",Unknown,0,131,131,115,8,0,0,0,1,0,26,0,0,0,2,0,0.8,0,19.8,0,0,0,1.5,0,82,0.555,0.49,0.066,772,0.122,0.419,0.441,0.537,0.128,2.2,0.656,0.59,0,0.569,0,0.419,0.327,0.022,1,9,0,3,2,1,1,1,0,1,0,0,0,0,no,yes,yes,unknown,non-profit,,hawthorne seniors care community,908,long term care,Nursing and residential care facilities,Canadian Institute for Health Information,,,,V3C1W3,port coquitlam,bc,,Port Coquitlam,,59,49.2570112,-122.7792222,"2111 Hawthorne Ave, Port Coquitlam, British Columbia, Canada","Hawthorne Avenue, Mary Hill, Port Coquitlam, Metro Vancouver Regional District, British Columbia, V3C 3B7, Canada","(49.2570112, -122.7792222, 0.0)",49.2570112,-122.7792222
122,Henry Durand Manor,0,9A7GF,Interior Health,803 9th St South,Golden,V0A1H0,(250) 344-3402,1980,Resident & Family Council (combined),Accredited,0,28,28,28,0,0,0,0,0,0,12,0,0,0,3,1,0,0,42.9,0,0,0,10.7,3.6,85,0.647,0.676,0.063,573,0.294,0.333,0.382,0.735,0.029,2.1,0.598,0.57,0.088,0.382,0,0.569,0.253,0.093,2,10,1,2,1,0,2,0,0,0,1,2,1,0,no,yes,yes,yes,health_authority,40,henry durand manor,,,,,,,,,,,,,,,51.2961409,-116.9734392,"803 9th St South, Golden, British Columbia, Canada","9th Street South, Golden, Columbia-Shuswap Regional District, British Columbia, V0A 1H0, Canada","(51.2961409, -116.9734392, 0.0)",51.2961409,-116.9734392
124,Heritage Village,0,9C5BC,Fraser Health,7525 Topaz Dr,Chilliwack,V2R3C9,(604) 858-1833,1993,Resident & Family Council (combined),Accredited,0,100,100,64,12,3,0,0,2,1,21,0,0,0,3,0,2,1,21,0,0,0,3,0,85,0.544,0.584,0.034,940,0.118,0.31,0.434,0.648,0.127,2.3,0.552,0.57,0.034,0.58,0,0.549,0.273,0.034,2,10,0,1,1,1,3,1,0,0,0,3,0,0,no,yes,yes,yes,health_authority,27,heritage village,919,long term care,Nursing and residential care facilities,Canadian Institute for Health Information,,,,V2R3C9,chilliwack,bc,,Chilliwack,,59,49.1407098,-121.9665418,"7525 Topaz Dr, Chilliwack, British Columbia, Canada","Topaz Drive, Chilliwack, British Columbia, V2R 3S9, Canada","(49.1407098, -121.9665418, 0.0)",49.1407098,-121.9665418
128,Hilton Villa Seniors Community,0,917D8,Fraser Health,13525 Hilton Rd,Surrey,V3R5J3,(604) 588-3424,1974,"Resident Council, Family Council",Accredited,3,154,157,83,36,0,3,1,3,1,18,0,0,0,3,0,1.9,0.6,11.5,0,0,0,1.9,0,86,0.698,0.629,0.051,749,0.207,0.332,0.375,0.665,0.127,2.9,0.431,0.59,0.453,0.038,0,0.458,0.102,0.067,10,1,0,1,0,0,0,0,0,0,0,0,0,0,no,yes,yes,yes,for-profit,46,hilton villa seniors community,,,,,,,,,,,,,,,49.20242145,-122.8467273,"13525 Hilton Rd, Surrey, British Columbia, Canada","13525, Hilton Road, Bridgeview, Surrey, Metro Vancouver Regional District, British Columbia, V3T 2X6, Canada","(49.20242145, -122.84672725264093, 0.0)",49.20242145,-122.8467273
129,Hogg and Weatherby Pavilions - Peace Arch Hospital,0,9A58I,Fraser Health,15521 Russell Ave.,White Rock,V4B2R4,(604) 541-5837,1987,"Resident Council, Family Council",Unknown,0,234,234,30,78,12,2,0,2,0,24,0,0,1,2,0,0.9,0,10.3,0,0,0.4,0.9,0,90,0.739,0.769,0.022,785,0.177,0.28,0.242,0.483,0.086,2.6,0.523,0.57,0.155,0.67,0.124,0.482,0.188,0.032,2,3,1,1,1,0,0,0,0,0,0,0,0,0,no,yes,yes,unknown,health_authority,33,hogg and weatherby pavilions - peace arch hospital,,,,,,,,,,,,,,,49.03015955,-122.7923695,"15521 Russell Ave., White Rock, British Columbia, Canada","Peace Arch Hospital, 15521, Russell Avenue, Uptown, White Rock, Metro Vancouver Regional District, British Columbia, V4B 2T4, Canada","(49.03015955, -122.79236954999999, 0.0)",49.03015955,-122.7923695
130,Holyrood Manor,0,91842,Fraser Health,22710 Holyrood Ave,Maple Ridge,V2X3E6,(604) 467-8831,,Family Council,Accredited,2,123,125,0,0,0,0,0,1,2,15,0,0,0,4,1,0.8,1.6,12,0,0,0,3.2,0.8,86,0.815,0.583,0.033,1196,0.31,0.199,0.252,0.719,0.119,2.3,0.528,0.61,0,0.706,0,0.501,0.2,0.012,1,3,0,0,1,1,0,1,0,0,0,0,0,0,no,no,yes,yes,for-profit,,holyrood manor,,,,,,,,,,,,,,,49.2122959,-122.5939042,"22710 Holyrood Ave, Maple Ridge, British Columbia, Canada","Holyrood Avenue, Yennadon, Maple Ridge, Metro Vancouver Regional District, British Columbia, V2X 2V6, Canada","(49.2122959, -122.5939042, 0.0)",49.2122959,-122.5939042
136,Joseph Creek Village,0,92IJA,Interior Health,1901 Willowbrook Dr,Cranbrook,V1C6S4,(250) 417-0666,2003,"Resident Council, Family Council",Unknown,2,100,102,102,0,0,4,1,0,2,9,0,0,5,2,0,0,2,8.8,0,0,4.9,2,0,80,0.643,0.393,0.113,1311,0.258,0.24,0.293,0.568,0.05,3.3,0.315,0.61,0.298,0.728,0.42,0.45,0.298,0.052,8,15,1,1,5,2,2,0,1,1,0,2,0,0,no,yes,yes,unknown,for-profit,17,joseph creek village,,,,,,,,,,,,,,,49.5270986,-115.7452938,"1901 Willowbrook Dr, Cranbrook, British Columbia, Canada","Willowbrook Drive, Cranbrook, Regional District of East Kootenay, British Columbia, V1C 3S9, Canada","(49.5270986, -115.7452938, 0.0)",49.5270986,-115.7452938
137,Jubilee Lodge,0,9A69E,Northern Health,1475 Edmonton Street,Prince George,V2M1S2,(250) 565-2286,1979,"Resident Council, Family Council",Accredited,0,66,66,4,3,14,,,0,0,0,0,0,0,0,0,0,0,0,0,0,0,0,0,83,0.501,0.489,0.052,1131,0.178,0.382,0.408,0.658,0.033,2.5,0.474,0.59,0,0.612,0.013,0.428,0.246,0.165,1,6,0,3,0,0,0,0,0,0,0,2,1,0,no,yes,yes,yes,health_authority,41,jubilee lodge,,,,,,,,,,,,,,,53.9120966,-122.7626315,"1475 Edmonton Street, Prince George, British Columbia, Canada","1475, Edmonton Street, College Heights, Prince George, Regional District of Fraser-Fort George, British Columbia, V2L 3X3, Canada","(53.9120966, -122.7626315, 0.0)",53.9120966,-122.7626315
138,Jubilee Multi Generational Housing Society,0,99C25,Fraser Health,3460 Kalyk Avenue,Burnaby,V5G3B2,(604) 434-2666,1975,"Resident Council, Family Council",Not Accredited,0,60,60,12,18,3,3,1,2,3,7,0,0,2,0,1,3.3,5,11.7,0,0,3.3,0,1.7,89,0.689,0.716,0,656,0.209,0.378,0.474,0.283,0.043,3.4,0.335,0.59,0.126,0.013,0,0.4,0.077,0.013,3,11,0,4,3,0,0,3,0,0,0,1,0,0,no,yes,yes,no,non-profit,45,jubilee multi generational housing society,,,,,,,,,,,,,,,49.2528169,-123.0130025,"3460 Kalyk Avenue, Burnaby, British Columbia, Canada","Kalyk Avenue, Discovery Park, Burnaby, Metro Vancouver Regional District, British Columbia, V5G 0A4, Canada","(49.2528169, -123.0130025, 0.0)",49.2528169,-123.0130025
144,Kiwanis Pavilion,0,9AC36,Vancouver Island Health,3034 Cedar Hill Road,Victoria,V8T3J3,(250) 598-2022,1982,Family Council (residents can attend),Accredited,6,116,122,122,0,0,0,0,1,0,14,0,0,0,1,2,0.8,0,11.5,0,0,0,0.8,1.6,83,0.666,0.548,0.038,700,0.269,0.285,0.396,0.869,0.138,2.8,0.506,0.6,0.206,0.177,0.029,0.61,0.159,0.038,2,5,0,1,0,0,2,1,0,0,0,1,0,0,no,no,yes,yes,non-profit,38,kiwanis pavilion,,,,,,,,,,,,,,,48.4464163,-123.3467929,"3034 Cedar Hill Road, Victoria, British Columbia, Canada","3034, Cedar Hill Road, Oaklands, Victoria, Capital Regional District, British Columbia, V8T 3J4, Canada","(48.4464163, -123.3467929, 0.0)",48.4464163,-123.3467929
149,Lakeshore Care Centre,0,992HG,Fraser Health,657 Gatensbury Street,Coquitlam,V3J5G9,(604) 939-9277,,"Resident Council, Family Council",Not Accredited,21,35,56,42,7,0,1,1,0,1,1,0,0,0,0,0,0,1.8,1.8,0,0,0,0,0,85,0.704,0.645,0.065,1526,0.217,0.434,0.448,0.783,0.126,2.2,0.601,0.6,0.007,0.119,0,0.364,0.17,0.112,2,3,0,0,2,0,0,0,0,0,0,1,0,0,no,yes,yes,no,for-profit,,lakeshore care centre,,,,,,,,,,,,,,,49.2595472,-122.8563516,"657 Gatensbury Street, Coquitlam, British Columbia, Canada","Gatensbury Street, Harbour Chines, Coquitlam, Metro Vancouver Regional District, British Columbia, V3J 3B7, Canada","(49.2595472, -122.8563516, 0.0)",49.2595472,-122.8563516
150,Lakeview Care Centre,0,9C477,Vancouver Coastal Health,3490 Porter Street,Vancouver,V5N5W4,(604) 874-2803,1993,"Resident Council, Family Council",Accredited,0,177,177,105,36,0,0,0,2,0,10,0,0,2,0,0,1.1,0,5.6,0,0,1.1,0,0,87,0.643,0.693,0.016,1143,0.238,0.218,0.293,0.585,0.096,4.1,0.2,0.56,0,0.023,0,0.347,0.106,0.014,4,7,0,3,0,0,1,1,0,1,0,1,0,0,no,yes,yes,yes,for-profit,27,lakeview care centre,,,,,,,,,,,,,,,49.25348995,-123.0664881,"3490 Porter Street, Vancouver, British Columbia, Canada","Lakeview Care Centre, 3490, Porter Street, Renfrew-Collingwood, Vancouver, Metro Vancouver Regional District, British Columbia, V5N, Canada","(49.25348995, -123.06648814723717, 0.0)",49.25348995,-123.0664881
153,Langley Memorial Hospital ECU,0,9A5E0,Fraser Health,22051 Fraser Hwy,Langley,V3A4H4,(604) 514-6026,,Resident Council,Unknown,0,230,230,8,4,44,5,1,1,0,1,0,0,3,0,0,0.4,0,0.4,0,0,1.3,0,0,89,0.721,0.712,0.03,597,0.137,0.269,0.258,0.542,0.071,2.6,0.531,0.57,0.065,0.523,0.04,0.467,0.233,0.024,6,10,0,2,1,0,3,1,0,0,1,2,0,0,no,yes,no,unknown,health_authority,,langley memorial hospital ecu,,,,,,,,,,,,,,,49.0944775,-122.6116674,"22051 Fraser Hwy, Langley, British Columbia, Canada","Langley Memorial Hospital, 22051, Fraser Highway, Murrayville, Township of Langley, Metro Vancouver Regional District, British Columbia, V3A 4H1, Canada","(49.094477499999996, -122.61166744542867, 0.0)",49.0944775,-122.6116674
154,Laurel Place,0,9359A,Fraser Health,9688 137A St,Surrey,V3T4H9,(604) 582-6336,2008,"Resident & Family Council (combined), Food Council",Accredited,13,202,215,207,4,0,1,0,0,0,17,0,0,0,2,0,0,0,7.9,0,0,0,0.9,0,85,0.584,0.604,0.059,899,0.189,0.379,0.252,0.58,0.061,2.4,0.607,0.6,0.167,0.017,0.002,0.396,0.156,0.166,4,2,0,1,0,0,1,0,0,0,0,0,0,0,no,yes,yes,yes,for-profit,12,laurel place,1051,long term care,Nursing and residential care facilities,Canadian Institute for Health Information,,,,V3T4H9,surrey,bc,,Surrey,,59,49.1784219,-122.8417807,"9688 137A St, Surrey, British Columbia, Canada","9688, 137A Street, Whalley, Surrey, Metro Vancouver Regional District, British Columbia, V3T 0M1, Canada","(49.1784219, -122.8417807, 0.0)",49.1784219,-122.8417807
156,Louis Brier Home and Hospital,0,999G3,Vancouver Coastal Health,1055 West 41st Ave,Vancouver,V6M1W9,(604) 261-9376,1979,"Resident Council, Family Council",Accredited,0,215,215,149,33,0,1,1,2,0,22,0,0,8,3,12,0.9,0,10.2,0,0,3.7,1.4,5.6,85,0.614,0.59,0.039,1410,0.182,0.457,0.339,0.574,0.134,1.9,0.691,0.58,0.159,0.207,0.082,0.517,0.347,0.019,6,16,2,5,1,4,0,0,0,2,0,2,6,0,no,yes,yes,yes,non-profit,41,louis brier home and hospital,1069,long term care,Nursing and residential care facilities,Canadian Institute for Health Information,,,,V6M1W9,vancouver,bc,,Vancouver,,59,49.2346366,-123.1292727,"1055 West 41st Ave, Vancouver, British Columbia, Canada","Louis Brier Home and Hospital, 1055, West 41st Avenue, Oakridge, Vancouver, Metro Vancouver Regional District, British Columbia, V6M 1W9, Canada","(49.2346366, -123.12927274582046, 0.0)",49.2346366,-123.1292727
158,MSA Manor,0,98H7B,Fraser Health,2510 Gladwin Rd,Abbotsford,V2T3N9,(604) 853-5831,1973,Resident Council,Accredited,0,34,34,34,0,0,0,0,0,1,3,0,0,0,0,0,0,2.9,8.8,0,0,0,0,0,90,0.615,0.735,0.003,944,0.213,0.279,0.235,0.515,0.044,2.6,0.478,0.58,0.015,0.051,0,0.61,0.366,0.02,1,3,0,0,2,0,0,1,0,0,0,0,0,0,no,yes,no,yes,non-profit,47,msa manor,,,,,,,,,,,,,,,49.04747485,-122.3146229,"2510 Gladwin Rd, Abbotsford, British Columbia, Canada","MSA Manor, 2510, Gladwin Road, Clearbrook Centre, Abbotsford, British Columbia, V2T 3N9, Canada","(49.04747485, -122.31462286620345, 0.0)",49.04747485,-122.3146229
160,Malaspina Gardens,0,99I1B,Vancouver Island Health,100 Eleventh Street,Nanaimo,V9R6R6,(250) 745-7711,2017,"Resident Council, Family Council",Accredited,1,135,136,136,0,0,1,0,1,0,29,0,0,3,2,0,0.7,0,21.3,0,0,2.2,1.5,0,81,0.602,0.461,0.112,854,0.275,0.253,0.23,0.619,0.055,3.2,0.358,0.57,0.039,0.009,0.018,0.453,0.126,0.013,1,0,0,0,0,0,0,0,0,0,0,0,0,0,no,yes,yes,yes,for-profit,3,malaspina gardens,,,,,,,,,,,,,,,49.1298617,-123.9227916,"100 Eleventh Street, Nanaimo, British Columbia, Canada","Eleventh Street, South Parkway Plaza, Nanaimo, Regional District of Nanaimo, British Columbia, V9R 7A4, Canada","(49.1298617, -123.9227916, 0.0)",49.1298617,-123.9227916
165,McKinney Place - South Okanagan General Hospital,0,9A722,Interior Health,911 McKinney Road,Oliver,V0H1T3,(250) 498-5040,1980,"Resident Council, Family Council",Accredited,0,75,75,7,4,15,0,0,1,2,7,0,0,1,0,0,1.3,2.7,9.3,0,0,1.3,0,0,86,0.621,0.665,0.023,210,0.257,0.229,0.286,0.669,0.037,1.7,0.743,0.54,0.094,0.224,0.029,0.286,0.158,0.041,0,0,0,0,0,0,0,0,0,0,0,0,0,0,no,yes,yes,yes,health_authority,40,mckinney place - south okanagan general hospital,,,,,,,,,,,,,,,49.1835315,-119.5390004,"911 McKinney Road, Oliver, British Columbia, Canada","South Okanagan General Hospital, 911, McKinney Road, Oliver, Regional District of Okanagan-Similkameen, British Columbia, V0H 1T0, Canada","(49.1835315, -119.53900043064311, 0.0)",49.1835315,-119.5390004
166,Menno Home,0,98H8D,Fraser Health,32910 Brundige Ave,Abbotsford,V2S1N2,(604) 853 -2411,1954,"Resident Council, Family Council",Accredited,0,196,196,186,5,0,2,0,0,0,20,0,1,1,1,0,0,0,10.2,0,0.5,0.5,0.5,0,87,0.641,0.628,0.022,780,0.224,0.151,0.239,0.818,0.166,3,0.443,0.56,0.059,0.843,0.044,0.58,0.123,0.036,3,0,0,0,0,0,0,0,0,0,0,0,0,0,no,yes,yes,yes,non-profit,66,menno home,,,,,,,,,,,,,,,49.0401555,-122.3081538,"32910 Brundige Ave, Abbotsford, British Columbia, Canada","Brundige Avenue, Mill Lake, Abbotsford, British Columbia, V2S 1N8, Canada","(49.0401555, -122.3081538, 0.0)",49.0401555,-122.3081538
167,Menno Hospital,0,9A6H1,Fraser Health,32945 Marshall Road,Abbotsford,V2S1K1,(604) 859-7631,1960,"Resident Council, Family Council",Accredited,0,151,151,59,43,2,0,0,1,0,16,0,0,0,2,1,0.7,0,10.6,0,0,0,1.3,0.7,88,0.763,0.732,0.033,834,0.24,0.257,0.18,0.611,0.085,2.3,0.579,0.59,0.106,0.707,0.064,0.518,0.051,0.044,0,0,0,0,0,0,0,0,0,0,0,0,0,0,no,yes,yes,yes,non-profit,60,menno hospital,,,,,,,,,,,,,,,49.03929855,-122.311107,"32945 Marshall Road, Abbotsford, British Columbia, Canada","32945, Marshall Road, Mill Lake, Abbotsford, British Columbia, V2S 1J8, Canada","(49.03929855, -122.31110698892837, 0.0)",49.03929855,-122.311107
169,Minto House - Arrow Lakes Hospital,0,9A5A2,Interior Health,97 1st Avenue NE,Nakusp,V0G1R0,(250) 265-5233,1980,"Resident Council, Family Council",Accredited,0,16,16,15,0,0,0,0,2,0,0,0,0,0,0,0,12.5,0,0,0,0,0,0,0,86,0.641,0.624,0.043,604,0,0.39,0.322,0.797,0.034,3.5,0.288,0.57,0.339,0,0,0.424,0.239,0,0,0,0,0,0,0,0,0,0,0,0,0,0,0,no,yes,yes,yes,health_authority,40,minto house - arrow lakes hospital,,,,,,,,,,,,,,,50.2392729,-117.795712,"97 1st Avenue NE, Nakusp, British Columbia, Canada","1st Avenue NE, Nakusp, Regional District of Central Kootenay, British Columbia, V0G 1R0, Canada","(50.2392729, -117.795712, 0.0)",50.2392729,-117.795712
170,Mission Creek Landing,0,98J5G,Interior Health,3081 Hall Rd,Kelowna,V1W2R5,(250) 860-2330,1979,"Resident Council, Family Council",Accredited,4,100,104,94,5,0,0,2,2,2,9,0,1,2,1,0,1.9,1.9,8.7,0,1,1.9,1,0,88,0.76,0.754,0.01,590,0.289,0.221,0.234,0.747,0.044,3.4,0.315,0.54,0.01,0.003,0.128,0.549,0.075,0.022,5,17,3,1,1,3,2,2,0,0,0,2,2,0,no,yes,yes,yes,for-profit,41,mission creek landing,,,,,,,,,,,,,,,49.8697756,-119.429557,"3081 Hall Rd, Kelowna, British Columbia, Canada","3081, Hall Road, Dilworth Mountain, Kelowna, Regional District of Central Okanagan, British Columbia, V1X 7W3, Canada","(49.8697756, -119.429557, 0.0)",49.8697756,-119.429557
173,Mount Cartier Court - Queen Victoria Hospital,0,92JJ0,Interior Health,1200 Newlands Rd,Revelstoke,V0E2S1,(250) 814-2232,2006,"Resident Council, Family Council",Accredited,0,44,44,38,6,0,0,0,1,0,4,0,0,1,0,0,2.3,0,9.1,0,0,2.3,0,0,87,0.686,0.643,0.071,1045,0.268,0.345,0.315,0.732,0.065,3.1,0.387,0.61,0.077,0.107,0.095,0.607,0.158,0.043,0,0,0,0,0,0,0,0,0,0,0,0,0,0,no,yes,yes,yes,health_authority,14,mount cartier court - queen victoria hospital,,,,,,,,,,,,,,,50.9769146,-118.1847111,"1200 Newlands Rd, Revelstoke, British Columbia, Canada","Newlands Road, Revelstoke, Columbia-Shuswap Regional District, British Columbia, V0E 2S1, Canada","(50.9769146, -118.1847111, 0.0)",50.9769146,-118.1847111
176,Mount St. Mary Hospital,0,9A6A6,Vancouver Island Health,861 Fairfield Rd.,Victoria,V8V5A9,(250) 480-3103,2003,Resident & Family Council (combined),Unknown,0,200,200,184,8,0,5,0,,,,,,,,,,,,,,,,,83,0.745,0.556,0.097,883,0.285,0.314,0.292,0.537,0.052,2.7,0.463,0.6,0.013,0.096,0.433,0.585,0.252,0.006,1,2,0,1,1,0,0,0,0,0,0,0,0,0,no,yes,yes,unknown,non-profit,17,mount st. mary hospital,1170,long term care,Nursing and residential care facilities,Canadian Institute for Health Information,,,,V8V5A9,victoria,bc,,Victoria,,59,48.4132064,-123.3446919,"861 Fairfield Rd., Victoria, British Columbia, Canada","Fairfield Road, Cook Street Village, Fairfield, Victoria, Capital Regional District, British Columbia, V8S 1V9, Canada","(48.4132064, -123.3446919, 0.0)",48.4132064,-123.3446919
178,Mountain Lake Seniors Community,0,92HIA,Interior Health,908 11th St,Nelson,V1L7A6,(250) 352-2600,2005,"Resident Council, Family Council",Unknown,7,85,92,92,0,0,1,1,0,4,5,0,0,0,1,0,0,4.3,5.4,0,0,0,1.1,0,84,0.655,0.595,0.081,980,0.262,0.145,0.255,0.679,0.1,3.3,0.317,0.57,0.034,0.003,0.007,0.407,0.253,0,2,2,0,0,1,0,1,0,0,0,0,0,0,0,no,yes,yes,unknown,for-profit,15,mountain lake seniors community,,,,,,,,,,,,,,,49.5081403,-117.2661182,"908 11th St, Nelson, British Columbia, Canada","Mountain Lake Seniors Community, 908, 11th Street, Fairview, Nelson, Regional District of Central Kootenay, British Columbia, V1L 3C7, Canada","(49.5081403, -117.26611815013092, 0.0)",49.5081403,-117.2661182
179,Mountain View Lodge - Lillooet Hospital and Health Centre,0,9A4E5,Interior Health,951 Murray St. ,Lillooet,V0K1V0,(250) 256-1312,1980,Resident & Family Council (combined),Accredited,0,22,22,20,1,0,0,0,0,0,0,0,0,1,0,0,0,0,0,0,0,4.5,0,0,87,0.723,0.66,0.039,1958,0.47,0.422,0.386,0.783,0.108,2.6,0.494,0.65,0.446,0.024,0,0.578,0.306,0.003,1,2,0,1,0,0,1,0,0,0,0,0,0,0,no,yes,yes,yes,health_authority,40,mountain view lodge - lillooet hospital and health centre,,,,,,,,,,,,,,,50.68929895,-121.939356,"951 Murray St. , Lillooet, British Columbia, Canada","Lillooet Hospital & Health Centre, 951, Murray Street, Lillooet, Squamish-Lillooet Regional District, British Columbia, V0K 2E3, Canada","(50.68929895, -121.93935595579316, 0.0)",50.68929895,-121.939356
180,Mountain View Manor - Delta Hospital,0,9A56E,Fraser Health,5800 Mountain View Boulevard,Delta,V4K3V6,(604) 940-3416 ext. 787340,,"Resident Council, Family Council",Unknown,0,92,92,12,4,18,0,0,0,0,3,0,0,0,1,0,0,0,3.3,0,0,0,1.1,0,90,0.646,0.736,0.011,911,0.115,0.447,0.281,0.453,0.05,1.7,0.725,0.58,0.216,0.63,0.015,0.379,0.22,0.036,1,0,0,0,0,0,0,0,0,0,0,0,0,0,no,yes,yes,unknown,health_authority,,mountain view manor - delta hospital,,,,,,,,,,,,,,,49.0856824,-123.0612524,"5800 Mountain View Boulevard, Delta, British Columbia, Canada","Delta Hospital, 5800, Mountain View Boulevard, Ladner, Delta, Metro Vancouver Regional District, British Columbia, V4K 5B4, Canada","(49.085682399999996, -123.06125243089483, 0.0)",49.0856824,-123.0612524
181,Mountainview Lodge - Kitimat General Hospital,0,9A630,Northern Health,920 Lahakas Blvd. S,Kitimat,V8C2S3,(250) 632-8357,2002,"Resident Council, Family Council",Accredited,0,36,36,32,2,0,,,0,0,1,0,0,0,0,0,0,0,2.8,0,0,0,0,0,82,0.736,0.459,0.05,,0.476,0.484,0.411,0.476,0.008,2.5,0.516,0.62,0,0.081,0,0.452,0.21,0.08,2,9,0,6,0,0,0,0,0,0,0,3,0,0,no,yes,yes,yes,health_authority,18,mountainview lodge - kitimat general hospital,,,,,,,,,,,,,,,54.0542737,-128.6552266,"920 Lahakas Blvd. S, Kitimat, British Columbia, Canada","Lahakas, 120, city centre, Kildala, Kitimat, Regional District of Kitimat-Stikine, British Columbia, V8C 2T0, Canada","(54.0542737, -128.6552266, 0.0)",54.0542737,-128.6552266
182,Mountainview Village,0,93240,Interior Health,1540 K.L.O. Road,Kelowna,V1W3P6,(250) 469-6935,2007,Resident & Family Council (combined),Accredited,0,90,90,90,0,0,0,0,0,0,11,0,0,1,12,0,0,0,12.2,0,0,1.1,13.3,0,84,0.618,0.598,0.053,782,0.204,0.196,0.349,0.715,0.153,2.9,0.347,0.59,0.011,0.102,0.003,0.53,0.429,0.068,1,3,0,0,0,0,1,0,0,0,0,0,2,0,no,yes,yes,yes,non-profit,13,mountainview village,,,,,,,,,,,,,,,49.8610063,-119.4565603,"1540 K.L.O. Road, Kelowna, British Columbia, Canada","K.L.O. Road, South Kelowna, Kelowna, Regional District of Central Okanagan, British Columbia, V1W 2E1, Canada","(49.8610063, -119.4565603, 0.0)",49.8610063,-119.4565603
187,Normanna Rest Home,0,9C489,Fraser Health,7725-4th St,Burnaby,V3N5B6,(604) 522-5812,2000,"Resident Council, Family Council",Unknown,0,100,100,90,5,0,0,0,0,0,3,0,0,0,0,0,0,0,3,0,0,0,0,0,86,0.802,0.61,0.025,1142,0.273,0.349,0.206,0.628,0.161,2.9,0.388,0.6,0.135,0.495,0.008,0.448,0.259,0.094,1,1,0,1,0,0,0,0,0,0,0,0,0,0,no,yes,yes,unknown,non-profit,20,normanna rest home,,,,,,,,,,,,,,,49.22202645,-122.9276107,"7725-4th St, Burnaby, British Columbia, Canada","Normanna Home, 7725, 4th Street, Uptown, Burnaby, Metro Vancouver Regional District, British Columbia, V3L 2W6, Canada","(49.22202645, -122.92761074114857, 0.0)",49.22202645,-122.9276107
191,Orchard Haven - South Similkameen Health Centre,0,9252A,Interior Health,700 3rd St,Keremeos,V0X1N0,(250) 499-3030,2000,"Resident Council, Family Council",Accredited,0,38,38,38,0,0,0,0,1,1,9,0,0,4,4,1,2.6,2.6,23.7,0,0,10.5,10.5,2.6,82,0.665,0.502,0.044,643,0.417,0.303,0.295,0.697,0.061,3.1,0.439,0.6,0.121,0.03,0.038,0.5,0.267,0.214,2,11,2,0,2,2,2,0,1,0,1,0,1,0,no,yes,yes,yes,health_authority,20,orchard haven - south similkameen health centre,,,,,,,,,,,,,,,49.2069196,-119.8315278,"700 3rd St, Keremeos, British Columbia, Canada","3rd Street, Keremeos, Regional District of Okanagan-Similkameen, British Columbia, V0X 1N0, Canada","(49.2069196, -119.8315278, 0.0)",49.2069196,-119.8315278
192,Overlander Residential Care,0,9A708,Interior Health,953 Southill Street,Kamloops,V2B7Z9,(250) 554-2323,1976,"Resident Council, Family Council",Accredited,0,183,183,35,14,30,0,0,4,0,17,0,0,5,9,2,2.2,0,9.3,0,0,2.7,4.9,1.1,81,0.683,0.426,0.09,726,0.373,0.505,0.364,0.676,0.096,2.5,0.499,0.62,0.217,0.444,0.173,0.599,0.373,0.083,0,3,0,1,0,0,2,0,0,0,0,0,0,0,no,yes,yes,yes,health_authority,44,overlander residential care,,,,,,,,,,,,,,,50.7037337,-120.3973241,"953 Southill Street, Kamloops, British Columbia, Canada","953, Southill Street, Mission Flats, Kamloops, Thompson-Nicola Regional District, British Columbia, V2B 7Z9, Canada","(50.7037337, -120.3973241, 0.0)",50.7037337,-120.3973241
200,Pine Grove Seniors Community,0,9A9G2,Interior Health,313 Mcgowan Street,Kamloops,V2B2N8,(250) 376-5701,1981,"Resident Council, Family Council",Unknown,0,75,75,14,31,0,1,0,2,0,8,0,0,1,3,1,2.7,0,10.7,0,0,1.3,4,1.3,87,0.742,0.628,0.02,395,0.291,0.37,0.298,0.633,0.076,3.2,0.388,0.62,0.118,0.093,0,0.509,0.172,0.091,1,5,0,0,1,1,0,1,0,0,0,2,0,0,no,yes,yes,unknown,for-profit,39,pine grove seniors community,,,,,,,,,,,,,,,50.64479145,-120.3440998,"313 Mcgowan Street, Kamloops, British Columbia, Canada","McGowan, Albert McGowan Park Trail, Upper Sahali, Kamloops, Thompson-Nicola Regional District, British Columbia, V2E 2M7, Canada","(50.64479145, -120.34409980000001, 0.0)",50.64479145,-120.3440998
202,Pleasant Valley Manor,0,9BJG5,Interior Health,3800 Patten Dr.,Armstrong,V0E1B2,(250) 546-4707,1995,"Resident Council, Family Council",Accredited,0,82,82,82,0,0,0,0,0,1,9,0,0,1,1,0,0,1.2,11,0,0,1.2,1.2,0,87,0.641,0.72,0.04,601,0.286,0.432,0.235,0.729,0.051,3,0.381,0.59,0.009,0.714,0,0.512,0.254,0.118,0,0,0,0,0,0,0,0,0,0,0,0,0,0,no,yes,yes,yes,health_authority,25,pleasant valley manor,1325,long term care,Nursing and residential care facilities,Canadian Institute for Health Information,,,,V0E1B2,armstrong,bc,,Armstrong,,59,50.4392858,-119.2079969,"3800 Patten Dr., Armstrong, British Columbia, Canada","Patten Drive, Armstrong, Regional District of North Okanagan, British Columbia, V0E 1B0, Canada","(50.4392858, -119.2079969, 0.0)",50.4392858,-119.2079969
203,Point Grey Private Hospital,0,9995A,Vancouver Coastal Health,2423 Cornwall Avenue,Vancouver,V6K1B9,(604) 733-7133,1979,Resident Council,Not Accredited,5,67,72,31,20,0,0,0,1,0,2,0,0,0,0,1,1.4,0,2.8,0,0,0,0,1.4,86,0.604,0.643,0.004,749,0.305,0.297,0.271,0.751,0.126,3.6,0.29,0.59,0.033,0,0.011,0.558,0.247,0.327,1,2,0,0,0,0,1,0,0,0,0,1,0,0,no,yes,no,no,for-profit,41,point grey private hospital,,,,,,,,,,,,,,,49.2724948,-123.1496031,"2423 Cornwall Avenue, Vancouver, British Columbia, Canada","Cornwall Avenue, Kitsilano, Vancouver, Metro Vancouver Regional District, British Columbia, V6J, Canada","(49.2724948, -123.1496031, 0.0)",49.2724948,-123.1496031
206,Poplar Ridge Pavilion - Kootenay Boundary Hospital,0,9A667,Interior Health,1200 Hospital Bench,Trail,V1R4M1,(250) 364-3488,1972,"Resident Council, Family Council",Accredited,0,49,49,5,14,4,0,0,2,3,0,0,0,0,0,0,4.1,6.1,0,0,0,0,0,0,87,0.674,0.632,0.045,287,0.254,0.585,0.263,0.561,0.039,2.8,0.493,0.62,0.2,0.493,0.205,0.673,0.179,0.088,0,0,0,0,0,0,0,0,0,0,0,0,0,0,no,yes,yes,yes,health_authority,48,poplar ridge pavilion - kootenay boundary hospital,,,,,,,,,,,,,,,49.1035546,-117.7011867,"1200 Hospital Bench, Trail, British Columbia, Canada","Hospital Bench, Trail, Regional District of Kootenay Boundary, British Columbia, V1R 4L9, Canada","(49.1035546, -117.7011867, 0.0)",49.1035546,-117.7011867
207,Purdy Pavilion - UBC Hospital,0,9A5C6,Vancouver Coastal Health,2221 Wesbrook Mall,Vancouver,V6T1Z9,(604) 822-7121,1977,"Resident Council, Family Council",Accredited,0,199,199,23,0,60,1,0,0,0,2,0,0,0,0,0,0,0,1,0,0,0,0,0,81,0.551,0.443,0.092,760,0.161,0.455,0.431,0.447,0.051,2.4,0.553,0.62,0.347,0.196,0.069,0.47,0.333,0.136,1,2,0,2,0,0,0,0,0,0,0,0,0,0,no,yes,yes,yes,health_authority,43,purdy pavilion - ubc hospital,,,,,,,,,,,,,,,49.2632866,-123.2458694,"2221 Wesbrook Mall, Vancouver, British Columbia, Canada","Purdy Pavilion, 2221, Wesbrook Mall, University Endowment Lands, Metro Vancouver Regional District, British Columbia, V6T 2B5, Canada","(49.2632866, -123.24586939010035, 0.0)",49.2632866,-123.2458694
209,Queen's Park Care Centre,0,9A5GG,Fraser Health,315 McBride Blvd.,New Westminster,V3L5E8,(604) 520-0911,1977,"Resident Council, Family Council",Unknown,0,148,148,14,2,32,0,0,0,2,4,0,0,0,2,0,0,1.4,2.7,0,0,0,1.4,0,84,0.641,0.586,0.096,548,0.118,0.387,0.22,0.518,0.06,2.7,0.503,0.58,0.025,0.2,0.023,0.367,0.132,0.071,1,6,1,2,0,0,0,2,0,0,0,1,0,0,no,yes,yes,unknown,health_authority,43,queen's park care centre,,,,,,,,,,,,,,,49.2158542,-122.9036695,"315 McBride Blvd., New Westminster, British Columbia, Canada","McBride Boulevard, Victory Heights, Queens Park, New Westminster, Metro Vancouver Regional District, British Columbia, V3L 4G6, Canada","(49.2158542, -122.9036695, 0.0)",49.2158542,-122.9036695
210,R. W. Large Memorial Hospital,0,9A773,Vancouver Coastal Health,88 Waglisla Street,Bella Bella,V0T1Z0,(250) 957-2314,1980,No Councils,Accredited,0,7,7,7,0,0,suppressed,suppressed,suppressed,suppressed,suppressed,suppressed,suppressed,suppressed,suppressed,suppressed,suppressed,suppressed,suppressed,suppressed,suppressed,suppressed,suppressed,suppressed,suppressed,suppressed,suppressed,suppressed,suppressed,suppressed,suppressed,suppressed,suppressed,suppressed,suppressed,suppressed,suppressed,suppressed,suppressed,suppressed,suppressed,suppressed,suppressed,1,1,0,0,0,0,0,0,0,0,1,0,1,0,no,no,no,yes,health_authority,40,r. w. large memorial hospital,,,,,,,,,,,,,,,52.1612112,-128.1433196,"88 Waglisla Street, Bella Bella, British Columbia, Canada","R.W. Large Memorial Hospital, 88, Waglisla Street, Area B (Bella Bella), Central Coast Regional District, British Columbia, V0T 1Z0, Canada","(52.1612112, -128.14331958433718, 0.0)",52.1612112,-128.1433196
214,Richmond Lions Manor,0,99BGD,Vancouver Coastal Health,9020 Bridgeport Road,Richmond,V6X1S1,(604) 675-2590,2014,"Resident Council, Family Council",Accredited,0,93,93,49,22,0,1,1,0,0,10,0,0,1,0,0,0,0,10.8,0,0,1.1,0,0,87,0.72,0.631,0.025,1094,0.18,0.218,0.378,0.582,0.088,2.2,0.595,0.61,0.371,0.109,0.439,0.405,0.295,0.032,4,3,0,0,0,0,1,1,0,0,0,1,0,0,no,yes,yes,yes,health_authority,6,richmond lions manor,1419,long term care,Nursing and residential care facilities,Canadian Institute for Health Information,,,,V7E3M4,richmond,bc,,Richmond,,59,49.1914932,-123.1252982,"9020 Bridgeport Road, Richmond, British Columbia, Canada","9020, Bridgeport Road, Bridgeport, Golden Village, Richmond, Metro Vancouver Regional District, British Columbia, V6X 1R9, Canada","(49.1914932, -123.1252982423324, 0.0)",49.1914932,-123.1252982
216,Ridgewood Lodge - Princeton General Hospital,0,9A4J6,Interior Health,98 Ridgewood Drive,Princeton,V0X1W0,(250) 295-3211,1980,"Resident Council, Family Council",Accredited,0,37,37,33,2,0,1,0,0,0,4,0,0,0,1,0,0,0,10.8,0,0,0,2.7,0,84,0.592,0.52,0.017,404,0.277,0.227,0.277,0.674,0.099,3.1,0.383,0.56,0.383,0.156,0.078,0.411,0.177,0.123,1,1,0,0,0,0,0,0,0,0,0,1,0,0,no,yes,yes,yes,health_authority,40,ridgewood lodge - princeton general hospital,,,,,,,,,,,,,,,49.45459015,-120.5264514,"98 Ridgewood Drive, Princeton, British Columbia, Canada","Princeton General Hospital, 98, Ridgewood Drive, Princeton, Regional District of Okanagan-Similkameen, British Columbia, V0X 1W0, Canada","(49.45459015, -120.52645140910022, 0.0)",49.45459015,-120.5264514
217,Rocky Mountain Village,0,92D60,Interior Health,55 Cokato Road,Fernie,V0B1M4,(250) 423-4214,2004,"Resident Council, Family Council",Unknown,1,61,62,62,0,0,0,0,1,0,18,0,0,3,4,2,1.6,0,29,0,0,4.8,6.5,3.2,83,0.631,0.496,0.044,442,0.142,0.156,0.311,0.676,0.067,3.4,0.253,0.59,0.484,0.88,0.116,0.48,0.327,0.13,5,15,0,2,0,1,3,1,0,0,0,3,0,0,no,yes,yes,unknown,for-profit,16,rocky mountain village,,,,,,,,,,,,,,,49.4906726,-115.0647647,"55 Cokato Road, Fernie, British Columbia, Canada","Cokato Road, Fernie, Regional District of East Kootenay, British Columbia, V0B 1M7, Canada","(49.4906726, -115.0647647, 0.0)",49.4906726,-115.0647647
218,Rose Wood Village,0,92CB0,Interior Health,8125 Devito Drive,Trail,V1R4X9,(250) 364-3150,2004,"Resident Council, Family Council",Unknown,1,45,46,45,0,0,2,1,0,3,6,0,0,0,1,1,0,6.5,13,0,0,0,2.2,2.2,81,0.58,0.57,0.14,362,0.224,0.234,0.375,0.448,0.052,1.8,0.62,0.63,0.26,0.042,0.016,0.49,0.204,0.056,2,4,0,1,0,0,1,0,0,0,0,1,1,0,no,yes,yes,unknown,for-profit,16,rose wood village,,,,,,,,,,,,,,,49.0957762,-117.641763,"8125 Devito Drive, Trail, British Columbia, Canada","Devito Drive, Trail, Regional District of Kootenay Boundary, British Columbia, V1R 4N7, Canada","(49.0957762, -117.641763, 0.0)",49.0957762,-117.641763
222,Royal Ascot Care Centre,0,917JC,Vancouver Coastal Health,2455 East Broadway,Vancouver,V5M1Y1,(604) 254-5559,1995,"Resident Council, Family Council",Not Accredited,2,80,82,64,9,0,1,0,1,0,9,0,0,2,1,1,1.2,0,11,0,0,2.4,1.2,1.2,85,0.745,0.607,0.034,708,0.366,0.315,0.327,0.685,0.065,3.1,0.372,0.56,0.003,0,0.03,0.548,0.093,0,2,2,0,1,0,0,0,0,0,0,0,1,0,0,no,yes,yes,no,for-profit,25,royal ascot care centre,1447,long term care,Nursing and residential care facilities,Canadian Institute for Health Information,,,,V5M1Y1,vancouver,bc,,Vancouver,,59,49.26239535,-123.0555417,"2455 East Broadway, Vancouver, British Columbia, Canada","Royal Ascot Care Centre, 2455, East Broadway, Grandview-Woodland, Vancouver, Metro Vancouver Regional District, British Columbia, V5M, Canada","(49.26239535, -123.0555417, 0.0)",49.26239535,-123.0555417
229,Simon Fraser Lodge,0,9B65F,Northern Health,2410 Laurier Cres.,Prince George,V2M2B3,(250) 563-3413,1986,"Resident Council, Family Council",Accredited,0,130,130,130,0,0,,,2,0,4,0,0,1,1,2,1.5,0,3.1,0,0,0.8,0.8,1.5,82,0.607,0.435,0.056,1049,0.225,0.181,0.308,0.654,0.165,2.9,0.44,0.52,0,0.016,0,0.5,0.274,0.089,1,7,0,1,0,3,0,0,0,1,1,1,0,0,no,yes,yes,yes,for-profit,34,simon fraser lodge,,,,,,,,,,,,,,,53.9153784,-122.7642509,"2410 Laurier Cres., Prince George, British Columbia, Canada","2410, Laurier Crescent, College Heights, Prince George, Regional District of Fraser-Fort George, British Columbia, V2L 2Z1, Canada","(53.9153784, -122.7642509, 0.0)",53.9153784,-122.7642509
230,Simon K.Y. Lee Seniors Care Home,0,926I0,Vancouver Coastal Health,555 Carrall Street,Vancouver,V6B2J8,(604) 608-8800,2001,"Resident Council, Family Council",Unknown,4,110,114,104,5,0,2,1,0,0,6,0,1,0,2,1,0,0,5.3,0,0.9,0,1.8,0.9,88,0.708,0.729,0.025,1594,0.18,0.367,0.228,0.672,0.104,3.1,0.37,0.55,0.167,0.002,0.007,0.33,0.208,0.065,6,3,0,1,1,0,0,0,0,1,0,0,0,0,no,yes,yes,unknown,non-profit,19,simon k.y. lee seniors care home,,,,,,,,,,,,,,,49.2814788,-123.1043333,"555 Carrall Street, Vancouver, British Columbia, Canada","Carrall Street, Chinatown, Vancouver, Metro Vancouver Regional District, British Columbia, V6B 6E3, Canada","(49.2814788, -123.1043333, 0.0)",49.2814788,-123.1043333
231,Slocan Community Health Centre - The Pavillion,0,98G52,Interior Health,401 Galena Ave,New Denver,V0G1S0,(250) 358-7911,1979,"Resident Council, Family Council",Accredited,0,28,28,6,20,0,0,0,0,0,2,0,0,0,1,0,0,0,7.1,0,0,0,3.6,0,87,0.641,0.627,0.026,510,0.157,0.259,0.102,0.648,0.028,4.1,0.25,0.55,0.315,0,0.102,0.491,0.157,0,1,3,0,0,0,0,0,0,0,1,0,2,0,0,no,yes,yes,yes,health_authority,41,slocan community health centre - the pavillion,,,,,,,,,,,,,,,49.9843977,-117.3754623,"401 Galena Ave, New Denver, British Columbia, Canada","Galena Avenue, New Denver, Regional District of Central Kootenay, British Columbia, V0G 1S0, Canada","(49.9843977, -117.3754623, 0.0)",49.9843977,-117.3754623
233,Spring Valley Seniors Community,0,990F2,Interior Health,355 Terai Court,Kelowna,V1X5X6,(250) 979-6000,1979,"Resident Council, Family Council",Unknown,1,150,151,114,8,0,3,1,1,1,20,0,0,4,9,4,0.7,0.7,13.2,0,0,2.6,6,2.6,86,0.615,0.627,0.046,675,0.242,0.217,0.221,0.695,0.109,2.9,0.422,0.56,0.003,0.272,0.104,0.433,0.234,0.038,3,9,2,0,0,1,4,1,0,0,0,1,0,0,no,yes,yes,unknown,for-profit,41,spring valley seniors community,,,,,,,,,,,,,,,49.8855029,-119.416278,"355 Terai Court, Kelowna, British Columbia, Canada","355, Terai Court, Rutland, Dilworth Mountain, Kelowna, Regional District of Central Okanagan, British Columbia, V1X 4J2, Canada","(49.8855029, -119.416278, 0.0)",49.8855029,-119.416278
235,St. Michael's Centre,0,9A9FB,Fraser Health,7451 Sussex Avenue,Burnaby,V5J5C2,(604)-434-1323,1981,Resident & Family Council (combined),Not Accredited,0,144,144,20,36,9,2,0,0,2,6,0,0,1,0,0,0,1.4,4.2,0,0,0.7,0,0,84,0.635,0.538,0.03,603,0.169,0.41,0.235,0.594,0.077,2,0.646,0.63,0.008,0.433,0.185,0.456,0.171,0.153,7,5,0,1,1,1,1,1,0,0,0,0,0,0,no,yes,yes,no,non-profit,39,st. michael's centre,,,,,,,,,,,,,,,49.2157228,-123.0052424,"7451 Sussex Avenue, Burnaby, British Columbia, Canada","7451, Sussex Avenue, Fairways at Nelson, South Slope, Burnaby, Metro Vancouver Regional District, British Columbia, V5J 5C2, Canada","(49.2157228, -123.0052424, 0.0)",49.2157228,-123.0052424
236,St. Vincent's - Brock Fahrni Pavilion,0,9A587,Vancouver Coastal Health,4650 Oak St.,Vancouver,V6H4J4,(604) 806-9710,1980,Resident Council,Accredited,0,148,148,12,8,30,0,0,0,0,5,0,0,0,0,1,0,0,3.4,0,0,0,0,0.7,83,0.328,0.551,0.089,741,0.257,0.345,0.304,0.532,0.049,2,0.687,0.59,0.014,0.002,0.007,0.369,0.165,0.027,3,2,0,1,0,0,0,0,0,0,0,1,0,0,no,yes,no,yes,non-profit,40,st. vincent's - brock fahrni pavilion,,,,,,,,,,,,,,,49.2432438,-123.123011,"4650 Oak St., Vancouver, British Columbia, Canada","Brock Fahrni Pavillion, 4650, Oak Street, South Cambie, Vancouver, Metro Vancouver Regional District, British Columbia, V6H 4J4","(49.2432438, -123.12301099560094, 0.0)",49.2432438,-123.123011
237,St. Vincent's - Langara,0,9C05H,Vancouver Coastal Health,255 W 62nd Ave,Vancouver,V5X4V4,(604) 325-4116,1991,"Resident Council, Family Council",Accredited,0,197,197,17,8,41,0,0,1,0,12,0,1,4,0,3,0.5,0,6.1,0,0.5,2,0,1.5,85,0.751,0.56,0.045,1002,0.212,0.405,0.376,0.557,0.046,2.2,0.62,0.61,0.125,0.043,0.063,0.318,0.162,0.039,2,2,0,0,0,0,1,0,0,0,0,1,0,0,no,yes,yes,yes,non-profit,29,st. vincent's - langara,,,,,,,,,,,,,,,49.2147869,-123.1108188,"255 W 62nd Ave, Vancouver, British Columbia, Canada","St. Vincent's Hospital Langara, 255, West 62nd Avenue, Sunset, Vancouver, Metro Vancouver Regional District, British Columbia, V5X, Canada","(49.2147869, -123.11081877119537, 0.0)",49.2147869,-123.1108188
242,Sun Pointe Village,0,92450,Interior Health,700 Rutland Road N,Kelowna,V1X7W8,(250) 491-1400,2000,"Resident Council, Family Council",Unknown,0,100,100,100,0,0,0,0,2,3,8,1,0,3,5,0,2,3,8,1,0,3,5,0,84,0.691,0.562,0.06,984,0.359,0.304,0.452,0.847,0.104,2.3,0.521,0.57,0,0.468,0.022,0.614,0.257,0.024,0,0,0,0,0,0,0,0,0,0,0,0,0,0,no,yes,yes,unknown,non-profit,20,sun pointe village,,,,,,,,,,,,,,,49.8958819,-119.3870785,"700 Rutland Road N, Kelowna, British Columbia, Canada","700, Rutland Road North, Rutland, Kelowna, Regional District of Central Okanagan, British Columbia, V1X 2M9, Canada","(49.8958819, -119.3870785, 0.0)",49.8958819,-119.3870785
244,Sunnybank Retirement Home,0,98IDJ,Interior Health,6553 Park Drive,Oliver,V0H1T0,(250) 498-4951,1979,Resident & Family Council (combined),Accredited,0,51,51,51,0,0,0,0,1,0,10,0,0,0,2,0,2,0,19.6,0,0,0,3.9,0,88,0.588,0.746,0.038,565,0.29,0.241,0.173,0.549,0.031,2.5,0.475,0.57,0.228,0.352,0.068,0.346,0.21,0.051,1,2,0,1,0,0,0,0,0,0,0,1,0,0,no,yes,yes,yes,health_authority,41,sunnybank retirement home,,,,,,,,,,,,,,,49.18796645,-119.5395662,"6553 Park Drive, Oliver, British Columbia, Canada","Sunnybank Centre, 6553, Park Drive, Oliver, Regional District of Okanagan-Similkameen, British Columbia, V0H 1T0, Canada","(49.18796645, -119.53956620008628, 0.0)",49.18796645,-119.5395662
245,Sunridge Place Seniors Community,0,93580,Vancouver Island Health,361 Bundock Ave,Duncan,V9L3P1,(250) 748-8048,2008,"Resident Council, Family Council",Not Accredited,0,160,160,160,0,0,19,9,1,0,28,0,0,0,5,7,0.6,0,17.5,0,0,0,3.1,4.4,82,0.605,0.472,0.091,1228,0.16,0.206,0.259,0.709,0.091,2.6,0.495,0.55,0.014,0.003,0.064,0.614,0.262,0.022,5,10,0,1,1,0,5,0,0,0,0,3,0,0,no,yes,yes,no,for-profit,12,sunridge place seniors community,,,,,,,,,,,,,,,48.7787315,-123.696975,"361 Bundock Ave, Duncan, British Columbia, Canada","Bundock Avenue, Duncan, Cowichan Valley Regional District, British Columbia, V9L 3R6, Canada","(48.7787315, -123.696975, 0.0)",48.7787315,-123.696975
247,Swan Valley Lodge,0,98F21,Interior Health,818 Vancouver St,Creston,V0B1G4,(250) 428-2283,1995,"Resident Council, Family Council",Accredited,0,90,90,90,0,0,0,0,0,0,4,0,2,4,1,0,0,0,4.4,0,2.2,4.4,1.1,0,84,0.632,0.49,0.047,777,0.183,0.322,0.257,0.716,0.107,2.9,0.432,0.56,0.169,0.015,0,0.527,0.236,0.076,0,0,0,0,0,0,0,0,0,0,0,0,0,0,no,yes,yes,yes,health_authority,25,swan valley lodge,1583,long term care,Nursing and residential care facilities,Canadian Institute for Health Information,,,,V0B1G4,creston,bc,,Creston,,59,49.0978772,-116.5163929,"818 Vancouver St, Creston, British Columbia, Canada","818, Vancouver Street, Creston, Regional District of Central Kootenay, British Columbia, V1B 1G0, Canada","(49.0978772, -116.5163929, 0.0)",49.0978772,-116.5163929
249,Talarico Place - Castlegar District Community Health Centre,0,9C0DE,Interior Health,709 10th Street,Castlegar,V1N2H7,(250) 365-7221,1991,"Resident Council, Family Council",Accredited,0,60,60,38,11,0,1,0,1,2,5,1,0,0,0,0,1.7,3.3,8.3,1.7,0,0,0,0,88,0.717,0.724,0.016,721,0.244,0.449,0.327,0.571,0.088,2.4,0.483,0.6,0.215,0,0.01,0.449,0.066,0,1,2,0,0,0,0,1,1,0,0,0,0,0,0,no,yes,yes,yes,health_authority,29,talarico place - castlegar district community health centre,,,,,,,,,,,,,,,49.3144174,-117.6608054,"709 10th Street, Castlegar, British Columbia, Canada","10th Street, Castlegar, Regional District of Central Kootenay, British Columbia, V1N 1H4, Canada","(49.3144174, -117.6608054, 0.0)",49.3144174,-117.6608054
251,The Cascades Care Community,0,9A599,Fraser Health,45586 Mcintosh Drive,Chilliwack,V2P7W8,(604) 795-2500,2006,"Resident Council, Family Council",Unknown,13,106,119,101,9,0,0,0,0,0,16,0,1,0,2,1,0,0,13.4,0,0.8,0,1.7,0.8,88,0.66,0.723,0.034,710,0.148,0.277,0.296,0.666,0.138,2.2,0.642,0.6,0.002,0.019,0,0.594,0.2,0.071,1,2,0,0,0,0,1,0,0,0,0,1,0,0,no,yes,yes,unknown,for-profit,14,the cascades care community,,,,,,,,,,,,,,,49.1608031,-121.9656901,"45586 Mcintosh Drive, Chilliwack, British Columbia, Canada","McIntosh Drive, Chilliwack, British Columbia, V2P 6Z3, Canada","(49.1608031, -121.9656901, 0.0)",49.1608031,-121.9656901
257,The Madison Care Centre,0,935IA,Fraser Health,1399 Foster Avenue,Coquitlam,V3J2N1,(604) 936-9231,2008,"Resident Council, Family Council",Not Accredited,41,96,137,128,9,0,6,1,0,1,5,0,0,0,1,0,0,0.7,3.6,0,0,0,0.7,0,89,0.87,0.797,0,1069,0.255,0.361,0.343,0.681,0.075,2.5,0.517,0.55,0.099,0.06,0.005,0.478,0.165,0.246,5,1,0,1,0,0,0,0,0,0,0,0,0,0,no,yes,yes,no,for-profit,12,the madison care centre,,,,,,,,,,,,,,,49.2568192,-122.8931522,"1399 Foster Avenue, Coquitlam, British Columbia, Canada","Foster Avenue, Cariboo, Coquitlam, Metro Vancouver Regional District, British Columbia, V3J 0A0, Canada","(49.2568192, -122.8931522, 0.0)",49.2568192,-122.8931522
258,The Mayfair,0,9C3GE,Fraser Health,33433 Marshall Road,Abbotsford,V2S1K8,(604) 855-7217,2015,Resident & Family Council (combined),Not Accredited,30,61,91,80,2,0,1,1,2,0,8,0,0,1,5,2,2.2,0,8.8,0,0,1.1,5.5,2.2,84,0.682,0.585,0.074,838,0.452,0.343,0.323,0.665,0.129,2.3,0.597,0.56,0.056,0.052,0,0.597,0.197,0.135,3,3,0,1,1,0,0,1,0,0,0,0,0,0,no,yes,yes,no,non-profit,5,the mayfair,,,,,,,,,,,,,,,49.03936815,-122.2976834,"33433 Marshall Road, Abbotsford, British Columbia, Canada","The Mayfair senior living + care, 33433, Marshall Road, Mill Lake, Abbotsford, British Columbia, V2S 1K8, Canada","(49.03936815, -122.29768336109245, 0.0)",49.03936815,-122.2976834
259,The Pines,0,9C373,Northern Health,800 Centre St.,Burns Lake,V0J1E0,(250) 692-2490,1992,"Resident Council, Family Council",Accredited,0,36,36,26,5,0,,,1,0,1,0,0,0,0,0,2.8,0,2.8,0,0,0,0,0,87,0.712,0.644,0.023,34,0.081,0.199,0.353,0.625,0.125,3,0.449,0.53,0,0.059,0.228,0.412,0.36,0.078,1,3,0,0,0,0,0,0,0,1,0,2,0,0,no,yes,yes,yes,health_authority,28,the pines,,,,,,,,,,,,,,,54.2365817,-125.7600106,"800 Centre St., Burns Lake, British Columbia, Canada","Centre Street, Burns Lake, Regional District of Bulkley-Nechako, British Columbia, V0J 1E0, Canada","(54.2365817, -125.7600106, 0.0)",54.2365817,-125.7600106
260,The Priory - Heritage Woods,0,921JD,Vancouver Island Health,567 Goldstream Ave.,Langford,V9B2W4,(250) 370-5626,1999,Resident & Family Council (combined),Accredited,0,75,75,75,0,0,1,0,,,,,,,,,,,,,,,,,85,0.78,0.547,0.024,925,0.495,0.13,0.317,0.833,0.061,2.8,0.519,0.55,0,0.843,0.157,0.686,0.384,0.011,1,1,0,1,0,0,0,0,0,0,0,0,0,0,no,yes,yes,yes,health_authority,21,the priory - heritage woods,,,,,,,,,,,,,,,48.44513565,-123.48828,"567 Goldstream Ave., Langford, British Columbia, Canada","The Priory, 567, Goldstream Avenue, Colwood, Capital Regional District, British Columbia, V9B 3A4, Canada","(48.44513565, -123.48827996082501, 0.0)",48.44513565,-123.48828
261,The Priory - Hiscock,0,9A604,Vancouver Island Health,567 Goldstream Ave.,Langford,V9B2W4,(250) 370-5626,1979,Resident & Family Council (combined),Accredited,0,75,75,7,6,14,1,0,,,,,,,,,,,,,,,,,83,0.768,0.525,0.061,428,0.24,0.452,0.423,0.587,0.09,3.1,0.404,0.61,0,0.734,0.734,0.417,0.149,0.014,1,0,0,0,0,0,0,0,0,0,0,0,0,0,no,yes,yes,yes,health_authority,41,the priory - hiscock,,,,,,,,,,,,,,,48.44513565,-123.48828,"567 Goldstream Ave., Langford, British Columbia, Canada","The Priory, 567, Goldstream Avenue, Colwood, Capital Regional District, British Columbia, V9B 3A4, Canada","(48.44513565, -123.48827996082501, 0.0)",48.44513565,-123.48828
264,The Views - St. Joseph's General Hospital,0,9A6DD,Vancouver Island Health,2137 Comox Avenue,Comox,V9M1P2,(250) 331-8650,1982,"Resident Council, Family Council",Accredited,0,145,145,23,21,13,2,0,,,,,,,,,,,,,,,,,85,0.751,0.59,0.042,624,0.24,0.262,0.183,0.717,0.061,3.4,0.337,0.61,0.068,0.279,0.086,0.603,0.269,0.123,1,2,0,0,1,0,0,0,0,0,0,1,0,0,no,yes,yes,yes,non-profit,38,the views - st. joseph's general hospital,,,,,,,,,,,,,,,49.67354215,-124.9422816,"2137 Comox Avenue, Comox, British Columbia, Canada","The Views at St. Joseph's, 2137, Comox Avenue, Lazo, Comox, Comox Valley Regional District, British Columbia, V9M 3Z0, Canada","(49.67354215, -124.9422815862309, 0.0)",49.67354215,-124.9422816
267,Totem Lodge - Sechelt Hospital,0,9A563,Vancouver Coastal Health,5544 Sunshine Coast Highway,Sechelt,V0N3A0,(604) 885-8602,1988,"Resident Council, Family Council",Accredited,0,49,49,3,3,10,0,0,0,0,1,0,0,0,0,0,0,0,2,0,0,0,0,0,85,0.678,0.576,0.073,683,0.226,0.339,0.31,0.601,0.06,2,0.673,0.59,0.048,0,0,0.494,0.16,0.148,1,5,0,1,0,0,2,0,0,0,0,2,0,0,no,yes,yes,yes,health_authority,32,totem lodge - sechelt hospital,,,,,,,,,,,,,,,49.50828093,-123.8980318,"5544 Sunshine Coast Highway, Sechelt, British Columbia, Canada","5544, Sunshine Coast Highway, Sechelt, Sunshine Coast Regional District, British Columbia, V0N 1Y1, Canada","(49.508280926640886, -123.89803176719371, 0.0)",49.50828093,-123.8980318
269,Trinity Care Centre,0,9AGF1,Interior Health,75 Green Ave West,Penticton,V2A7N6,(250) 493-6601,1983,"Resident Council, Family Council",Accredited,0,75,75,75,0,0,0,0,2,0,2,0,0,1,0,0,2.7,0,2.7,0,0,1.3,0,0,83,0.645,0.499,0.061,741,0.119,0.481,0.195,0.549,0.024,2.8,0.433,0.56,0.123,0,0.003,0.379,0.271,0.063,1,3,0,0,1,0,1,0,0,0,0,1,0,0,no,yes,yes,yes,health_authority,37,trinity care centre,1670,long term care,Nursing and residential care facilities,Canadian Institute for Health Information,,,,V2A7N6,penticton,bc,,Penticton,,59,49.4631452,-119.5894601,"75 Green Ave West, Penticton, British Columbia, Canada","Green Avenue West, Penticton, Regional District of Okanagan-Similkameen, British Columbia, V2A 6G3, Canada","(49.4631452, -119.5894601, 0.0)",49.4631452,-119.5894601
270,Tsawaayuus - Rainbow Gardens,0,9C2FI,Vancouver Island Health,6151 Russell Place,Port Alberni,V9Y7W3,(250) 724-5655,1982,Resident Council,Unknown,0,30,30,31,0,0,0,0,,,,,,,,,,,,,,,,,80,0.536,0.42,0.123,802,0.188,0.266,0.156,0.422,0.039,2.9,0.305,0.53,0,0,0,0.492,0.221,0,1,2,0,0,1,0,0,0,0,0,0,1,0,0,no,yes,no,unknown,non-profit,38,tsawaayuus - rainbow gardens,,,,,,,,,,,,,,,49.2690022,-124.8462038,"6151 Russell Place, Port Alberni, British Columbia, Canada","Russell Place, Alberni, Port Alberni, Alberni-Clayoquot Regional District, British Columbia, V9Y 6Z5, Canada","(49.2690022, -124.8462038, 0.0)",49.2690022,-124.8462038
272,Veterans Memorial Lodge,0,916HD,Vancouver Island Health,4579 Chatterton Way,Saanich,V8X4Y7,(250) 658-0311,1995,Family Council,Accredited,0,225,225,201,12,0,1,0,,,,,,,,,,,,,,,,,89,0.393,0.733,0.022,706,0.196,0.267,0.383,0.718,0.078,2.7,0.477,0.59,0.028,0.001,0.014,0.358,0.173,0.022,1,2,0,0,2,0,0,0,0,0,0,0,0,0,no,no,yes,yes,non-profit,25,veterans memorial lodge,1725,long term care,Nursing and residential care facilities,Canadian Institute for Health Information,,,,V8X4Y7,victoria,bc,,Victoria,,59,48.4968,-123.3785,"4579 Chatterton Way, Saanich, British Columbia, Canada","4579, Chatterton Way, Broadmead, Saanich, Capital Regional District, British Columbia, V8X 3T3, Canada","(48.4968, -123.3785, 0.0)",48.4968,-123.3785
277,Village at Mill Creek,0,9911G,Interior Health,1450 Sutherland Avenue,Kelowna,V1Y5Y5,(250) 860-2216,1979,"Resident Council, Family Council",Unknown,14,82,96,96,0,0,0,0,0,0,4,0,0,3,3,2,0,0,4.2,0,0,3.1,3.1,2.1,86,0.629,0.661,0.042,1153,0.252,0.285,0.235,0.834,0.155,2.5,0.551,0.53,0.03,0.416,0.141,0.371,0.22,0,0,0,0,0,0,0,0,0,0,0,0,0,0,0,no,yes,yes,unknown,non-profit,41,village at mill creek,,,,,,,,,,,,,,,49.8803526,-119.4681306,"1450 Sutherland Avenue, Kelowna, British Columbia, Canada","1450, Sutherland Avenue, North Kelowna, Kelowna, Regional District of Central Okanagan, British Columbia, V1Y 2S3, Canada","(49.8803526, -119.4681306, 0.0)",49.8803526,-119.4681306
278,Village at Smith Creek,0,9C1H6,Interior Health,2425 Orlin Road,West Kelowna,V4T3C7,(250) 768-0488,1992,Resident & Family Council (combined),Unknown,1,138,139,130,8,0,0,0,4,2,21,2,0,8,11,0,2.9,1.4,15.1,1.4,0,5.8,7.9,0,86,0.628,0.619,0.035,937,0.317,0.302,0.292,0.698,0.06,2.8,0.408,0.56,0.038,0.29,0,0.581,0.248,0.03,0,0,0,0,0,0,0,0,0,0,0,0,0,0,no,yes,yes,unknown,non-profit,28,village at smith creek,,,,,,,,,,,,,,,49.8433445,-119.6279642,"2425 Orlin Road, West Kelowna, British Columbia, Canada","Orlin Road, Westbank, West Kelowna, Regional District of Central Okanagan, British Columbia, V4T 3E1, Canada","(49.8433445, -119.6279642, 0.0)",49.8433445,-119.6279642
279,Village by the Station,0,92CBA,Interior Health,270 Hastings Avenue,Penticton,V2A2V6,(250) 490-4949,2003,"Resident Council, Family Council",Accredited,0,100,100,133,4,0,1,0,2,4,14,0,1,0,3,1,2,4,14,0,1,0,3,1,84,0.707,0.502,0.029,646,0.182,0.197,0.265,0.722,0.083,2.6,0.535,0.55,0.149,0.106,0.008,0.343,0.356,0.082,1,0,0,0,0,0,0,0,0,0,0,0,0,0,no,yes,yes,yes,non-profit,17,village by the station,,,,,,,,,,,,,,,49.4851093,-119.5957646,"270 Hastings Avenue, Penticton, British Columbia, Canada","Hastings Avenue, Penticton, Regional District of Okanagan-Similkameen, British Columbia, V2A 6A2, Canada","(49.4851093, -119.5957646, 0.0)",49.4851093,-119.5957646
282,West Vancouver Care Centre,0,9B9IG,Vancouver Coastal Health,1675 27th Street,West Vancouver,V7V4K9,(604) 925-1247,1987,"Resident Council, Family Council",Unknown,3,75,78,23,16,7,0,0,0,0,7,0,0,1,0,0,0,0,9,0,0,1.3,0,0,87,0.754,0.704,0.018,987,0.261,0.307,0.218,0.604,0.025,2.6,0.525,0.58,0.346,0.039,0.032,0.529,0.277,0.032,1,2,0,2,0,0,0,0,0,0,0,0,0,0,no,yes,yes,unknown,for-profit,33,west vancouver care centre,1770,long term care,Nursing and residential care facilities,Canadian Institute for Health Information,,,,V7V4K9,west vancouver,bc,,West Vancouver,,59,49.3404055,-123.1887782,"1675 27th Street, West Vancouver, British Columbia, Canada","27th Street, Dundarave, West Vancouver, Metro Vancouver Regional District, British Columbia, V7V 1L1, Canada","(49.3404055, -123.1887782, 0.0)",49.3404055,-123.1887782
283,Westhaven,0,9A642,Vancouver Island Health,3949 Pt. Alberni Hwy,Port Alberni,V9Y4S1,(250) 724-8875,2001,,Accredited,0,32,32,32,0,0,0,0,,,,,,,,,,,,,,,,,80,0.648,0.408,0.072,794,0.183,0.266,0.303,0.44,0.028,3,0.45,0.55,0.248,0.202,0.009,0.523,0.147,0,1,0,0,0,0,0,0,0,0,0,0,0,0,0,no,no,no,yes,health_authority,19,westhaven,1771,long term care,Nursing and residential care facilities,Canadian Institute for Health Information,,,,V9Y4S1,port alberni,bc,,Port Alberni,,59,49.2665244,-124.7749064,"3949 Pt. Alberni Hwy, Port Alberni, British Columbia, Canada","Alberni Highway, Alberni, Port Alberni, Alberni-Clayoquot Regional District, British Columbia, V9Y 8K1, Canada","(49.2665244, -124.7749064, 0.0)",49.2665244,-124.7749064
284,Westview Extended Care - Pentiction Regional Hospital,0,9A6F7,Interior Health,550 Carmi Ave,Penticton,V2A8P9,(250) 492-9039/(250) 492-9026 ,1980,"Resident Council, Family Council",Accredited,0,102,102,10,10,18,0,0,1,0,5,0,1,0,1,0,1,0,4.9,0,1,0,1,0,86,0.588,0.682,0.044,739,0.158,0.313,0.155,0.623,0.042,3.2,0.368,0.58,0.113,0.032,0.103,0.326,0.383,0.066,1,4,0,1,0,0,1,1,0,0,0,1,0,0,no,yes,yes,yes,health_authority,40,westview extended care - pentiction regional hospital,,,,,,,,,,,,,,,49.4826229,-119.5763397,"550 Carmi Ave, Penticton, British Columbia, Canada","Carmi Avenue, Penticton, Regional District of Okanagan-Similkameen, British Columbia, V2A 3J1, Canada","(49.4826229, -119.5763397, 0.0)",49.4826229,-119.5763397
287,William Rudd House,0,91828,Fraser Health,95 Blackberry Drive,New Westminster,V3L5S7,(604) 517-8640,1995,Resident Council,Unknown,0,12,12,12,0,0,0,0,0,0,0,0,0,0,0,0,0,0,0,0,0,0,0,0,46,0.485,0,0.939,,0.082,0.347,0,0,0,4.5,0.122,0.69,0.102,0.673,0.102,0.592,0.016,0.195,1,3,0,1,0,0,0,0,0,0,0,2,0,0,no,yes,no,unknown,health_authority,25,william rudd house,1790,long term care,Nursing and residential care facilities,Canadian Institute for Health Information,,,,V3L5E8,new westminster,bc,,New Westminster,,59,49.21725645,-122.9010581,"95 Blackberry Drive, New Westminster, British Columbia, Canada","William Rudd House, 95, Blackberry Drive, Victory Heights, Queens Park, New Westminster, Metro Vancouver Regional District, British Columbia, V3L 5P5, Canada","(49.21725645, -122.90105809581377, 0.0)",49.21725645,-122.9010581
289,Willingdon Care Centre,0,9B79H,Fraser Health,4435 Grange St,Burnaby,V5H1P4,(604) 433-2455,1964,Resident Council,Unknown,0,95,95,10,23,10,0,0,1,0,12,0,0,0,0,0,1.1,0,12.6,0,0,0,0,0,89,0.77,0.723,0.02,907,0.194,0.278,0.089,0.612,0.01,2.9,0.449,0.56,0.037,0.26,0.024,0.281,0.099,0.024,1,4,0,1,0,1,0,0,1,0,0,1,0,0,no,yes,no,unknown,for-profit,56,willingdon care centre,1794,long term care,Nursing and residential care facilities,Canadian Institute for Health Information,,,,V5H1P4,burnaby,bc,,Burnaby,,59,49.23233265,-123.0048488,"4435 Grange St, Burnaby, British Columbia, Canada","Willingdon Care Centre, 4435, Grange Street, Metrotown, Burnaby, Metro Vancouver Regional District, British Columbia, V5H 3B0, Canada","(49.232332650000004, -123.00484883141232, 0.0)",49.23233265,-123.0048488