,Location,Facility Name,Facility Address,Operator Name,Operator Type,DSL-3,DSL-4,DSL-4-Dementia,LTC-Auxilary Hospital,LTC-Nursing Home
1,Bassano,Bassano Health Centre,"608 5 Avenue BASSANO, Alberta T0J 0B0",Alberta Health Services,Alberta Health Services,False,False,False,True,False
2,Blairmore,Crowsnest Pass Health Centre,"2001 107 Street BLAIRMORE, Alberta T0K 0E0",Alberta Health Services,Alberta Health Services,False,False,False,True,True
3,Blairmore,York Creek Lodge,"1810 112 Street BLAIRMORE, Alberta T0K 0E0",Crowsnest Pass Senior Housing,Voluntary,True,False,False,False,False
4,Bow Island,Bow Island Health Centre,"938 Centre Street,   PO Bag 3990 BOW ISLAND, Alberta T0K 0G0",Alberta Health Services,Alberta Health Services,False,False,False,True,False
5,Bow Island,Pleasant View Lodge,"1039 1 Street East Bag 6700 BOW ISLAND, Alberta T0K 0G0",Forty Mile Foundation,Voluntary,True,False,False,False,False
6,Brooks,Brooks Health Centre,"440 Third Street East (Bag 300, T1R 1B3) BROOKS, Alberta T1R 0X8",Alberta Health Services,Alberta Health Services,False,False,False,False,True
7,Brooks,Orchard Manor,"951 Cassils Road West BROOKS, Alberta T1R 1K9",Age Care Health Services Inc. [Age Care Investments Ltd.],Private,True,False,False,False,False
9,Bassano Brooks,Bassano Health Centre Sunrise Gardens,"608 5 Avenue BA1S2S35A N3 OS,t rAelebte Wrtae sTt0 J BROOK0SB,0 Alberta T1R 0P7",Age Care Health ASlbeervrticae Hs eInaclt.h [ SunSriseerv Gicaersdens General Partnership],Alberta Health SPerrivviactees,False,True,True,True,False
10,Cardston,Cardston Health Centre,"144 2 Street West PO Box 1440 CARDSTON, Alberta T0K 0K0",Alberta Health Services,Alberta Health Services,False,False,False,True,False
11,Cardston,Chinook Lodge,"451 3 Street W Box 2730 CARDSTON, Alberta T0K 0K0",Chinook Foundation,Voluntary,True,False,False,False,False
12,Cardston,The Good Samaritan Society Lee Crest,"989 1 Street East CARDSTON, Alberta T0K 0K0",The Good Samaritan Society (A Lutheran Social Service Organization),Voluntary,False,True,True,False,False
13,Coaldale,Coaldale Health Centre,"2100 11 Street COALDALE, Alberta T1M 1L2",Alberta Health Services,Alberta Health Services,False,False,False,True,False
14,Coaldale,Sunny South Lodge,"1122 20 Avenue COALDALE, Alberta T1M 1L4",Green Acres Foundation,Voluntary,True,True,True,False,False
15,Fort MacLeod,Extendicare Fort MacLeod,"654 29 Street Box 189 FORT MACLEOD, Alberta T0L 0Z0",Extendicare (Canada) Inc.,Private,False,False,False,False,True
17,FoBrt aMssaacnLoeod,MBacsLseaondo PHieoanlethe rC Leondtrgee,"6606 208 S5 tAreveetn FuOe RT BAMSASCALNEOO, DA,l bAelbrtear tTa0  J T00LB 00Z 0",AWlbiellortwa HCereaeltkh  FSouenrvdiacetiosn,Alberta Health Voluntary Services,True,False,False,True,False
18,Lethbridge,Columbia House Lethbridge [Columbia Assisted Living],"785 Columbia Boulevard  West LETHBRIDGE, Alberta T1K 4T8",Age Care Health Services Inc. [Age Care Investments Ltd.],Voluntary,True,False,False,False,False
19,Lethbridge,Edith Cavell Care Centre,"1255 5 Avenue South LETHBRIDGE, Alberta T1J 0V6",Chantelle Management Ltd.,Private,False,False,False,False,True
20,Lethbridge,Extendicare Fairmont Park,"115 Fairmont Boulevard South LETHBRIDGE, Alberta T1K 5V2",Extendicare (Canada) Inc.,Private,False,True,True,False,False
21,Lethbridge,Golden Acres Lodge,"1615 13 Street North LETHBRIDGE, Alberta T1H 2V2",Green Acres Foundation,Voluntary,True,False,False,False,False
22,Lethbridge,Good Samaritan Society Park Meadows Village,"1511 – 15 Avenue N. LETHBRIDGE, Alberta T1H 1W2",The Good Samaritan Society (A Lutheran Social Service Organization),Voluntary,False,True,True,False,False
23,Lethbridge,Good Samaritan Society West Highland Centre,"2641 Garry Drive West LETHBRIDGE, Alberta T1J 5A3",The Good Samaritan Society (A Lutheran Social Service Organization),Voluntary,False,True,True,False,False
25,Lethbridge Bassano,Legacy Lodge Bassano Health Centre,"335 Lettice Perry Road 608 5 Avenue North LETHBRIDGE, BASSANO, Alberta T0J Alberta T1H 5V7 0B0",Choices In CoAmlbmerutan iHtye Lailvthin g SeIrnvcic.es,AlbePrrtaiv aHtealth Services,False,True,True,True,False
26,Lethbridge,St. Michael's Health Centre,"1400 9 Avenue South LETHBRIDGE, Alberta T1J 4V5",Covenant Health,Voluntary,False,True,True,True,False
27,Lethbridge,St. Therese Villa,"253 Southgate Boulevard LETHBRIDGE, Alberta T1K 2S1",Covenant Health,Voluntary,False,True,True,False,False
28,Magrath,Good Samaritan Society Garden Vista,"37 East and 2nd Avenue North MAGRATH, Alberta T0K 1J0",The Good Samaritan Society (A Lutheran Social Service Organization),Voluntary,False,True,True,False,False
29,Medicine Hat,Masterpiece River Ridge (DSL),"4 River Ridge Drive NW MEDICINE HAT, Alberta T1A 8V1",Club Sierra Lifestyles At River Ridge Inc.,Private,False,True,True,False,False
30,Medicine Hat,Club Sierra at River Ridge (LTC),"4 River Ridge Drive NW MEDICINE HAT, Alberta T1A 8V1",Club Sierra Lifestyles At River Ridge Inc.,Private,False,False,False,False,True
31,Medicine Hat,Cypress View Foundation [Cypress View],"722 Bassett Crescent  NW MEDICINE HAT, Alberta T1A 7W8",Cypress View Foundation,Voluntary,True,False,False,False,False
32,Medicine Hat,Good Samaritan South Ridge Village (DSL),"550 Spruce Way SE MEDICINE HAT, Alberta T1B 4P1",The Good Samaritan Society (A Lutheran Social Service Organization),Voluntary,False,True,True,False,False
33,Medicine Hat,Good Samaritan South Ridge Village (LTC),"550 Spruce Way SE MEDICINE HAT, Alberta T1B 4P1",The Good Samaritan Society (A Lutheran Social Service Organization),Voluntary,False,False,False,False,True
35,MeBdaicsisnaen Hoat,Leisure Way [Leisure Way Community Group BHaosmsaen aon Hde Caolthn sCueltnintgre Services Inc.],"PO Box 1267 (11404 R6a0n8g e5  RAovaedn u5e2 ) MBEADSSICAINNEO ,H AAlbTe, rAtalb Te0rtJa T10AB 70M 9",Leisure Way Community GArolbuepr tHao Hmeea lAthn d CSoenrsvuiclteinsg Services Inc.,AlbePrrtaiv aHteealth Services,False,True,True,True,False
36,Medicine Hat,Meadow Ridge Seniors Village,"259 Park Meadows Drive MEDICINE HAT, Alberta T1B 4E3",Meadow Ridge Seniors Village Partnership,Private,False,True,True,False,False
37,Medicine Hat,Riverview Care Centre,"603 Prospect Drive SW MEDICINE HAT, Alberta T1A 4C2",Revera Long Term Care Inc.,Private,False,False,False,False,True
38,Medicine Hat,St. Joseph's Home,"156 3 Street NE MEDICINE HAT, Alberta T1A 5M1",Covenant Health,Voluntary,False,True,False,False,False
39,Medicine Hat,Sunnyside Care Centre [Haven of Rest of Medicine Hat] (DSL),"1720 Bell Street SW MEDICINE HAT, Alberta T1A 5G1",Sunnyside Nursing Home Society,Voluntary,False,True,False,False,False
40,Medicine Hat,Sunnyside Care Centre [South Country Village Campus]               (LTC),"1720 Bell Street SW MEDICINE HAT, Alberta T1A 5G1",Sunnyside Nursing Home Society,Voluntary,False,False,False,False,True
41,Medicine Hat,The Meadow Lands Retirement Residence,"223 Park Meadows Drive SE MEDICINE HAT, Alberta T1B 4K7",HCN-Revera Lessee (Meadowlands) GP Inc.,Private,False,True,False,False,False
42,Medicine Hat,Wellington Retirement Residence (The),"1595 Southview Drive SE MEDICINE HAT, Alberta T1B 0A1",Wellington Retirement Residence Partnership,Private,False,True,False,False,False
43,Medicine Hat,The Valleyview Supportive Living (DSL),"65 Valleyview Drive SW MEDICINE HAT, Alberta T1A 7K5",Age Care Investments Ltd.,Private,False,True,False,False,False
44,Medicine Hat,The Valleyview (LTC),"65 Valleyview Drive SW MEDICINE HAT, Alberta T1A 7K5",Age Care Investments Ltd.,Private,False,False,False,False,True
46,MBialks sRaivneor,MBialks sRaivneor  HHeeaaltlhth C Ceenntrtree,"517 C6e0n8t r5e  AAvveennuuee  East BMASILSKA RNIOV,E ARl,b Aerlbtae rTta0 J T00KB 10M0",AAllbbeerrttaa  HHeeaalltthh SSeerrvviicceess,AAllbbeerrttaa  HHeeaalltthh SSeerrvviicceess,False,False,False,True,False
47,Milk River,Prairie Rose Lodge,"117 3 Avenue NW PO Box 489 MILK RIVER, Alberta T0K 1M0",Ridge Country Housing,Voluntary,True,False,False,False,False
48,Oyen,Big Country Hospital,312 3 Avenue East OYEN Alberta T0J2J0,Alberta Health  Services,Alberta Health Services,False,False,False,True,False
49,Picture Butte,Piyami Lodge,"301 Rogers Avenue PICTURE BUTTE, Alberta T0K 1V0",Green Acres Foundation,Voluntary,True,True,False,False,False
50,Picture Butte,Piyami Place,"301 Cowan Avenue PICTURE BUTTE, Alberta T0K 1V0",Green Acres Foundation,Voluntary,False,True,True,False,False
51,Pincher Creek,Good Samaritan Society Vista Village,"1240 Ken Thornton Blvd. PINCHER CREEK, Alberta T0K 1W0",The Good Samaritan Society (A Lutheran Social S  e  r vice Organization),Voluntary,True,True,True,False,False
52,Pincher Creek,Pincher Creek Health Centre,"1222 Mill Ave PINCHER CREEK, Alberta T0K 1W0",Alberta Health Services,Alberta Health Services,False,False,False,True,False
53,Raymond,Raymond Health Centre,"150 N 4 Street East RAYMOND, Alberta T0K 2S0",Alberta Health Services,Alberta Health Services,False,False,False,True,False
55,Bassano Raymond,BTahsesa Gno oHde Saalthm aCreitnatnre Society - Prairie Ridge,"608 5 Avenue 328 Broadway South BASSANO, Alberta T0J RAYMOND, Alberta 0B0 T0K 2S0",The Good Samaritan Alberta Health Society (A Services Lutheran Social Service Organization),Alberta Health VSoelruvnictaersy,False,True,True,True,False
56,Taber,Clearview Lodge,"4730 50 Avenue TABER, Alberta T1G 1N6",Taber & District Housing Foundation,Voluntary,True,False,False,False,False
57,Taber,Good Samaritan Society Linden View,"4700 64 Avenue TABER, Alberta T1G 0C6",The Good Samaritan Society (A Lutheran Social Service Organization),Voluntary,False,True,True,False,False
58,Taber,Taber Health Centre,"4326 50 Avenue TABER, Alberta T1G 1N9",Alberta Health Services,Alberta Health Services,False,False,False,True,False
60,BAaisrdsarineo,BassBaenthoa Hney aAltihrd Criee ntre,"173660 81  5A vAevneuneu eN W BAAIRSDSARNIEO, ,A Alblbeertrata T T40BJ 20CB04",ABlebtehratan yH Ceaalrteh SSeorcviiecetys,AlbVeorltuan Htaeraylth Services,False,False,False,True,True
61,Banff,Mineral Springs Hospital,"305 Lynx Street PO Box 1050 BANFF, Alberta T1L 1H7",Covenant Health,Voluntary,False,False,False,True,False
62,Black Diamond,Oilfields General Hospital,"717 Government Road BLACK DIAMOND, Alberta T0L 0H0",Alberta Health Services,Alberta Health Services,False,False,False,True,False
63,Calgary,Bethany Calgary,"916 18A Street NW CALGARY, Alberta T2N 1C6",Bethany Care Society,Voluntary,False,False,False,True,False
64,Calgary,Bethany Harvest Hills,"19 Harvest Gold Manor NE CALGARY, Alberta T3K 4Y1",Bethany Care Society,Voluntary,False,False,False,False,True
65,Calgary,Beverly Centre Glenmore,"1729 90 Avenue SW CALGARY, Alberta T2V 4S1",Age Care Investments Ltd [AgeCare Ltd.],Private,False,False,False,False,True
66,Calgary,Beverly Centre Lake Midnapore,"500 Midpark Way SE CALGARY, Alberta T2X 3S3",Age Care Investments Ltd [AgeCare Ltd.],Private,False,False,False,False,True
67,Calgary,Bow Crest Care Centre,"5927 Bowness Road, NW CALGARY, Alberta T3B 0C7",Revera Long Term Care Inc.,Private,False,False,False,False,True
69,BCaaslsganryo,BasBsoawno V Hieewa lMtha Cnoerntre,"4628 Montgomery 608 5 Avenue Boulevard NW BASSANO, Alberta T0J CALGARY, Alberta T3B 0B0 0K7",The Brenda Alberta Health Strafford Services Foundation,Alberta Health Voluntary Services,False,False,False,True,True
70,Calgary,Carewest Colonel Belcher (DSL),"1939 Veterans Way NW CALGARY, Alberta T3B 5Y8",Carewest,Alberta Health Services,False,True,False,False,False
71,Calgary,Carewest Colonel Belcher (LTC),"1939 Veterans Way NW CALGARY, Alberta T3B 5Y8",Carewest,Alberta Health Services,True,False,False,False,False
72,Calgary,Carewest Dr. Vernon Fanning Centre,"th 722 16Avenue NE CALGARY, Alberta T2E 6V7",Carewest,Alberta Health Services,False,False,False,True,False
73,Calgary,Carewest Garrison Green,"3108 Don Ethell Boulevard SW CALGARY, Alberta T3E 6Z5",Carewest,Alberta Health Services,False,False,False,False,True
74,Calgary,Carewest George Boyack,"1203 Centre Avenue NE CALGARY, Alberta T2E 0A5",Carewest,Alberta Health Services,False,False,False,False,True
75,Calgary,Carewest Nickle House,"950 Robert Road NE CALGARY, Alberta T2E 7T4",Carewest,Alberta Health Services,False,True,False,False,False
76,Calgary,Carewest Rouleau Manor,"2208 2 Street SW CALGARY, Alberta T2S 3C3",Carewest,Alberta Health Services,False,False,False,False,True
77,Calgary,Carewest Royal Park,"4222 Sarcee Road SW CALGARY, Alberta T3E 7J8",Carewest,Alberta Health Services,False,False,False,False,True
79,BCaaslsganryo,BasCsarneow Heseta Sltha rCc eentre,"35046 S08a r5c eAev Renouaed  SW CBASLGSANROY,,  Allberrtta  T30EJ 04BT40",Alberta Health Carewest Services,Alberta Health Services,False,False,False,True,True
80,Calgary,Carewest Signal Pointe,"6363 Simcoe Road SW CALGARY, Alberta T3H 4M3",Carewest,Alberta Health Services,False,False,False,False,True
81,Calgary,Clifton Manor,"4726 8 Avenue SE CALGARY, Alberta T2A 0A8",The Brenda Strafford Foundation,Private,False,False,False,False,True
82,Calgary,Eau Claire Retirement Residence,"301 7 Street SW CALGARY, Alberta T2P 1Y6",Chartwell Seniors Housing REIT,Private,False,True,True,False,False
83,Calgary,Edgemont Retirement Residence,"80 Edenwold Drive NW CALGARY, Alberta T3A 5R9",Revera Long Term Care Inc.,Private,False,True,False,False,False
84,Calgary,Evanston Grand Village,"40 Evanston Way NW CALGARY, Alberta T3P 1C5",Golden Life Management Corp.,Private,False,True,True,False,False
85,Calgary,Extendicare Cedars Villa,"3330 8 Avenue SW CALGARY, Alberta T3C 0E7",Extendicare (Canada) Inc.,Private,False,False,False,False,True
86,Calgary,Extendicare Hillcrest,"1512 8 Avenue NW CALGARY, Alberta T2N 1C1",Extendicare (Canada) Inc.,Private,False,False,False,False,True
88,BCaaslsganryo,Father Lacombe Care Bassano Health Centre Centre,"270 Providence 608 5 Avenue Boulevard SE BASSANO, Alberta T0J CALGARY, Alberta T2X 0B0 0V6",ThAelb Fearttah eHre Aallbthe rt LacSomerbveic eHsome,Alberta Health Voluntary Services,False,False,False,True,True
89,Calgary,Glamorgan Care Centre,"105 Galbraith Drive SW CALGARY, Alberta T3E 4Z5",Travois Holdings Ltd.,Private,False,False,False,False,True
90,Calgary,Holy Cross Manor [Covenant Care Holy Cross Manor],"70 Evanspark Manor NW CALGARY, Alberta T3P 0N4",Covenant Care,Voluntary,False,True,True,False,False
91,Calgary,Kingsland Terrace,"835 68 Avenue SW CALGARY, Alberta T2V 0N5",Intercare Corporate Group Inc.,Private,False,True,False,False,False
92,Calgary,Intercare Brentwood Care Centre,"2727 16 Avenue NW CALGARY, Alberta T2N 3Y6",Intercare Corporate Group Inc.,Private,False,False,False,False,True
93,Calgary,Intercare Chinook Care Centre,"1261 Glenmore Trail SW CALGARY, Alberta T2V 4Y8",Intercare Corporate Group Inc.,Private,False,False,False,False,True
94,Calgary,Intercare Southwood Care Centre,"211 Heritage Drive, SE CALGARY, Alberta T2H 1M9",Intercare Corporate Group Inc.,Private,False,False,False,False,True
95,Calgary,Mayfair Care Centre,"8240 Collicut Street SW CALGARY, Alberta T2V 2X1",Travois Holdings Ltd.,Private,False,False,False,False,True
97,BCaaslsganryo,McKenzie Towne Care Bassano Health Centre Centre,"80 Pr6o0m8e 5n aAdve nWuea y SE CBASLGSANROY,,  Allberrtta  T20ZJ 40GB04",ARlbeevretara H Leoanlgth TerSme Crvaicres Inc.,Alberta Health Private Services,False,False,False,True,True
98,Calgary,McKenzie Towne Retirement Residence,"20 Promenade Park SE CALGARY, Alberta T2Z 4A5",HCN-Revera Lessee (McKenzie Towne) GP Inc.,Private,False,True,True,False,False
99,Calgary,Millrise Place (DSL),"14911 5 Street SW CALGARY, Alberta T2Y 5B9",Millrise Seniors Village LP,Private,False,True,True,False,False
100,Calgary,Millrise Place (LTC),"14911 5 Street SW CALGARY, Alberta T2Y 5B9",Millrise Seniors Village LP,Private,False,False,False,False,True
101,Calgary,Monterey Place,"4288 Catalina Boulevard NE CALGARY, Alberta T1Y 7J5",Monterey Seniors Village LP,Private,False,True,True,False,False
102,Calgary,Mount Royal Care Centre,"1813 9 Street SW CALGARY, Alberta T2T 3C2",Revera Long Term Care Inc.,Private,False,False,False,False,True
103,Calgary,Newport Harbour Care Centre,"10 Country Village Cove NE CALGARY, Alberta T3K 6B4",Park Place Seniors Living Inc.,Private,False,False,False,False,True
104,Calgary,Prince Of Peace Harbour,"243205 Garden Road NE CALGARY, Alberta T1X 1M9",Sage Properties  Corp.,Private,False,False,True,False,False
106,Calgary Bassano,Prince Of Peace Manor Bassano Health Centre,"285030 Luther Rose Boul6e0v8a r5d  ACvAeLnGueA RY, BASASlbAeNrtOa ,T A1lXb e1rMta9 T0J",Sage Properties AlbeCrtao rHp.ealth Services,AlbePrrtaiv aHteealth Services,False,True,False,False,False
107,Calgary,Providence Care Centre (DSL),"149 Providence Boulevard SE CALGARY, Alberta, T2X 0X2",The Father Albert Lacombe Home,Voluntary,False,True,True,False,False
108,Calgary,Providence Care Centre (LTC),"149 Providence Boulevard SE CALGARY, Alberta, T2X 0X2",The Father Albert Lacombe Home,Voluntary,False,False,False,False,True
109,Calgary,Rocky Ridge Retirement Community,"10715 Rocky Ridge Boulevard NW CALGARY, Alberta T3G 4G1",Signature Living Corporation,Private,False,False,True,False,False
110,Calgary,Scenic Acres Retirement Residence,"150 Scotia Landing NW CALGARY, Alberta T3L 2K1",Revera Long Term Care Inc.,Private,False,True,True,False,False
111,Calgary,Seton Seniors Community (DSL),"4963 Front Street SE CALGARY, Alberta, T3M 2M3",Age Care Health Services Inc.,Private,False,True,True,False,False
112,Calgary,Seton Seniors Community (LTC),"4963 Front Street SE CALGARY, Alberta, T3M 2M3",Age Care Health Services Inc.,Private,False,False,False,False,True
113,Calgary,St. Marguerite Manor,"110 Evanspark Manor NW CALGARY, Alberta T3P 0N4",Covenant Care,Voluntary,False,True,True,False,False
114,Calgary,Walden Heights Seniors Community (DSL),"250 Walden Drive SE CALGARY, Alberta T2X 0V1",Age Care Health Services Inc.,Private,False,True,True,False,False
115,Calgary,Walden Heights Seniors Community (LTC),"250 Walden Drive SE CALGARY, Alberta T2X 0V1",Age Care Health Services Inc.,Private,False,False,False,False,True
117,Bassano Calgary,Wentworth Manor – The BasRseasniod eHnecael t(hD CSeLn) tre,"608 5 Avenue BASSANO, Alberta T0J 5717 14 0ABv0e nue SW CALGARY, Alberta T3H 3M2",Alberta Health Services The Brenda Strafford Foundation,Alberta Health Services Voluntary,False,True,True,True,False
118,Bassano Calgary,Wentworth Manor – The Court (LTC),"608 5 Avenue BASSANO, Alberta T0J 5717 14 0ABv0e nue SW CALGARY, Alberta T3H 3M2",Alberta Health Services The Brenda Strafford Foundation,Alberta Health Services Voluntary,False,False,False,False,True
119,Calgary,Whitehorn Village [Whitehorn Village Retirement Community],"5200 44 Avenue NE CALGARY, Alberta T1Y 7L4",Origin Active Lifestyles Communities,Private,False,True,True,False,False
120,Calgary,Wing Kei Care Centre,"1212 Centre Street NE CALGARY, Alberta T2E 2R4",Chinese Christian Wing Kei Nursing Home Association,Voluntary,False,False,False,False,True
121,Calgary,Wing Kei Greenview,"307 35 Avenue NE CALGARY, Alberta T2E 2K6",Chinese Christian Wing Kei Nursing Home Association,Voluntary,False,True,True,False,False
122,Canmore,Canmore General Hospital [Golden Eagle View LTC],"1100 Hospital Place CANMORE, Alberta T1W 1N2",Alberta Health Services,Alberta Health Services,False,False,False,True,False
123,Claresholm,Willow Creek Continuing Care Centre,"4221 8 Street West CLARESHOLM, Alberta T0L 0T0",Alberta Health Services,Alberta Health Services,False,False,False,True,True
124,Cochrane,Bethany Cochrane,"302 Quigley Drive COCHRANE, Alberta T4C 1X9",Bethany Care Society,Voluntary,False,False,False,False,True
126,DBaidsssbaunroy,BaAssspaenno  RHidegaelth L Codegnetre,"1610080  52 0A Avevennuue e BADSIDSSABNUOR, YA,l bAelrbtear Tta0 J T0M0B 00W0",MAlobuenrttaa iHn eVaieltwh SenSioerr vHicoeussing,AlbVeorltuan Htaeraylth Services,False,True,True,True,False
127,Didsbury,Bethany Didsbury,"1201 15 Avenue DIDSBURY, Alberta T0M 0W0",Bethany Care Society,Voluntary,False,True,True,False,False
128,Didsbury,Didsbury District Health Services,"1210 20 Avenue DIDSBURY, Alberta T0M 0W0",Alberta Health Services,Alberta Health Services,False,False,False,True,False
129,High River,High River General Hospital,"560 9 Avenue SW HIGH RIVER, Alberta T1V 1B3",Alberta Health Services,Alberta Health Services,False,False,False,True,False
130,High River,Sunrise Village – High River,"660 7 Street NW HIGH RIVER, Alberta T1V 1S7",Seasons Retirement Communities (High River) GP Inc.,Private,False,True,True,False,False
131,Nanton,Silver Willow Lodge,"2007 22 Avenue NANTON, Alberta T0L 1R0",Mosquito Creek Foundation,Private,True,True,True,False,False
132,Okotoks,Revera Heartland [The Heartland Retirement Residence],"47 Riverside Gate OKOTOKS, Alberta T1S 0J2",Revera Long Term Care Inc.,Private,False,True,False,False,False
133,Okotoks,Strafford Foundation Tudor Manor [Tudor Manor],"200 Sandstone Drive OKOTOKS, Alberta T1S 1R1",The Brenda Strafford Foundation,Voluntary,False,True,True,False,False
135,Bassano Strathmore,Sagewood Seniors BasCsoamnmo uHneiatylt h(D CSeLn)tre,"608 5 Avenue BASSANO, Alberta T0J 140 Cambridge Glen 0B0 Drive STRATHMORE, Alberta T1P 1N3",Alberta Health Services AgeCare Ltd.,Alberta Health Services Private,False,True,True,False,True
136,Bassano Strathmore,Sagewood Seniors Community (LTC),"608 5 Avenue BASSANO, Alberta T0J 140 Cambridge Glen 0B0 Drive STRATHMORE, Alberta T1P 1N3",Alberta Health Services AgeCare Ltd.,Alberta Health Services Private,False,False,False,False,True
137,Vulcan,Extendicare Vulcan,"715 2 Avenue South VULCAN, Alberta T0L 2B0",Extendicare (Canada) Inc.,Private,False,False,False,False,True
138,Vulcan,Vulcan Community Health Centre,"610 Elizabeth Street S VULCAN, Alberta T0L 2B0",Alberta Health Services,Alberta Health Services,False,False,False,True,False
140,Bashaw Bassano,Bashaw Meadows Bassano Health Centre,"5502 56 Avenue PO 608 5 Avenue BAG 2000 BASHAW, BASSANO, Alberta T0J Alberta T0B 0H0 0B0",The Bethany Alberta Health Group Services,AlbVeorltuan Htaeraylth Services,False,True,True,True,False
141,Bentley,Bentley Care Centre,"4834 52 Avenue BENTLEY, Alberta T0C 0J0",Alberta Health Services,Alberta Health Services,False,False,False,True,False
142,Breton,Breton Health Centre,"4919 49 Avenue BRETON, Alberta T0C 0P0",Alberta Health Services,Alberta Health Services,False,False,False,True,False
143,Camrose,Bethany Meadows (DSL),"4209 55 Street CAMROSE, Alberta T4V 1Y6",The Bethany Group,Voluntary,False,True,False,False,False
144,Camrose,Bethany Meadows (LTC),"4209 55 Street CAMROSE, Alberta T4V 1Y6",The Bethany Group,Voluntary,True,False,False,False,False
145,Camrose,Faith House,"4832 54 Street CAMROSE, Alberta T4V 2A4",The Bethany Group,Voluntary,True,False,False,False,False
146,Camrose,Louise Jensen Care Centre,"5400 46 Avenue CAMROSE, Alberta T4V 4P8",The Bethany Group,Voluntary,False,False,False,True,False
147,Camrose,Memory Lane [Rosehaven Care Centre],"4612 53 Street CAMROSE, Alberta T4V 1Y6",The Bethany Group,Voluntary,False,False,True,False,False
149,CBamssraonsoe,RBoasseshaanvoe Hn eCaaltrhe  Ceennttrree,"4660182 5 5 A3 vSetnreuet CBAMSSRAONSOE,,  Allberrtta  T04JV 01BY06",ATlbher tBae Htheaanltyh SGerrvoiucpes,Alberta Health VSoelruvnictaersy,False,False,False,True,False
150,Camrose,Sunrise Village Camrose,"6821 50 Avenue CAMROSE, Alberta T4V 5G5",Seasons Retirement Communities (Camrose) GP Inc.,Private,False,True,True,False,False
151,Camrose,Viewpoint,"4503 48 Street CAMROSE, Alberta T4V 4Z7",The Bethany Group,Voluntary,True,False,False,False,False
152,Castor,Our Lady Of The Rosary Hospital,"5402 47 Street CASTOR, Alberta T0C 0X0",Covenant Health,Voluntary,False,False,False,True,False
153,Consort,Consort Hospital And Care Centre,"5402 52 Avenue CONSORT, Alberta T0C 1B0",Alberta Health Services,Alberta Health Services,False,False,False,True,False
154,Coronation,Coronation Hospital And Care Centre,"5000 Municipal Road CORONATION, Alberta T0C 1C0",Alberta Health Services,Alberta Health Services,True,False,False,True,False
155,Daysland,Providence Place,"6120 51 Avenue DAYSLAND, Alberta T0B 1A0",Daysland & District Aging in Place Foundation,Private,True,False,False,False,False
156,Drayton Valley,Drayton Valley Hospital And Care Centre,"4550 Madsen Avenue DRAYTON VALLEY, Alberta T7A 1N8",Alberta Health Services,Alberta Health Services,False,False,False,True,True
157,Drayton Valley,Serenity House,"4548 Madsen Avenue DRAYTON VALLEY, Alberta T7A 1T2",Alberta Health Services,Alberta Health Services,True,False,False,False,False
159,DraByatosns aVnaolley,Sunrise Village Drayton BVaasllseayn [oS uHneraislteh  VCilelangtree (Drayton) Holdings Ltd.],"3690082 5 4 A7 vSetnreuet BDASRSAAYNTON, A VlbAeLrLtaE TY0, J Alberta0 BT07 A 0A2",Seasons Retirement Alberta Health Communities Services (Drayton Valley) GP Inc.,Alberta Health Private Services,True,False,False,True,False
160,Drumheller,Drumheller Health Centre,"351 9 Street NW DRUMHELLER, Alberta T0J 0Y1",Alberta Health Services,Alberta Health Services,False,False,False,True,False
161,Drumheller,Hillview Lodge,"696 6 Avenue East DRUMHELLER, Alberta T0J 0Y5",Drumheller & District Seniors Foundation,Voluntary,True,False,False,False,False
162,Eckville,Eckville Manor House,"5111 51 Avenue ECKVILLE, Alberta T0M 0X0",Operator: Lacombe Foundation Management Body: The Bethany Group,Voluntary,True,False,False,False,False
163,Galahad,Galahad Care Centre,"1 Main St GALAHAD, Alberta T0B 1R0",Alberta Health Services,Alberta Health Services,False,False,False,False,True
164,Hanna,Hanna Health Centre,"904 Centre Street N, Box 830 HANNA, Alberta T0J 1P0",Alberta Health Services,Alberta Health Services,False,False,False,False,True
165,Hardisty,Hardisty Health Centre,"4531 47 Avenue, Box 269 HARDISTY, Alberta T0B1V0",Alberta Health Services,Alberta Health Services,False,False,False,True,False
166,Innisfail,Innisfail Health Centre,"5023 42 Street INNISFAIL, Alberta T4G 1A9",Alberta Health Services,Alberta Health Services,False,False,False,True,False
167,Innisfail,Sunset Manor - Legacy West,"3312 52 Avenue INNISFAIL, Alberta T4G 0C3",Chantelle Management Ltd.,Private,True,True,True,False,False
169,Islay Bassano,Islay Assisted Living Bassano Health Centre,"50166 0583  5S tAreveetn IuSeL AY, BASASlAbeNrOta,  TA0lbBe2rJta0 T0J",Alberta Health AlbSeertrav iHceesalth Services,Alberta Health AlbSeertrav iHceesalth Services,True,False,False,False,False
170,Killam,Killam Health Care Centre,"5203 49 Avenue, Box 40 KILLAM, Alberta T0B 2L0",Covenant Health,Voluntary,False,False,False,True,False
171,Lacombe,Lacombe Hospital And Care Centre,"5430 47 Avenue LACOMBE, Alberta T4L 1G8",Alberta Health Services,Alberta Health Services,False,False,False,True,False
172,Lacombe,Royal Oak Manor,"4501 College Avenue LACOMBE, Alberta T4L2M8",Royal Oak Dev. Lacombe Ltd.,Private,True,True,True,False,False
173,Lamont,Lamont Health Care Centre,"5216 53 Street Bag 10 LAMONT, Alberta T0B 2R0",The United Church Of Canada,Voluntary,False,False,False,True,True
174,Linden,Westview Care Community,"700 Nursing Home Road LINDEN, Alberta T0M 1J0",Church Of God In Christ Mennonite,Voluntary,False,False,False,False,True
175,Lloydminster,Dr. Cooke Extended Care Centre,"3915 56 Avenue LLOYDMINSTER, Alberta T9V 1N9",Prairie North Regional Health Authority,RHA,False,False,False,True,False
176,Lloydminster,Lloydminster Continuing Care Centre,"7402 – 29th Street, LLOYDMINSTER, Alberta, T9V 3N1",Prairie North Regional Health Authority,RHA,False,False,False,True,False
177,Lloydminister,Points West Living Lloydminster,"4025 56 Avenue LLOYDMINSTER, Alberta T9V 1N9",Connecting Care,Private,False,True,False,False,False
178,Mannville,Mannville Care Centre,"5007 46 Street MANNVILLE, Alberta T0B 2W0",Alberta Health Services,Alberta Health Services,False,False,False,True,False
180,Mundare Bassano,Mary Immaculate BassanoH oHsepaitlathl Centre,"Polomark Drive and 53 S6t0re8e 5t  BAovex n3u4e9 MBUASNSDANROE,,  Allberrtta  T0JB 30HB0",CAolvbeenrtaan Ht Heaelathlt h Services,AlbVeorltuan Htaeraylth Services,False,False,False,False,False
181,Myrnam,Eagle View Lodge [Eagle View Lodge And Villa],"4802 49 Avenue MYRNAM, Alberta T0B 3K0",Eagle Hill Foundation,Private,True,False,False,False,False
182,Olds,Olds Hospital And Care Centre,"3901 57 Avenue OLDS, Alberta T4H 1T4",Alberta Health Services,Alberta Health Services,False,False,False,True,False
183,Olds,Sunrise Encore Olds,"3300 57 Avenue OLDS, Alberta T4H1C4",Seasons Retirement Communities (Encore Olds) GP Inc.,Private,False,True,True,False,False
184,Olds,Sunrise Village Olds,"5600 Sunrise Crescent OLDS, Alberta T4H 1W4",Seasons Retirement Communities (Olds) GP Inc.,Private,True,False,False,False,False
185,Ponoka,Northcott Care Centre (Ponoka),"4209 48 Avenue PONOKA, Alberta T5J 1P4",Northcott Lodge Nursing Home Ltd.,Private,False,False,False,False,True
186,Ponoka,Ponoka Hospital And Care Centre,"5800 57 Avenue PONOKA, Alberta T4J 1P1",Alberta Health Services,Alberta Health Services,False,False,False,True,False
187,Ponoka,Sunrise Village Ponoka,"4004 40 Street Close PONOKA, Alberta T4J 0A3",Seasons Retirement Communities (Ponoka) GP Inc.,Private,True,False,False,False,False
188,Provost,Provost Health Centre,"5002 54 Avenue Box 270 PROVOST, Alberta T0B 3S0",Alberta Health Services,Alberta Health Services,False,False,False,True,False
190,Red Deer Bassano,Bethany Collegeside Bassa(nRoe Hd eDaeltehr )Centre,"99 C6o0ll8e g5e A Cviercnluee R ED DBEAESRS,A ANlbOe, rAtalb Te4rtRa 0TM0J3 0B0",Bethany Care Alberta Health Society Services,AlbVeorltuan Htaeraylth Services,False,False,False,True,True
191,Red Deer,Extendicare Michener Hill (DSL),"12 Michener Boulevard RED DEER, Alberta T4P 0M1",Extendicare (Canada) Inc.,Private,False,True,False,False,False
192,Red Deer,Extendicare Michener Hill (LTC),"12 Michener Boulevard RED DEER, Alberta T4P 0M1",Extendicare (Canada) Inc.,Private,False,False,False,False,True
193,Red Deer,Pines Lodge [Pines Lodge And Supportive Living],"52 Piper Drive RED DEER, Alberta T4P 1H8",Piper Creek Foundation,Voluntary,True,False,False,False,False
194,Red Deer,Villa Marie,"10 Carrington Drive RED DEER, Alberta T4P 0S3",Covenant Care,Voluntary,False,True,True,False,False
195,Red Deer,West Park Lodge,"5715 41 Street Crescent RED DEER, Alberta T4N 1B3",Choices in Community living Inc.,Private,False,True,True,False,False
196,Rimbey,Rimbey Hospital And Care Centre,"5228 50 Avenue RIMBEY, Alberta T0C 2J0",Alberta Health Services,Alberta Health Services,False,False,False,True,False
197,Rocky Mountain House,Clearwater Centre (Rocky Mountain House) (DSL),"5615 60 St, Rocky Mountain House, Alberta T4T1W2",The Good Samaritan Society (A Lutheran Social Service Organization),Voluntary,True,True,True,False,False
198,Rocky Mountain House,Clearwater Centre (Rocky Mountain House) (LTC),"5615 60 St, Rocky Mountain House, Alberta T4T1W2",The Good Samaritan Society (A Lutheran Social Service Organization),Voluntary,False,False,False,False,True
199,Stettler,Stettler Hospital And Care Centre,"5912 47 Avenue STETTLER, Alberta T0C 2L0",Alberta Health Services,Alberta Health Services,False,False,False,True,False
201,Stettler Bassano,Points West Living StettlerBassano Health Centre,"4501 70 Street STE60T8T L5E ARv,e Anlube rta BASSANT0OC,  A2lLb3erta T0J",Connecting CareAlberta Health Services,PrivateAlberta Health Services,False,True,True,False,False
202,Sundre,Sundre Hospital And Care Centre,"709 1 Street NE SUNDRE, Alberta T0M 1X0",Alberta Health Services,Alberta Health Services,False,False,False,True,False
203,Sylvan Lake,Bethany Sylvan Lake (DSL),"4700 47 Avenue SYLVAN LAKE, Alberta T4S 2M3",Bethany Care Society,Voluntary,False,True,False,False,False
204,Sylvan Lake,Bethany Sylvan Lake (LTC),"4700 47 Avenue SYLVAN LAKE, Alberta T4S 2M3",Bethany Care Society,Voluntary,False,False,False,False,True
205,Three Hills,Chateau Three Hills,"920 Main Street THREE HILLS, Alberta T0M 2A0",Continuum Health Care (Alberta) Ltd.,Private,True,False,False,False,False
206,Three Hills,Three Hills Health Centre,"1504 2 Street North THREE HILLS, Alberta T0M 2A0",Alberta Health Services,Alberta Health Services,False,False,False,True,False
207,Tofield,Tofield Health Centre,"5543 44 Street Box 1200 TOFIELD, Alberta T0B 4J0",Alberta Health Services,Alberta Health Services,False,False,False,True,True
208,Trochu,St. Mary's Health Care Centre,"451 Dechauney Avenue TROCHU, Alberta T0M 2C0",Covenant Health,Voluntary,False,False,False,True,False
209,Two Hills,Two Hills Health Centre,"4401 53 Avenue TWO HILLS, Alberta T0B 4K0",Alberta Health Services,Alberta Health Services,False,False,False,True,True
210,Vegreville,Heritage House,"4570 60 Street VEGREVILLE, Alberta T9C 1X2",Points West Living Heritage House Inc.,Private,False,True,False,False,False
211,Vegreville,Points West Living Century Park,"4613 50 Street VEGREVILLE, Alberta T9C 1L7",Connecting Care,Private,False,True,True,False,False
213,Vegreville Bassano,Vegreville Care Centre Bassano Health Centre,"4525 50 Street VEG6R0E8V 5I LALvEe,n Auleb erta BASSATN9OA,  A0Alb1erta T0J",Alberta Health AlbSeertrav iHcesalth Services,Alberta Health AlbSeertrav iHcesalth Services,False,False,False,False,False
214,Vegreville,Vegreville Manor,"5913 49 Street VEGREVILLE, Alberta T9C 1X4",St. Michael's Health Group,Private,True,False,False,False,False
215,Vermilion,Vermilion Health Centre,"5720 50 Avenue VERMILION, Alberta T9X 1K7",Alberta Health Services,Alberta Health Services,False,False,False,False,True
216,Vermilion,Vermilion Valley Lodge,"4610 53 Avenue VERMILION, Alberta T9X 1G6",Vermilion And District Housing Foundation,Private,True,False,False,False,False
217,Viking,Extendicare Viking,"5020 57 Avenue Box 430 VIKING, Alberta T0B 4N0",Extendicare (Canada) Inc.,Private,False,False,False,False,True
218,Wainwright,Points West Living Wainwright,"2710 11 Avenue WAINWRIGHT, Alberta T9W 0B1",Connecting Care,Private,False,True,True,False,False
219,Wainwright,Wainwright Health Centre,"530 6 Avenue WAINWRIGHT, Alberta T9W 1R6",Alberta Health Services,Alberta Health Services,False,False,False,True,False
220,Wetaskiwin,Good Samaritan Good Shepherd Lutheran Home,"4702 Northmount Drive WETASKIWIN, Alberta T9A 3T3",The Good Samaritan Society (A Lutheran Social Service Organization),Voluntary,True,True,True,False,False
221,Wetaskiwin,Sunrise Village Wetaskiwin,"5430 37A Avenue WETASKIWIN, Alberta T9A 3A8",Continuum Health Care (Alberta) Ltd.,Private,True,False,False,False,False
223,Wetaskiwin Bassano,Wetaskiwin Hospital and BassaCnaor eH eCaelnthtr Ce entre,"6910 47 Street WET6A0S8K 5I WAvINe,n Auelb erta BASSATN9OA,  A3Nlb3erta T0J 0B0",Alberta Health AlbSeertrav iHceesalth Services,Alberta Health AlbSeertrav iHceesalth Services,False,False,False,False,True
224,Wetaskiwin,Wetaskiwin Meadows,"4501 60 Street WETASKIWIN, Alberta T9A 1X7",The Bethany Group,Voluntary,True,False,False,False,False
226,Bassano Alexander Reserve,BKaipsosahntaok aHwemaltikh  EClednetrrse Lodge,"SE of Section 3 TW6N0S8H 5P A 5v7e,n Ruaen ge th BAS2S7A, NWOe,s At lobfe 4rta,  T0J Alexander0 RBe0s erve, PO Box 2570 Alberta T8R1S3",Alberta Health Alexander First Services Nation,Alberta Health VSoelruvnictaersy,False,True,False,True,False
227,Beaumont,Covenant Care Chateau Vitaline,"5018 52 Avenue BEAUMONT, Alberta T4X 1P3",Convenant Care,Voluntary,False,True,True,False,False
228,Devon,Devon General Hospital,"101 Erie Street South DEVON, Alberta T9G 1A6",Alberta Health Services,Alberta Health Services,False,False,False,True,False
229,Edmonton,Allen Gray Continuing Care Centre,"5005 28 Avenue EDMONTON, Alberta T6L 7G1",The Gray House Guild,Voluntary,False,False,False,True,False
230,Edmonton,Balwin Villa – Excel Society [Balwin Villa],"6920 128 Avenue NW EDMONTON, Alberta T5C 1S7",Excel Resources Society,Voluntary,False,True,True,False,False
231,Edmonton,CapitalCare Dickinsfield,"14225 94 Street NW EDMONTON, Alberta T5E 6C6",Capital Care Group Inc.,Alberta Health Services,False,False,False,True,True
232,Edmonton,CapitalCare Dickinsfield Duplexes [CapitalCare Adult Duplexes; Two Locations],"9943/47 178 Avenue NW & 9935/39 178 Avenue NW EDMONTON, Alberta T5X5X2",Capital Care Group Inc.,Alberta Health Services,True,False,False,False,False
233,Edmonton,CapitalCare Grandview,"6215 124 Street EDMONTON, Alberta T6H 3V1",Capital Care Group Inc.,Alberta Health Services,False,False,False,True,False
234,Edmonton,CapitalCare Laurier House Lynnwood [Laurier House Lynnwood],"16815 88 Avenue EDMONTON, Alberta T5R 5Y7",Capital Care Group Inc.,Alberta Health Services,False,True,False,False,False
236,Edmonton Bassano,CapitalCare Lynnwood Bassano Health Centre,"8740 165 Street EDM6O08N 5T OANve, nAulbee rta BASSATN5OR,  A2Rlb8erta T0J",Capital Care AlGberortuap H Ienac.lth Services,Alberta Health AlbSeertrav iHcesalth Services,False,False,False,False,True
237,Edmonton,CapitalCare McConnell Place North [Mcconnell Place North],"9113 144 Avenue EDMONTON, Alberta T5E 6K2",Capital Care Group Inc.,Alberta Health Services,False,False,True,False,False
238,Edmonton,CapitalCare Mcconnell Place West [McConnell Place West],"8720 165 Street EDMONTON, Alberta T5R 5Y8",Capital Care Group Inc.,Alberta Health Services,False,False,True,False,False
239,Edmonton,CapitalCare Norwood,"10410 111 Avenue EDMONTON, Alberta T5G 3A2",Capital Care Group Inc.,Alberta Health Services,False,False,False,True,False
240,Edmonton,Churchill Retirement Community (The),"10015 103 Avenue EDMONTON, Alberta T5J 0H1",HCN-Revera Lessee (The Churchill) GP Inc.,Private,False,True,True,False,False
241,Edmonton,Devonshire Care Centre,"1808 142 Street NW EDMONTON, Alberta T6R 3H2",Park Place Seniors Living Inc.,Private,False,False,False,False,True
242,Edmonton,Devonshire Manor,"1718 Rabbit Hill Road NW EDMONTON, Alberta T6R 3N6",Devonshire Manor Ltd.,Private,False,True,False,False,False
243,Edmonton,Edmonton Chinatown Care Centre (DSL),"9539 102A Avenue EDMONTON, Alberta T5H 0G2",Hong Lok,Voluntary,False,True,False,False,False
244,Edmonton Chinatown Care Centre (LTC),Services Ltd.,"9539 102A Avenue EDMONTON, Alberta T5H 0G2",Hong Lok,Voluntary,False,True,False,False,False
245,Edmonton,Edmonton General Continuing Care Centre,"11111 Jasper Avenue EDMONTON, Alberta T5K 0L4",Covenant Health,Voluntary,False,False,False,True,False
247,EBdamsosanntoon,Edmonton People in Bassano Health Centre Need Shelter Society,"1600380 35  9A6v eSntrueee t BEADSMSAONOTO, ANlb, eArltbae Trt0aJ T50HB 20H2",Edmonton People Alberta Health in Need Shelter Services Society,Alberta Health Voluntary Services,False,True,False,True,False
248,Edmonton,Emmanuel Home,"13425 57 Street EDMONTON, Alberta T5A 2G1",Christian Senior Citizens Homes Society of Northern Alberta,Voluntary,False,True,False,False,False
249,Edmonton,Extendicare Eaux Claires,"16503 95 Street EDMONTON, Alberta T5Z 0G7",Extendicare (Canada) Inc.,Private,False,False,False,False,True
250,Edmonton,Extendicare Holyrood [Extendicare Holyrood (South)],"8008 95 Avenue EDMONTON, Alberta T6C 2T1",Extendicare (Canada) Inc.,Private,False,False,False,False,True
251,Edmonton,Garneau Hall,"10923 82 Avenue EDMONTON, Alberta T6G 2N9",Unicare Homes Inc.,Private,False,True,True,False,False
252,Edmonton,Glastonbury Mews,"1585 Glastonbury Boulevard EDMONTON, Alberta T5T 6S8",Glastonbury Village Ltd.,Private,False,True,False,False,False
253,Edmonton,Good Samaritan Dr. Gerald Zetter Care Centre,"9649 71 Avenue NW EDMONTON, Alberta T6E 5J2",The Good Samaritan Society (A Lutheran Social Service Organization),Voluntary,False,False,False,True,False
254,Edmonton,Good Samaritan Society Millwoods Centre,"101 Youville Drive East EDMONTON, Alberta T6L 7A4",The Good Samaritan Society (A Lutheran Social Service Organization),Voluntary,False,False,False,False,True
256,Bassano Edmonton,GBoaosds aSnaom Haeriataltnh SCoecniterety Southgate Care Centre,"608 5 Avenue 4225 107 Street BASSANO, Alberta T0J EDMONTON, Alberta 0B0 T6J 2P1",The Good Samaritan Alberta Health Society (A Services Lutheran Social Service Organization),Alberta Health VSoelruvnictaersy,False,False,False,True,True
257,Edmonton,Good Samaritan Wedman House [Good Samaritan Society Wedman House (The)],"10525 19 Avenue NW EDMONTON, Alberta T6J 6X9",The Good Samaritan Society (A Lutheran Social Service Organization),Voluntary,False,True,False,False,False
258,Edmonton,Grand Manor,"10766 - 97 Street EDMONTON, Alberta T5H 4R2",Excel Resources Society,Voluntary,False,True,False,False,False
259,Edmonton,Hardisty Care Centre,"6420 101 Avenue EDMONTON, Alberta T6A 0H5",Hardisty Care Centre Ltd.,Private,False,False,False,False,True
260,Edmonton,Jasper Place Continuing Care Centre,"8903 168 Street EDMONTON, Alberta T5R 2V6",Revera Long Term Care Inc,Private,False,False,False,False,True
261,Edmonton,Jubilee Lodge Nursing Home,"10333 76 Street EDMONTON, Alberta T6A 3A8",Jubilee Lodge Nursing Home Ltd. [Qualicare Corporation],Private,False,False,False,False,True
262,Edmonton,Laurel Heights [Laurel Heights Retirement Residence],"3110 22 Avenue NW EDMONTON, Alberta T6T 0R2",Laurel Facility Partnership,Private,False,True,True,False,False
264,EBdamsosanntoon,Lewis Estates Retirement Bassano Health Centre Residence,"931600 281 51  ASvtreeneute N W BEADSMSAONOTO, ANlb, eArltbae Trt0aJ T50TB 40N 8",Lewis Estates SAelbneiortras HFaecailtihty SLeimrviitceeds Partnership,Alberta Health Private Services,False,False,True,True,False
265,Edmonton,Lifestyle Options Riverbend [Alberta Life Care Housing Foundation],"200 Falconer Court NW EDMONTON, Alberta T6R 2V9",Lifestyle Options Ltd.,Private,False,True,False,False,False
266,Edmonton,Lifestyle Options Terra Losa [Alberta Life Care Housing Foundation],"17203 99 Avenue EDMONTON, Alberta T5T 6S5",Lifestyle Options Ltd.,Private,False,True,True,False,False
267,Edmonton,Lifestyle Options Whitemud [Alberta Life Care Housing Foundation],"4069 106 Street EDMONTON, Alberta T6J 2S3",Lifestyle Options Ltd.,Private,False,True,True,False,False
268,Edmonton,Miller Crossing Care Centre,"14251 50 Street NW EDMONTON, Alberta T5A 5J4",Revera Long Term Care Inc.,Private,False,False,False,False,True
269,Edmonton,Millwoods Shepherd’s Care Centre,"6620 28 Avenue EDMONTON, Alberta T6K 2R1",Shepherd's Care Foundation,Voluntary,False,False,False,True,True
270,Edmonton,Our Parents' Home [Beit Horim Our Parents Home],"10112 119 Street EDMONTON, Alberta T5K 1Y9",Christenson Communities Ltd.,Private,False,True,True,False,False
271,Edmonton,Riverbend Retirement Residence,"103 Rabbit Hill Court NW EDMONTON, Alberta T6R 2V3",HCN-Revera Lessee (Riverbend) GP Inc.,Private,False,True,True,False,False
273,EBdamsosanntoon,BRaosseadnaole H Aeta Glthri eCsebnatcrhe,"44806 0M8c 5C Aravee nAuve nue BEADSMSAONOTO, ANlb, eArltbae Trt0aJ T50EB 0Y 5",AlbReortsae dHaelael th PSaretnrveicrsehsip,Alberta Health Private Services,False,True,True,True,False
274,Edmonton,Rosedale Estates,"10101 111 Street EDMONTON, Alberta T5K 2W4",Rosedale Partnership,Private,True,True,False,False,False
275,Edmonton,Rutherford Heights Retirement Residence,"949 Rutherford Road SW EDMONTON, Alberta T6W 0E5",All Seniors Care Living Centres Ltd.,Private,False,True,True,False,False
276,Edmonton,Saint Thomas Assisted Living Centre [Saint Thomas Health Centre - Covenant Care],"8411 91 Street NW EDMONTON, Alberta T6C 1E4",Covenant Care,Voluntary,False,True,True,False,False
277,Edmonton,Salvation Army Grace Manor,"12510 140 Avenue EDMONTON, Alberta T5X 6C4",The Governing Council Of The Salvation Army,Voluntary,False,True,False,False,False
278,Edmonton,Salvation Army Stepping Stone Supportive Residence [Stepping Stone Supportive Residence],"9304 103A Avenue NW EDMONTON, Alberta T5H 4R4",The Governing Council Of The Salvation Army,Voluntary,False,True,False,False,False
279,Edmonton,Ashbourne,"11148 84 Avenue EDMONTON, Alberta T6G 0V8",Garneau United Assisted Living Place,Voluntary,False,True,False,False,False
281,EBdamsosanntoon,Shepherd's Care Bassano Health Centre Greenfield,"3680280  51 1A4v eSntrueee t BEADSMSAONOTO, ANlb, eArltbae Trt0aJ T60JB 10M 5",SAhelbpehretar dH'se aClathr e FSouenrvdiacetiosn,Alberta Health Voluntary Services,False,False,True,True,False
282,Edmonton,Shepherd's Care Kensington Village (DSL),"12603 135 Avenue EDMONTON, Alberta T5L 5B2",Shepherd's Care Foundation,Voluntary,False,True,True,False,False
283,Edmonton,Kensington Village Continuing Care Centre (LTC),"12603 135 Avenue EDMONTON, Alberta T5L 5B2",Shepherd's Care Foundation,Voluntary,False,False,False,False,True
284,Edmonton,Shepherd's Care Vanguard,"10311 122 Avenue EDMONTON, Alberta T5G0K8",Shepherd's Care Foundation,Voluntary,True,True,True,False,False
285,Edmonton,Shepherd's Gardens,"6608 28 Avenue EDMONTON, Alberta T6K 2R1",Shepherd's Care Foundation,Voluntary,False,True,False,False,False
286,Edmonton,South Terrace Continuing Care Centre,"5905 112 Street EDMONTON, Alberta T6H 3J4",Revera Long Term Care Inc.,Private,False,False,False,False,True
287,Edmonton,Sprucewood Place Housing Community Partnership,"11418 97 Street EDMONTON, Alberta T5G 1X5",Sprucewood Place Housing Community Partnership,Voluntary,False,True,False,False,False
288,Edmonton,St. Joseph's Auxiliary Hospital,"10707 29 Avenue EDMONTON, Alberta T6J 6W1",Covenant Health,Voluntary,False,False,False,True,False
290,EBdamsosanntoon,St. Michael's Long Term Bassano Health Centre Care Centre,"7460048  153 A9 vAevneuneu e BEADSSMAONNOT,O ANlb Aerlbtae rTta0 J T50CB 30H 7",ASlbt.e Mrtaic hHaeeall'sth HeSaeltrhv iGcerosup,Alberta Health Voluntary Services,False,False,False,True,True
291,Edmonton,The Dianne And Irving Kipnes Centre For Veterans,"4470 McCrae Avenue EDMONTON, Alberta T5E 6M8",Capital Care Group Inc.,Alberta Health Services,False,False,False,True,False
292,Edmonton,Touchmark At Wedgewood,"18333 Lessard Road EDMONTON, Alberta T6M 2Y5",Touchmark at Wedgewood (Edmonton) Inc.,Private,False,False,False,False,True
293,Edmonton,Tuoi Hac - Golden Age Manor,"12607 148 Avenue EDMONTON, Alberta T5X 0C2",Edmonton Buddhist Research Institute,Voluntary,False,True,False,False,False
294,Edmonton,Venta Care Centre,"13525 102 Street EDMONTON, Alberta T5E 4K3",Venta Nursing Home Ltd.,Private,False,False,False,False,True
295,Edmonton,Villa Marguerite Seniors Community Partnership,"9810 165 Street EDMONTON, Alberta T5P 3S7",Villa Marguerite Seniors Community Partnership,Voluntary,False,True,True,False,False
296,Edmonton,Wild Rose Cottage,"9612 172 Street EDMONTON, Alberta T5T 6C7",Chartwell Master Care Corporation,Private,False,True,False,False,False
298,Bassano Evansburg,GBoaosds aSnaom Haeriataltnh SCoecniterety Pembina Village,"608 5 Avenue 5225 50 Street BASSANO, Alberta T0J Evansburg, Alberta 0B0 T0E0T0",The Good Samaritan Alberta Health Society (A Services Lutheran Social Service Organization),Alberta Health VSoelruvnictaersy,False,False,False,True,True
299,Fort Saskatchewan,Rivercrest Care Centre,"10104 101 Avenue FORT SASKATCHEWAN, Alberta T8L 2A5",Rivercrest Lodge Nursing Home Ltd. [Qualicare Corporation],Private,False,False,False,False,True
300,Leduc,Extendicare Leduc,"4309 50 Street Box 280 LEDUC, Alberta T9E 6K6",Extendicare (Canada) Inc.,Private,False,False,False,False,True
301,Leduc,Lifestyle Options Leduc [Alberta Life Care Housing Foundation],"108 West Haven Drive LEDUC, Alberta T9E 0R7",Lifestyle Options Ltd.,Private,False,True,True,False,False
302,Leduc,Salem Manor Nursing Home,"4419 46 Street LEDUC, Alberta T9E 6L2",Salem Manor Society,Voluntary,False,False,False,False,True
303,Morinville,Aspen House,"9706 100 Avenue MORINVILLE, Alberta T8R 1T2",Alberta Health Services,Alberta Health Services,False,True,True,False,False
304,Sherwood Park,CapitalCare Strathcona (DSL),"12 Brower Drive SHERWOOD PARK, Alberta T8H 1V3",Capital Care Group Inc.,Alberta Health Services,False,True,False,False,False
305,Sherwood Park,CapitalCare Strathcona (LTC),"12 Brower Drive SHERWOOD PARK, Alberta T8H 1V3",Capital Care Group Inc.,Alberta Health Services,False,False,False,False,True
307,Bassano Sherwood Park,Country Cottage Seniors BRaessaidneon cHee a[Cltha Crtewnetrlle Country Cottage Retirement Residence],"608 5 Avenue 75 Cranford Way BASSANO, Alberta T0J SHERWOOD PARK, 0B0 Alberta T8H 2B9",Alberta Health Chartwell Master Services Care Corporation,Alberta Health SPerriviactes,False,True,False,True,False
308,Sherwood Park,Sherwood Care,"2020 Brentwood Boulevard N SHERWOOD PARK, Alberta T8A 0X1",Sherwood Care [Adventists Health Systems Alberta],Voluntary,False,False,False,False,True
309,Sherwood Park,Summerwood Village Retirement Residence,"4255 Clover Bar Road SHERWOOD PARK, Alberta T8H 0C9",All Seniors Care Living Centres,Private,False,True,True,False,False
310,Spruce Grove,Copper Sky Lodge,"100 McLaughlin Drive SPRUCE GROVE, Alberta T7X 0N1",Choices In Community Living Inc.,Private,False,True,True,False,False
311,Spruce Grove,Good Samaritan Spruce Grove Centre,"415 King Street SPRUCE GROVE, Alberta T7X 3Y8",The Good Samaritan Society (A Lutheran Social Service Organization),Voluntary,False,True,False,False,False
312,St. Albert,Citadel Care Centre,"25 Erin Ridge Road ST. ALBERT, Alberta T8N 7K8",Citadel Care Corporation [Qualicare Corporation],Private,False,False,False,False,True
313,St. Albert,Citadel Mews West,"35 Erin Ridge Road ST. ALBERT, Alberta T8N 5S8",Citadel Mews West Ltd.,Private,False,True,False,False,False
315,St. Albert Bassano,Foyer Lacombe Bassano Health Centre,"1 St. Vital Avenue 608 5 Avenue ST. ALBERT, AB, T8N BASSANO, Alberta T0J 1K1 0B0",CAolbvernta nHt eCaaltrhe Services,AlbVeorltuan Htaeraylth Services,False,False,False,True,True
316,St. Albert,Rosedale St. Albert,"20 Hebert Road ST. ALBERT, Alberta T8N 3Y6",Rosedale Partnership,Private,False,True,False,False,False
317,St. Albert,St. Albert Retirement Residence,"125 Everitt Drive North ST. ALBERT, Alberta T8N 7R9",ASC (SA) Facility Limited Partnership,Private,False,False,True,False,False
318,St. Albert,Youville Auxiliary Hospital (Grey Nuns) Of St. Albert,"9 St. Vital Avenue ST. ALBERT, Alberta T8N 1K1",Covenant Health,Voluntary,False,False,False,True,False
319,Stony Plain,Good Samaritan Society George Hennig Place,"4808 57 Avenue STONY PLAIN, Alberta T7Z 2J9",The Good Samaritan Society (A Lutheran Social Service Organization),Voluntary,False,True,False,False,False
320,Stony Plain,Good Samaritan Society Stony Plain Care Centre (DSL),"4800 55 Avenue STONY PLAIN, Alberta T7Z 1P9",The Good Samaritan Society (A Lutheran Social Service Organization),Voluntary,False,False,True,False,False
321,Stony Plain,Good Samaritan Society Stony Plain Care Centre (LTC),"4800 55 Avenue STONY PLAIN, Alberta T7Z 1P9",The Good Samaritan Society (A Lutheran Social Service Organization),Voluntary,False,False,False,False,True
323,SBtoansys aPnlaoin,Westview Health Centre - Bassano Health Centre Stony Plain,"44056 0S8o 5u tAhpvaernku De rive BSATSOSNAYN POL,A AINlb,e Artlab eTr0taJ T70ZB 20M 7",Alberta Health Services,Alberta Health Services,False,False,False,True,False
324,Villeneuve,West Country Hearth,"26504 Sec Hwy 633 STURGEON COUNTY, Alberta T8T 1R9",West Sturgeon People Aging In Place Foundation,Voluntary,False,True,True,False,False
326,Athabasca Bassano,Athabasca Healthcare BassanoC Heenatrleth Centre,"3100 48 Avenue ATH6A0B8A 5S ACvAe,n Auleb erta BASSATN9OS,  1AMlb9erta T0J",Alberta Health AlbSeertrav iHceesalth Services,Alberta Health AlbSeertrav iHceesa lth Services,False,False,False,False,False
327,Athabasca,Extendicare Athabasca,"4517 53 Street ATHABASCA, Alberta T9S 1K4",Extendicare (Canada) Inc.,Private,False,False,False,False,True
328,Barrhead,Dr. W.R. Keir - Barrhead Continuing Care Centre,"5336 59 Avenue BARRHEAD, Alberta T7N 1L2",Alberta Health Services,Alberta Health Services,False,False,False,False,True
329,Barrhead,Shepherd's Care Barrhead,"5236 59 Avenue BARRHEAD, Alberta T7N 0A3",Shepherd's Care Foundation,Voluntary,False,True,False,False,False
330,Bonnyville,Bonnyville Healthcare Centre,"5001 Lakeshore Drive BONNYVILLE, Alberta T9N 2J7",Covenant Health,Voluntary,False,False,False,True,False
331,Bonnyville,Extendicare Bonnyville,"4602 47 Avenue BONNYVILLE, Alberta T9N 2E8",Extendicare (Canada) Inc.,Private,False,False,False,False,True
332,Cold Lake,Cold Lake Healthcare Centre,"314 25 Street COLD LAKE, Alberta T9M 1G6",Alberta Health  Services,Alberta Health Services,False,False,False,True,False
333,Cold Lake,Points West Living Cold Lake,"512 25 Street COLD LAKE, Alberta T9M 1G6",Points West L iving Cold Lake Inc.,Private,True,True,True,False,False
334,Crooked Creek,Ridgevalley Seniors Home [Ridgevalley Home],"SE Quarter of 22-71 26- W5, RR 1, Site 1, Box 9 CROOKED CREEK, Alberta         T0H 0Y0",Church of God in Christ Mennonite Rosedale Congregation,Private,True,False,False,False,False
336,Bassano Edson,Edson Healthcare Centre (DSL) [Edson Continuing Bassano CHaerael]th Centre,"608 5 Avenue BA3S8S2A5N - O6,t hA Albveerntau eT0J EDSO0NB, 0A lberta T7E 0C5",Alberta Health AlbSeertrav iHcesalth  Services,Alberta Health AlbSeertrav iHceesa lth Services,False,True,True,False,False
337,Edson Healthcare Centre (LTC) [Edson Continuing Care],Alberta Health Services,"608 5 Avenue BA3S8S2A5N - O6,t hA Albveerntau eT0J EDSO0NB, 0A lberta T7E 0C5",Alberta Health AlbSeertrav iHcesalth  Services,Alberta Health AlbSeertrav iHceesa lth Services,False,True,False,False,False
338,Edson,Parkland Lodge,"4619 9 Avenue EDSON, Alberta T7E 1R7",The Evergreens Foundation,Private,True,False,False,False,False
339,Elk Point,Elk Point Healthcare Centre,"5310 50 Avenue ELK POINT, Alberta T0A 1A0",Alberta Health Services,Alberta Health Services,False,False,False,True,False
340,Elk Point,Elk Point Heritage Lodge [Heritage Lodge],"5338 50 Avenue Box 780 ELK POINT, Alberta T0A 1A0",M.D. Of St. Paul Foundation,Voluntary,True,False,False,False,False
341,Fairview,Fairview Health Complex [Continuing Care Centre],"10628 110 Street FAIRVIEW, Alberta T0H 1L0",Alberta Health Services,Alberta Health Services,False,False,False,True,False
342,Fort McMurray,Northern Lights Regional Health Centre,"7 Hospital Street FORT MCMURRAY, Alberta T9H 1P2",Alberta Health Services,Alberta Health Services,False,False,False,True,False
343,Fort Vermilion,St. Theresa General Hospital,"4506 46 Avenue FORT VERMILION, Alberta T0H 1N0",Alberta Health Services,Alberta Health Services,False,False,False,True,False
344,Grande Cache,Whispering Pines Seniors Lodge [Whispering Pines Lodge],"10210 Shand Avenue GRANDE CACHE, Alberta T0E 0Y0",The Evergreens Foundation,Private,False,True,False,False,False
346,Bassano Grande Prairie,Grande Prairie Care BassaCneon tHree a(DlthS LC)e ntre,"608 5 Avenue BASSANO, Alberta T0J 9705 904B A0 venue GRANDE PRAIRIE, Alberta T8V 3A2",Alberta Health Services Chantelle Management Ltd.,Alberta Health Services Private,False,True,True,True,False
347,Bassano Grande Prairie,Grande Prairie Care Centre (LTC),"608 5 Avenue BASSANO, Alberta T0J 9705 904B A0 venue GRANDE PRAIRIE, Alberta T8V 3A2",Alberta Health Services Chantelle Management Ltd.,Alberta Health Services Private,False,False,False,False,True
348,Grande Prairie,Points West Living Grande Prairie (DSL),"11460 104 Avenue GRANDE PRAIRIE, Alberta T8V 3G9",Points West Living Grande Prairie Inc. [Connecting Care],Private,False,True,True,False,False
349,Grande Prairie,Points West Living Grande Prairie (LTC),"11460 104 Avenue GRANDE PRAIRIE, Alberta T8V 3G9",Points West Living Grande Prairie Inc. [Connecting Care],Private,False,False,False,False,True
350,Grande Prairie,Queen Elizabeth II Hospital [Mackenzie Place - One West],"10409 98 Street GRANDE PRAIRIE, Alberta T8V 2E8",Alberta Health Services,Alberta Health Services,False,True,False,False,False
351,Grande Prairie,The Gardens At Emerald Park,"10402 111 Street GRANDE PRAIRIE, Alberta T8V 8G4",Connecting Care,Private,True,False,False,False,False
352,Grimshaw,Grimshaw/Berwyn And District Community Health Centre,"5621 Wilcox Road GRIMSHAW, Alberta T0H 1W0",Alberta Health Services,Alberta Health Services,False,False,False,True,False
353,Grimshaw,Stone Brook,"4902 59 Street GRIMSHAW, Alberta T0H 1W0",Accredited Supportive Living Services Limited,Private,True,True,True,False,False
354,High Level,Northwest Health Centre,"11202 100 Avenue HIGH LEVEL, Alberta T0H 1Z0",Alberta Health Services,Alberta Health Services,False,False,False,True,False
356,HBigahs Psaraniorie,J.B. Wood Continuing Bassano Health Centre Care Centre,"46206 5083 A5 vAevneuneu He IGH BPARSASIRAINEO, A, Alblbeertrat aT T00GJ 01EB0",Alberta Health Services,Alberta Health Services,False,False,False,True,True
357,Hinton,Mountain View Centre [Good Samaritan Society Mountain View Centre],"1290 Switzer Drive HINTON, Alberta T7V 2E9",The Good Samaritan Society (A Lutheran Social Service Organization),Voluntary,False,True,True,False,False
358,Hythe,Hythe Continuing Care Centre,"10307 100 Street PO Box 100 HYTHE, Alberta T0H 2C0",Alberta Health Services,Alberta Health Services,False,False,False,False,True
359,Jasper,Alpine Summit Seniors Lodge,"509 Turret Street JASPER, Alberta T0E 1E0",The Evergreens Foundation,Voluntary,False,True,False,False,False
360,La Crete,Heimstaed Lodge [Heimstaed Seniors Lodge],"9806 105 Street LA CRETE, Alberta T0H 2H0",MacKenzie Housing Management Board,Private,True,True,True,False,False
361,La Crete,La Crete Continuing Care Centre,"10601 100 Avenue Box 295 LA CRETE, Alberta T0H 2H0",Alberta Health Services,Alberta Health Services,False,False,False,False,True
362,Lac La Biche,William J. Cadzow - Lac La Biche Healthcare Centre,"9110 93 Street LAC LA BICHE, Alberta T0A 2C0",Alberta Health Services,Alberta Health Services,False,False,False,True,False
363,Manning,Manning Community Health Centre,"600 2 Street NE MANNING, Alberta T0H 2M0",Alberta Health Services,Alberta Health Services,False,False,False,True,False
364,Mayerthorpe,Extendicare Mayerthorpe,"4706 54 Street MAYERTHORPE, Alberta T0E 1N0",Extendicare (Canada) Inc.,Private,False,False,False,False,True
366,Mayerthorpe Bassano,Mayerthorpe Healthcare BassanoC Heenatrleth Centre,"4417 45 Street MA60Y8E R5 TAHveOnRuPeE , BASASlbAeNrtOa ,T A0lEbe 1rNta0 T0J",Alberta Health AlbSeertrav iHceesa lth Services,Alberta Health AlbSeertrav iHceesa lth Services,False,False,False,False,False
367,Mayerthorpe,Pleasant View Lodge,"4606 54 Street MAYERTHORPE, Alberta T0E 1N0",Lac Ste. Anne Foundation,Private,True,False,False,False,False
368,McLennan,Manoir Du Lac (DSL),"164 3 Avenue NW MCLENNAN, Alberta T0H 2L0",Integrated Life Care Inc.,Private,True,True,True,False,False
369,McLennan,Manoir Du Lac (LTC),"164 3 Avenue NW MCLENNAN, Alberta T0H 2L0",Integrated Life Care Inc.,Private,False,False,False,False,True
370,Onoway,Chateau Lac St. Anne,"5123 49 Avenue ONOWAY, Alberta T0E 1V0",Lac Ste. Anne Foundation,Private,True,False,False,False,False
371,Peace River,Peace River Community Health Centre,"10101 68 Street PEACE RIVER, Alberta T8S 1T6",Alberta Health Services,Alberta Health Services,False,False,False,True,False
372,Peace River,Points West Living Peace River,"11011 99 Street PEACE RIVER, Alberta T8S 1B3",Connecting Care,Private,True,True,True,False,False
373,Radway,Radway Continuing Care Centre,"Hwy 28, Range Road 205 RADWAY, Alberta T0A 2V0",Alberta Health Services,Alberta Health Services,False,False,False,True,False
374,Redwater,Redwater Health Centre,"4812 58 Street REDWATER, Alberta T0A 2W0",Alberta Health Services,Alberta Health Services,False,False,False,True,False
